# C-score Q=0.05
nan,nan,nan,nan,nan,nan,nan,nan,nan,nan,nan,nan,nan,0.100000,1.100000,nan,nan,2.300000
nan,nan,nan,nan,nan,nan,nan,nan,nan,nan,nan,nan,nan,0.400000,1.500000,nan,nan,1.000000
nan,nan,nan,nan,nan,nan,nan,nan,nan,nan,nan,nan,nan,2.200000,0.400000,nan,nan,1.300000
nan,nan,nan,nan,nan,nan,nan,nan,nan,nan,nan,nan,nan,2.200000,1.000000,nan,nan,1.200000
nan,nan,nan,nan,nan,nan,nan,nan,nan,nan,nan,nan,nan,2.100000,2.000000,nan,nan,1.200000
nan,nan,nan,nan,nan,nan,nan,nan,nan,nan,nan,nan,nan,1.100000,1.000000,nan,nan,1.000000
nan,nan,nan,nan,nan,nan,nan,nan,nan,nan,nan,nan,nan,2.100000,2.100000,nan,nan,1.100000
nan,nan,nan,nan,nan,nan,nan,nan,nan,nan,nan,nan,nan,1.000000,0.000000,nan,nan,1.000000
nan,nan,nan,nan,nan,nan,nan,nan,nan,nan,nan,nan,nan,4.100000,2.400000,nan,nan,1.300000
nan,nan,nan,nan,nan,nan,nan,nan,nan,nan,nan,nan,nan,1.200000,0.100000,nan,nan,0.400000
nan,nan,nan,nan,nan,nan,nan,nan,nan,nan,nan,nan,nan,2.000000,4.400000,nan,nan,0.100000
nan,nan,nan,nan,nan,nan,nan,nan,nan,nan,nan,nan,nan,1.000000,0.400000,nan,nan,2.000000
nan,nan,nan,nan,nan,nan,nan,nan,nan,nan,nan,nan,nan,0.000000,2.100000,nan,nan,1.000000
nan,nan,nan,nan,nan,nan,nan,nan,nan,nan,nan,nan,nan,1.100000,1.000000,nan,nan,1.200000
nan,nan,nan,nan,nan,nan,nan,nan,nan,nan,nan,nan,nan,1.200000,0.200000,nan,nan,1.300000
nan,nan,nan,nan,nan,nan,nan,nan,nan,nan,nan,nan,nan,0.100000,0.100000,nan,nan,0.100000
nan,nan,nan,nan,nan,nan,nan,nan,nan,nan,nan,nan,nan,0.100000,0.000000,nan,nan,1.200000
nan,nan,nan,nan,nan,nan,nan,nan,nan,nan,nan,nan,nan,1.000000,0.400000,nan,nan,1.100000
nan,nan,nan,nan,nan,nan,nan,nan,nan,nan,nan,nan,nan,1.000000,0.200000,nan,nan,1.000000
nan,nan,nan,nan,nan,nan,nan,nan,nan,nan,nan,nan,nan,0.100000,2.300000,nan,nan,2.200000
nan,nan,nan,nan,nan,nan,nan,nan,nan,nan,nan,nan,nan,0.500000,2.700000,nan,nan,1.500000
nan,nan,nan,nan,nan,nan,nan,nan,nan,nan,nan,nan,nan,0.100000,0.200000,nan,nan,2.300000
nan,nan,nan,nan,nan,nan,nan,nan,nan,nan,nan,nan,nan,1.100000,0.300000,nan,nan,2.000000
nan,nan,nan,nan,nan,nan,nan,nan,nan,nan,nan,nan,nan,1.000000,3.500000,nan,nan,1.100000
nan,nan,nan,nan,nan,nan,nan,nan,nan,nan,nan,nan,nan,0.100000,0.400000,nan,nan,1.100000
nan,nan,nan,nan,nan,nan,nan,nan,nan,nan,nan,nan,nan,0.100000,2.100000,nan,nan,0.300000
nan,nan,nan,nan,nan,nan,nan,nan,nan,nan,nan,nan,nan,0.100000,0.000000,nan,nan,1.800000
nan,nan,nan,nan,nan,nan,nan,nan,nan,nan,nan,nan,nan,0.100000,1.000000,nan,nan,0.100000
nan,nan,nan,nan,nan,nan,nan,nan,nan,nan,nan,nan,nan,1.300000,0.100000,nan,nan,2.100000
nan,nan,nan,nan,nan,nan,nan,nan,nan,nan,nan,nan,nan,1.000000,1.100000,nan,nan,0.100000
nan,nan,nan,nan,nan,nan,nan,nan,nan,nan,nan,nan,nan,1.000000,1.000000,nan,nan,1.200000
nan,nan,nan,nan,nan,nan,nan,nan,nan,nan,nan,nan,nan,1.000000,0.300000,nan,nan,1.100000
nan,nan,nan,nan,nan,nan,nan,nan,nan,nan,nan,nan,nan,0.200000,2.200000,nan,nan,1.000000
nan,nan,nan,nan,nan,nan,nan,nan,nan,nan,nan,nan,nan,1.200000,3.200000,nan,nan,1.100000
nan,nan,nan,nan,nan,nan,nan,nan,nan,nan,nan,nan,nan,0.200000,1.200000,nan,nan,1.500000
nan,nan,nan,nan,nan,nan,nan,nan,nan,nan,nan,nan,nan,1.000000,2.100000,nan,nan,3.100000
nan,nan,nan,nan,nan,nan,nan,nan,nan,nan,nan,nan,nan,1.000000,0.200000,nan,nan,2.100000
nan,nan,nan,nan,nan,nan,nan,nan,nan,nan,nan,nan,nan,4.200000,1.100000,nan,nan,1.200000
nan,nan,nan,nan,nan,nan,nan,nan,nan,nan,nan,nan,nan,1.100000,0.100000,nan,nan,1.100000
nan,nan,nan,nan,nan,nan,nan,nan,nan,nan,nan,nan,nan,1.100000,1.300000,nan,nan,1.100000
nan,nan,nan,nan,nan,nan,nan,nan,nan,nan,nan,nan,nan,0.100000,3.200000,nan,nan,0.400000
nan,nan,nan,nan,nan,nan,nan,nan,nan,nan,nan,nan,nan,0.100000,1.100000,nan,nan,1.100000
nan,nan,nan,nan,nan,nan,nan,nan,nan,nan,nan,nan,nan,2.200000,0.500000,nan,nan,2.000000
nan,nan,nan,nan,nan,nan,nan,nan,nan,nan,nan,nan,nan,1.100000,1.200000,nan,nan,0.100000
nan,nan,nan,nan,nan,nan,nan,nan,nan,nan,nan,nan,nan,1.100000,0.200000,nan,nan,5.400000
nan,nan,nan,nan,nan,nan,nan,nan,nan,nan,nan,nan,nan,1.400000,1.100000,nan,nan,1.500000
nan,nan,nan,nan,nan,nan,nan,nan,nan,nan,nan,nan,nan,0.100000,1.100000,nan,nan,0.300000
nan,nan,nan,nan,nan,nan,nan,nan,nan,nan,nan,nan,nan,0.100000,3.100000,nan,nan,1.100000
nan,nan,nan,nan,nan,nan,nan,nan,nan,nan,nan,nan,nan,0.100000,1.000000,nan,nan,1.100000
nan,nan,nan,nan,nan,nan,nan,nan,nan,nan,nan,nan,nan,1.100000,1.500000,nan,nan,0.600000
nan,nan,nan,nan,nan,nan,nan,nan,nan,nan,nan,nan,nan,1.100000,1.100000,nan,nan,2.600000
nan,nan,nan,nan,nan,nan,nan,nan,nan,nan,nan,nan,nan,1.300000,1.200000,nan,nan,1.200000
nan,nan,nan,nan,nan,nan,nan,nan,nan,nan,nan,nan,nan,0.100000,1.500000,nan,nan,1.200000
nan,nan,nan,nan,nan,nan,nan,nan,nan,nan,nan,nan,nan,0.100000,3.100000,nan,nan,2.200000
nan,nan,nan,nan,nan,nan,nan,nan,nan,nan,nan,nan,nan,0.000000,2.300000,nan,nan,1.200000
nan,nan,nan,nan,nan,nan,nan,nan,nan,nan,nan,nan,nan,0.100000,1.100000,nan,nan,3.000000
nan,nan,nan,nan,nan,nan,nan,nan,nan,nan,nan,nan,nan,1.000000,1.100000,nan,nan,2.100000
nan,nan,nan,nan,nan,nan,nan,nan,nan,nan,nan,nan,nan,2.000000,1.000000,nan,nan,1.500000
nan,nan,nan,nan,nan,nan,nan,nan,nan,nan,nan,nan,nan,1.000000,1.100000,nan,nan,1.200000
nan,nan,nan,nan,nan,nan,nan,nan,nan,nan,nan,nan,nan,1.100000,0.000000,nan,nan,0.200000
nan,nan,nan,nan,nan,nan,nan,nan,nan,nan,nan,nan,nan,0.100000,2.200000,nan,nan,1.200000
nan,nan,nan,nan,nan,nan,nan,nan,nan,nan,nan,nan,nan,1.000000,0.400000,nan,nan,1.300000
nan,nan,nan,nan,nan,nan,nan,nan,nan,nan,nan,nan,nan,0.100000,0.300000,nan,nan,1.000000
nan,nan,nan,nan,nan,nan,nan,nan,nan,nan,nan,nan,nan,1.200000,0.000000,nan,nan,1.000000
nan,nan,nan,nan,nan,nan,nan,nan,nan,nan,nan,nan,nan,0.100000,0.000000,nan,nan,0.100000
nan,nan,nan,nan,nan,nan,nan,nan,nan,nan,nan,nan,nan,1.100000,1.200000,nan,nan,2.100000
nan,nan,nan,nan,nan,nan,nan,nan,nan,nan,nan,nan,nan,0.100000,4.200000,nan,nan,4.600000
nan,nan,nan,nan,nan,nan,nan,nan,nan,nan,nan,nan,nan,0.100000,2.100000,nan,nan,1.100000
nan,nan,nan,nan,nan,nan,nan,nan,nan,nan,nan,nan,nan,1.000000,3.300000,nan,nan,1.200000
nan,nan,nan,nan,nan,nan,nan,nan,nan,nan,nan,nan,nan,1.300000,4.100000,nan,nan,5.500000
nan,nan,nan,nan,nan,nan,nan,nan,nan,nan,nan,nan,nan,1.000000,4.000000,nan,nan,1.500000
nan,nan,nan,nan,nan,nan,nan,nan,nan,nan,nan,nan,nan,0.200000,1.200000,nan,nan,1.000000
nan,nan,nan,nan,nan,nan,nan,nan,nan,nan,nan,nan,nan,0.100000,2.100000,nan,nan,1.100000
nan,nan,nan,nan,nan,nan,nan,nan,nan,nan,nan,nan,nan,0.200000,0.200000,nan,nan,4.000000
nan,nan,nan,nan,nan,nan,nan,nan,nan,nan,nan,nan,nan,1.000000,1.300000,nan,nan,1.100000
nan,nan,nan,nan,nan,nan,nan,nan,nan,nan,nan,nan,nan,1.000000,1.200000,nan,nan,2.300000
nan,nan,nan,nan,nan,nan,nan,nan,nan,nan,nan,nan,nan,1.000000,1.100000,nan,nan,0.200000
nan,nan,nan,nan,nan,nan,nan,nan,nan,nan,nan,nan,nan,1.000000,0.100000,nan,nan,1.000000
nan,nan,nan,nan,nan,nan,nan,nan,nan,nan,nan,nan,nan,1.000000,1.100000,nan,nan,1.000000
nan,nan,nan,nan,nan,nan,nan,nan,nan,nan,nan,nan,nan,1.100000,0.100000,nan,nan,1.500000
nan,nan,nan,nan,nan,nan,nan,nan,nan,nan,nan,nan,nan,0.100000,1.200000,nan,nan,1.200000
nan,nan,nan,nan,nan,nan,nan,nan,nan,nan,nan,nan,nan,1.100000,0.400000,nan,nan,1.100000
nan,nan,nan,nan,nan,nan,nan,nan,nan,nan,nan,nan,nan,1.300000,0.100000,nan,nan,1.100000
nan,nan,nan,nan,nan,nan,nan,nan,nan,nan,nan,nan,nan,0.100000,2.100000,nan,nan,1.300000
nan,nan,nan,nan,nan,nan,nan,nan,nan,nan,nan,nan,nan,1.000000,0.200000,nan,nan,1.200000
nan,nan,nan,nan,nan,nan,nan,nan,nan,nan,nan,nan,nan,1.200000,1.300000,nan,nan,1.100000
nan,nan,nan,nan,nan,nan,nan,nan,nan,nan,nan,nan,nan,4.200000,2.200000,nan,nan,3.100000
nan,nan,nan,nan,nan,nan,nan,nan,nan,nan,nan,nan,nan,0.100000,0.200000,nan,nan,3.100000
nan,nan,nan,nan,nan,nan,nan,nan,nan,nan,nan,nan,nan,1.000000,1.500000,nan,nan,1.100000
nan,nan,nan,nan,nan,nan,nan,nan,nan,nan,nan,nan,nan,1.000000,0.100000,nan,nan,1.300000
nan,nan,nan,nan,nan,nan,nan,nan,nan,nan,nan,nan,nan,0.200000,0.600000,nan,nan,0.200000
nan,nan,nan,nan,nan,nan,nan,nan,nan,nan,nan,nan,nan,1.100000,0.200000,nan,nan,2.000000
nan,nan,nan,nan,nan,nan,nan,nan,nan,nan,nan,nan,nan,0.100000,2.200000,nan,nan,2.100000
nan,nan,nan,nan,nan,nan,nan,nan,nan,nan,nan,nan,nan,1.000000,1.000000,nan,nan,0.100000
nan,nan,nan,nan,nan,nan,nan,nan,nan,nan,nan,nan,nan,1.100000,1.200000,nan,nan,1.000000
nan,nan,nan,nan,nan,nan,nan,nan,nan,nan,nan,nan,nan,0.200000,1.000000,nan,nan,1.400000
nan,nan,nan,nan,nan,nan,nan,nan,nan,nan,nan,nan,nan,2.100000,2.000000,nan,nan,2.200000
nan,nan,nan,nan,nan,nan,nan,nan,nan,nan,nan,nan,nan,2.100000,2.400000,nan,nan,3.300000
nan,nan,nan,nan,nan,nan,nan,nan,nan,nan,nan,nan,nan,1.000000,0.700000,nan,nan,2.600000
nan,nan,nan,nan,nan,nan,nan,nan,nan,nan,nan,nan,nan,1.100000,2.100000,nan,nan,0.300000
nan,nan,nan,nan,nan,nan,nan,nan,nan,nan,nan,nan,nan,1.100000,1.100000,nan,nan,2.200000
nan,nan,nan,nan,nan,nan,nan,nan,nan,nan,nan,nan,nan,0.100000,1.300000,nan,nan,1.300000
nan,nan,nan,nan,nan,nan,nan,nan,nan,nan,nan,nan,nan,2.000000,0.400000,nan,nan,1.200000
nan,nan,nan,nan,nan,nan,nan,nan,nan,nan,nan,nan,nan,1.100000,0.400000,nan,nan,1.300000
nan,nan,nan,nan,nan,nan,nan,nan,nan,nan,nan,nan,nan,0.200000,0.200000,nan,nan,1.100000
nan,nan,nan,nan,nan,nan,nan,nan,nan,nan,nan,nan,nan,1.100000,0.100000,nan,nan,2.100000
nan,nan,nan,nan,nan,nan,nan,nan,nan,nan,nan,nan,nan,0.100000,1.100000,nan,nan,3.400000
nan,nan,nan,nan,nan,nan,nan,nan,nan,nan,nan,nan,nan,0.100000,2.200000,nan,nan,1.100000
nan,nan,nan,nan,nan,nan,nan,nan,nan,nan,nan,nan,nan,1.100000,1.400000,nan,nan,1.000000
nan,nan,nan,nan,nan,nan,nan,nan,nan,nan,nan,nan,nan,1.300000,1.000000,nan,nan,0.100000
nan,nan,nan,nan,nan,nan,nan,nan,nan,nan,nan,nan,nan,2.200000,0.000000,nan,nan,3.300000
nan,nan,nan,nan,nan,nan,nan,nan,nan,nan,nan,nan,nan,1.300000,1.500000,nan,nan,0.100000
nan,nan,nan,nan,nan,nan,nan,nan,nan,nan,nan,nan,nan,0.200000,0.000000,nan,nan,8.200000
nan,nan,nan,nan,nan,nan,nan,nan,nan,nan,nan,nan,nan,0.200000,2.000000,nan,nan,1.100000
nan,nan,nan,nan,nan,nan,nan,nan,nan,nan,nan,nan,nan,0.200000,2.000000,nan,nan,0.100000
nan,nan,nan,nan,nan,nan,nan,nan,nan,nan,nan,nan,nan,1.000000,1.500000,nan,nan,3.000000
nan,nan,nan,nan,nan,nan,nan,nan,nan,nan,nan,nan,nan,0.100000,0.500000,nan,nan,2.100000
nan,nan,nan,nan,nan,nan,nan,nan,nan,nan,nan,nan,nan,1.000000,0.100000,nan,nan,1.000000
nan,nan,nan,nan,nan,nan,nan,nan,nan,nan,nan,nan,nan,0.300000,1.000000,nan,nan,1.300000
nan,nan,nan,nan,nan,nan,nan,nan,nan,nan,nan,nan,nan,1.000000,2.000000,nan,nan,1.000000
nan,nan,nan,nan,nan,nan,nan,nan,nan,nan,nan,nan,nan,0.100000,0.300000,nan,nan,2.400000
nan,nan,nan,nan,nan,nan,nan,nan,nan,nan,nan,nan,nan,0.200000,1.300000,nan,nan,5.100000
nan,nan,nan,nan,nan,nan,nan,nan,nan,nan,nan,nan,nan,1.000000,1.500000,nan,nan,4.000000
nan,nan,nan,nan,nan,nan,nan,nan,nan,nan,nan,nan,nan,0.100000,3.400000,nan,nan,1.100000
nan,nan,nan,nan,nan,nan,nan,nan,nan,nan,nan,nan,nan,1.000000,1.200000,nan,nan,2.600000
nan,nan,nan,nan,nan,nan,nan,nan,nan,nan,nan,nan,nan,1.100000,0.000000,nan,nan,2.000000
nan,nan,nan,nan,nan,nan,nan,nan,nan,nan,nan,nan,nan,0.100000,1.300000,nan,nan,2.000000
nan,nan,nan,nan,nan,nan,nan,nan,nan,nan,nan,nan,nan,1.000000,1.100000,nan,nan,1.100000
nan,nan,nan,nan,nan,nan,nan,nan,nan,nan,nan,nan,nan,1.100000,1.100000,nan,nan,0.200000
nan,nan,nan,nan,nan,nan,nan,nan,nan,nan,nan,nan,nan,1.000000,1.200000,nan,nan,0.300000
nan,nan,nan,nan,nan,nan,nan,nan,nan,nan,nan,nan,nan,1.000000,0.100000,nan,nan,1.100000
nan,nan,nan,nan,nan,nan,nan,nan,nan,nan,nan,nan,nan,1.300000,1.200000,nan,nan,0.000000
nan,nan,nan,nan,nan,nan,nan,nan,nan,nan,nan,nan,nan,2.000000,1.500000,nan,nan,1.200000
nan,nan,nan,nan,nan,nan,nan,nan,nan,nan,nan,nan,nan,3.200000,4.100000,nan,nan,1.100000
nan,nan,nan,nan,nan,nan,nan,nan,nan,nan,nan,nan,nan,0.500000,2.400000,nan,nan,1.300000
nan,nan,nan,nan,nan,nan,nan,nan,nan,nan,nan,nan,nan,2.100000,0.500000,nan,nan,2.400000
nan,nan,nan,nan,nan,nan,nan,nan,nan,nan,nan,nan,nan,1.100000,2.100000,nan,nan,1.000000
nan,nan,nan,nan,nan,nan,nan,nan,nan,nan,nan,nan,nan,1.100000,0.100000,nan,nan,1.300000
nan,nan,nan,nan,nan,nan,nan,nan,nan,nan,nan,nan,nan,0.200000,2.100000,nan,nan,1.000000
nan,nan,nan,nan,nan,nan,nan,nan,nan,nan,nan,nan,nan,1.100000,2.000000,nan,nan,1.100000
nan,nan,nan,nan,nan,nan,nan,nan,nan,nan,nan,nan,nan,0.100000,1.100000,nan,nan,3.100000
nan,nan,nan,nan,nan,nan,nan,nan,nan,nan,nan,nan,nan,0.100000,1.000000,nan,nan,0.200000
nan,nan,nan,nan,nan,nan,nan,nan,nan,nan,nan,nan,nan,0.200000,1.100000,nan,nan,1.100000
nan,nan,nan,nan,nan,nan,nan,nan,nan,nan,nan,nan,nan,0.100000,1.100000,nan,nan,1.100000
nan,nan,nan,nan,nan,nan,nan,nan,nan,nan,nan,nan,nan,0.100000,1.300000,nan,nan,1.000000
nan,nan,nan,nan,nan,nan,nan,nan,nan,nan,nan,nan,nan,0.100000,1.100000,nan,nan,0.200000
nan,nan,nan,nan,nan,nan,nan,nan,nan,nan,nan,nan,nan,1.000000,0.200000,nan,nan,1.300000
nan,nan,nan,nan,nan,nan,nan,nan,nan,nan,nan,nan,nan,0.100000,6.200000,nan,nan,2.000000
nan,nan,nan,nan,nan,nan,nan,nan,nan,nan,nan,nan,nan,0.100000,1.400000,nan,nan,2.200000
nan,nan,nan,nan,nan,nan,nan,nan,nan,nan,nan,nan,nan,1.300000,0.100000,nan,nan,1.000000
nan,nan,nan,nan,nan,nan,nan,nan,nan,nan,nan,nan,nan,1.000000,0.000000,nan,nan,2.200000
nan,nan,nan,nan,nan,nan,nan,nan,nan,nan,nan,nan,nan,1.300000,0.600000,nan,nan,1.000000
nan,nan,nan,nan,nan,nan,nan,nan,nan,nan,nan,nan,nan,0.100000,1.000000,nan,nan,3.100000
nan,nan,nan,nan,nan,nan,nan,nan,nan,nan,nan,nan,nan,0.300000,3.300000,nan,nan,2.100000
nan,nan,nan,nan,nan,nan,nan,nan,nan,nan,nan,nan,nan,1.100000,1.100000,nan,nan,2.400000
nan,nan,nan,nan,nan,nan,nan,nan,nan,nan,nan,nan,nan,3.100000,1.100000,nan,nan,0.100000
nan,nan,nan,nan,nan,nan,nan,nan,nan,nan,nan,nan,nan,1.000000,1.400000,nan,nan,2.100000
nan,nan,nan,nan,nan,nan,nan,nan,nan,nan,nan,nan,nan,1.000000,0.100000,nan,nan,1.100000
nan,nan,nan,nan,nan,nan,nan,nan,nan,nan,nan,nan,nan,0.100000,0.500000,nan,nan,2.100000
nan,nan,nan,nan,nan,nan,nan,nan,nan,nan,nan,nan,nan,1.000000,0.100000,nan,nan,1.200000
nan,nan,nan,nan,nan,nan,nan,nan,nan,nan,nan,nan,nan,1.100000,4.000000,nan,nan,1.500000
nan,nan,nan,nan,nan,nan,nan,nan,nan,nan,nan,nan,nan,3.200000,0.300000,nan,nan,3.300000
nan,nan,nan,nan,nan,nan,nan,nan,nan,nan,nan,nan,nan,1.200000,0.000000,nan,nan,1.300000
nan,nan,nan,nan,nan,nan,nan,nan,nan,nan,nan,nan,nan,0.200000,1.100000,nan,nan,1.100000
nan,nan,nan,nan,nan,nan,nan,nan,nan,nan,nan,nan,nan,1.100000,4.000000,nan,nan,1.200000
nan,nan,nan,nan,nan,nan,nan,nan,nan,nan,nan,nan,nan,0.100000,0.000000,nan,nan,1.100000
nan,nan,nan,nan,nan,nan,nan,nan,nan,nan,nan,nan,nan,2.100000,1.600000,nan,nan,1.000000
nan,nan,nan,nan,nan,nan,nan,nan,nan,nan,nan,nan,nan,1.000000,0.100000,nan,nan,1.200000
nan,nan,nan,nan,nan,nan,nan,nan,nan,nan,nan,nan,nan,2.100000,2.100000,nan,nan,1.200000
nan,nan,nan,nan,nan,nan,nan,nan,nan,nan,nan,nan,nan,1.000000,1.000000,nan,nan,2.100000
nan,nan,nan,nan,nan,nan,nan,nan,nan,nan,nan,nan,nan,2.000000,4.100000,nan,nan,2.000000
nan,nan,nan,nan,nan,nan,nan,nan,nan,nan,nan,nan,nan,0.100000,1.000000,nan,nan,2.400000
nan,nan,nan,nan,nan,nan,nan,nan,nan,nan,nan,nan,nan,3.000000,2.100000,nan,nan,3.900000
nan,nan,nan,nan,nan,nan,nan,nan,nan,nan,nan,nan,nan,3.000000,1.100000,nan,nan,1.000000
nan,nan,nan,nan,nan,nan,nan,nan,nan,nan,nan,nan,nan,1.200000,2.100000,nan,nan,2.700000
nan,nan,nan,nan,nan,nan,nan,nan,nan,nan,nan,nan,nan,0.200000,1.100000,nan,nan,0.100000
nan,nan,nan,nan,nan,nan,nan,nan,nan,nan,nan,nan,nan,3.100000,1.300000,nan,nan,2.200000
nan,nan,nan,nan,nan,nan,nan,nan,nan,nan,nan,nan,nan,1.000000,1.200000,nan,nan,2.100000
nan,nan,nan,nan,nan,nan,nan,nan,nan,nan,nan,nan,nan,0.000000,3.100000,nan,nan,1.100000
nan,nan,nan,nan,nan,nan,nan,nan,nan,nan,nan,nan,nan,0.200000,0.200000,nan,nan,1.100000
nan,nan,nan,nan,nan,nan,nan,nan,nan,nan,nan,nan,nan,1.000000,0.600000,nan,nan,1.000000
nan,nan,nan,nan,nan,nan,nan,nan,nan,nan,nan,nan,nan,0.200000,1.100000,nan,nan,2.100000
nan,nan,nan,nan,nan,nan,nan,nan,nan,nan,nan,nan,nan,1.100000,1.100000,nan,nan,1.200000
nan,nan,nan,nan,nan,nan,nan,nan,nan,nan,nan,nan,nan,1.000000,0.200000,nan,nan,1.200000
nan,nan,nan,nan,nan,nan,nan,nan,nan,nan,nan,nan,nan,0.200000,1.300000,nan,nan,1.300000
nan,nan,nan,nan,nan,nan,nan,nan,nan,nan,nan,nan,nan,1.100000,0.200000,nan,nan,4.500000
nan,nan,nan,nan,nan,nan,nan,nan,nan,nan,nan,nan,nan,2.000000,1.200000,nan,nan,1.100000
nan,nan,nan,nan,nan,nan,nan,nan,nan,nan,nan,nan,nan,1.100000,0.100000,nan,nan,2.200000
nan,nan,nan,nan,nan,nan,nan,nan,nan,nan,nan,nan,nan,0.200000,2.200000,nan,nan,4.200000
nan,nan,nan,nan,nan,nan,nan,nan,nan,nan,nan,nan,nan,1.000000,0.300000,nan,nan,1.100000
nan,nan,nan,nan,nan,nan,nan,nan,nan,nan,nan,nan,nan,0.100000,1.100000,nan,nan,2.400000
nan,nan,nan,nan,nan,nan,nan,nan,nan,nan,nan,nan,nan,1.100000,3.000000,nan,nan,2.100000
nan,nan,nan,nan,nan,nan,nan,nan,nan,nan,nan,nan,nan,2.300000,0.100000,nan,nan,1.100000
nan,nan,nan,nan,nan,nan,nan,nan,nan,nan,nan,nan,nan,1.100000,1.200000,nan,nan,1.100000
nan,nan,nan,nan,nan,nan,nan,nan,nan,nan,nan,nan,nan,1.000000,0.100000,nan,nan,0.100000
nan,nan,nan,nan,nan,nan,nan,nan,nan,nan,nan,nan,nan,0.100000,0.200000,nan,nan,2.200000
nan,nan,nan,nan,nan,nan,nan,nan,nan,nan,nan,nan,nan,1.200000,2.200000,nan,nan,1.000000
nan,nan,nan,nan,nan,nan,nan,nan,nan,nan,nan,nan,nan,1.100000,1.300000,nan,nan,0.200000
nan,nan,nan,nan,nan,nan,nan,nan,nan,nan,nan,nan,nan,1.100000,0.100000,nan,nan,3.000000
nan,nan,nan,nan,nan,nan,nan,nan,nan,nan,nan,nan,nan,0.100000,1.100000,nan,nan,1.200000
nan,nan,nan,nan,nan,nan,nan,nan,nan,nan,nan,nan,nan,1.100000,1.200000,nan,nan,1.300000
nan,nan,nan,nan,nan,nan,nan,nan,nan,nan,nan,nan,nan,2.000000,0.100000,nan,nan,3.000000
nan,nan,nan,nan,nan,nan,nan,nan,nan,nan,nan,nan,nan,0.200000,2.400000,nan,nan,1.100000
nan,nan,nan,nan,nan,nan,nan,nan,nan,nan,nan,nan,nan,1.300000,0.100000,nan,nan,2.000000
nan,nan,nan,nan,nan,nan,nan,nan,nan,nan,nan,nan,nan,1.000000,2.100000,nan,nan,2.000000
nan,nan,nan,nan,nan,nan,nan,nan,nan,nan,nan,nan,nan,3.200000,1.200000,nan,nan,1.200000
nan,nan,nan,nan,nan,nan,nan,nan,nan,nan,nan,nan,nan,1.000000,2.400000,nan,nan,1.100000
nan,nan,nan,nan,nan,nan,nan,nan,nan,nan,nan,nan,nan,0.200000,1.000000,nan,nan,0.100000
nan,nan,nan,nan,nan,nan,nan,nan,nan,nan,nan,nan,nan,2.100000,0.100000,nan,nan,0.200000
nan,nan,nan,nan,nan,nan,nan,nan,nan,nan,nan,nan,nan,0.200000,1.400000,nan,nan,2.000000
nan,nan,nan,nan,nan,nan,nan,nan,nan,nan,nan,nan,nan,1.000000,0.000000,nan,nan,1.300000
nan,nan,nan,nan,nan,nan,nan,nan,nan,nan,nan,nan,nan,0.100000,0.100000,nan,nan,1.100000
nan,nan,nan,nan,nan,nan,nan,nan,nan,nan,nan,nan,nan,1.100000,0.100000,nan,nan,2.400000
nan,nan,nan,nan,nan,nan,nan,nan,nan,nan,nan,nan,nan,0.100000,0.400000,nan,nan,1.000000
nan,nan,nan,nan,nan,nan,nan,nan,nan,nan,nan,nan,nan,2.000000,0.100000,nan,nan,4.200000
nan,nan,nan,nan,nan,nan,nan,nan,nan,nan,nan,nan,nan,2.000000,0.100000,nan,nan,0.900000
nan,nan,nan,nan,nan,nan,nan,nan,nan,nan,nan,nan,nan,1.200000,0.100000,nan,nan,2.000000
nan,nan,nan,nan,nan,nan,nan,nan,nan,nan,nan,nan,nan,1.100000,1.000000,nan,nan,1.000000
nan,nan,nan,nan,nan,nan,nan,nan,nan,nan,nan,nan,nan,1.000000,2.100000,nan,nan,1.300000
nan,nan,nan,nan,nan,nan,nan,nan,nan,nan,nan,nan,nan,0.100000,1.400000,nan,nan,1.300000
nan,nan,nan,nan,nan,nan,nan,nan,nan,nan,nan,nan,nan,1.100000,0.200000,nan,nan,2.200000
nan,nan,nan,nan,nan,nan,nan,nan,nan,nan,nan,nan,nan,1.000000,1.600000,nan,nan,4.000000
nan,nan,nan,nan,nan,nan,nan,nan,nan,nan,nan,nan,nan,1.100000,0.200000,nan,nan,2.700000
nan,nan,nan,nan,nan,nan,nan,nan,nan,nan,nan,nan,nan,0.000000,1.100000,nan,nan,0.300000
nan,nan,nan,nan,nan,nan,nan,nan,nan,nan,nan,nan,nan,0.100000,2.100000,nan,nan,2.200000
nan,nan,nan,nan,nan,nan,nan,nan,nan,nan,nan,nan,nan,1.000000,0.300000,nan,nan,2.000000
nan,nan,nan,nan,nan,nan,nan,nan,nan,nan,nan,nan,nan,1.000000,2.000000,nan,nan,2.000000
nan,nan,nan,nan,nan,nan,nan,nan,nan,nan,nan,nan,nan,1.000000,2.000000,nan,nan,3.000000
nan,nan,nan,nan,nan,nan,nan,nan,nan,nan,nan,nan,nan,1.100000,1.400000,nan,nan,1.300000
nan,nan,nan,nan,nan,nan,nan,nan,nan,nan,nan,nan,nan,1.300000,1.200000,nan,nan,3.000000
nan,nan,nan,nan,nan,nan,nan,nan,nan,nan,nan,nan,nan,0.100000,0.000000,nan,nan,2.000000
nan,nan,nan,nan,nan,nan,nan,nan,nan,nan,nan,nan,nan,1.000000,2.000000,nan,nan,1.000000
nan,nan,nan,nan,nan,nan,nan,nan,nan,nan,nan,nan,nan,0.100000,0.100000,nan,nan,2.100000
nan,nan,nan,nan,nan,nan,nan,nan,nan,nan,nan,nan,nan,0.200000,1.100000,nan,nan,1.000000
nan,nan,nan,nan,nan,nan,nan,nan,nan,nan,nan,nan,nan,0.100000,1.000000,nan,nan,2.400000
nan,nan,nan,nan,nan,nan,nan,nan,nan,nan,nan,nan,nan,2.100000,0.300000,nan,nan,1.100000
nan,nan,nan,nan,nan,nan,nan,nan,nan,nan,nan,nan,nan,2.100000,1.300000,nan,nan,1.400000
nan,nan,nan,nan,nan,nan,nan,nan,nan,nan,nan,nan,nan,1.000000,2.100000,nan,nan,8.200000
nan,nan,nan,nan,nan,nan,nan,nan,nan,nan,nan,nan,nan,1.100000,0.200000,nan,nan,1.100000
nan,nan,nan,nan,nan,nan,nan,nan,nan,nan,nan,nan,nan,1.100000,0.400000,nan,nan,1.400000
nan,nan,nan,nan,nan,nan,nan,nan,nan,nan,nan,nan,nan,1.100000,1.000000,nan,nan,1.000000
nan,nan,nan,nan,nan,nan,nan,nan,nan,nan,nan,nan,nan,2.000000,3.100000,nan,nan,1.300000
nan,nan,nan,nan,nan,nan,nan,nan,nan,nan,nan,nan,nan,1.000000,2.700000,nan,nan,1.500000
nan,nan,nan,nan,nan,nan,nan,nan,nan,nan,nan,nan,nan,2.200000,0.100000,nan,nan,3.000000
nan,nan,nan,nan,nan,nan,nan,nan,nan,nan,nan,nan,nan,0.100000,1.300000,nan,nan,1.200000
nan,nan,nan,nan,nan,nan,nan,nan,nan,nan,nan,nan,nan,0.200000,1.200000,nan,nan,1.200000
nan,nan,nan,nan,nan,nan,nan,nan,nan,nan,nan,nan,nan,1.000000,3.100000,nan,nan,0.300000
nan,nan,nan,nan,nan,nan,nan,nan,nan,nan,nan,nan,nan,1.200000,1.200000,nan,nan,2.200000
nan,nan,nan,nan,nan,nan,nan,nan,nan,nan,nan,nan,nan,1.200000,1.000000,nan,nan,1.100000
nan,nan,nan,nan,nan,nan,nan,nan,nan,nan,nan,nan,nan,2.200000,2.000000,nan,nan,0.300000
nan,nan,nan,nan,nan,nan,nan,nan,nan,nan,nan,nan,nan,2.000000,0.100000,nan,nan,1.300000
nan,nan,nan,nan,nan,nan,nan,nan,nan,nan,nan,nan,nan,2.200000,1.100000,nan,nan,1.100000
nan,nan,nan,nan,nan,nan,nan,nan,nan,nan,nan,nan,nan,1.200000,1.100000,nan,nan,1.000000
nan,nan,nan,nan,nan,nan,nan,nan,nan,nan,nan,nan,nan,1.400000,2.600000,nan,nan,0.400000
nan,nan,nan,nan,nan,nan,nan,nan,nan,nan,nan,nan,nan,0.100000,0.100000,nan,nan,1.300000
nan,nan,nan,nan,nan,nan,nan,nan,nan,nan,nan,nan,nan,2.000000,0.000000,nan,nan,1.100000
nan,nan,nan,nan,nan,nan,nan,nan,nan,nan,nan,nan,nan,0.100000,1.300000,nan,nan,2.200000
nan,nan,nan,nan,nan,nan,nan,nan,nan,nan,nan,nan,nan,0.200000,1.100000,nan,nan,1.000000
nan,nan,nan,nan,nan,nan,nan,nan,nan,nan,nan,nan,nan,1.200000,4.100000,nan,nan,3.100000
nan,nan,nan,nan,nan,nan,nan,nan,nan,nan,nan,nan,nan,1.100000,4.200000,nan,nan,0.200000
nan,nan,nan,nan,nan,nan,nan,nan,nan,nan,nan,nan,nan,1.000000,1.100000,nan,nan,1.200000
nan,nan,nan,nan,nan,nan,nan,nan,nan,nan,nan,nan,nan,2.300000,2.000000,nan,nan,0.200000
nan,nan,nan,nan,nan,nan,nan,nan,nan,nan,nan,nan,nan,0.100000,1.000000,nan,nan,1.800000
nan,nan,nan,nan,nan,nan,nan,nan,nan,nan,nan,nan,nan,0.200000,6.000000,nan,nan,2.000000
nan,nan,nan,nan,nan,nan,nan,nan,nan,nan,nan,nan,nan,0.000000,2.000000,nan,nan,0.200000
nan,nan,nan,nan,nan,nan,nan,nan,nan,nan,nan,nan,nan,1.100000,3.100000,nan,nan,0.200000
nan,nan,nan,nan,nan,nan,nan,nan,nan,nan,nan,nan,nan,2.100000,1.200000,nan,nan,2.200000
nan,nan,nan,nan,nan,nan,nan,nan,nan,nan,nan,nan,nan,0.100000,0.200000,nan,nan,1.300000
nan,nan,nan,nan,nan,nan,nan,nan,nan,nan,nan,nan,nan,0.200000,4.400000,nan,nan,1.100000
nan,nan,nan,nan,nan,nan,nan,nan,nan,nan,nan,nan,nan,2.000000,3.200000,nan,nan,1.200000
nan,nan,nan,nan,nan,nan,nan,nan,nan,nan,nan,nan,nan,0.100000,1.200000,nan,nan,2.000000
nan,nan,nan,nan,nan,nan,nan,nan,nan,nan,nan,nan,nan,3.100000,2.200000,nan,nan,2.000000
nan,nan,nan,nan,nan,nan,nan,nan,nan,nan,nan,nan,nan,3.100000,2.100000,nan,nan,1.000000
nan,nan,nan,nan,nan,nan,nan,nan,nan,nan,nan,nan,nan,0.100000,2.000000,nan,nan,2.400000
nan,nan,nan,nan,nan,nan,nan,nan,nan,nan,nan,nan,nan,1.100000,0.100000,nan,nan,1.100000
nan,nan,nan,nan,nan,nan,nan,nan,nan,nan,nan,nan,nan,0.100000,2.100000,nan,nan,1.300000
nan,nan,nan,nan,nan,nan,nan,nan,nan,nan,nan,nan,nan,1.100000,0.300000,nan,nan,3.100000
nan,nan,nan,nan,nan,nan,nan,nan,nan,nan,nan,nan,nan,1.000000,0.100000,nan,nan,1.700000
nan,nan,nan,nan,nan,nan,nan,nan,nan,nan,nan,nan,nan,1.000000,1.000000,nan,nan,1.100000
nan,nan,nan,nan,nan,nan,nan,nan,nan,nan,nan,nan,nan,1.300000,0.500000,nan,nan,2.100000
nan,nan,nan,nan,nan,nan,nan,nan,nan,nan,nan,nan,nan,1.000000,0.200000,nan,nan,2.200000
nan,nan,nan,nan,nan,nan,nan,nan,nan,nan,nan,nan,nan,1.000000,0.100000,nan,nan,1.200000
nan,nan,nan,nan,nan,nan,nan,nan,nan,nan,nan,nan,nan,1.000000,2.000000,nan,nan,0.200000
nan,nan,nan,nan,nan,nan,nan,nan,nan,nan,nan,nan,nan,1.200000,1.100000,nan,nan,2.000000
nan,nan,nan,nan,nan,nan,nan,nan,nan,nan,nan,nan,nan,2.000000,0.100000,nan,nan,2.300000
nan,nan,nan,nan,nan,nan,nan,nan,nan,nan,nan,nan,nan,0.000000,1.000000,nan,nan,1.100000
nan,nan,nan,nan,nan,nan,nan,nan,nan,nan,nan,nan,nan,1.200000,1.100000,nan,nan,2.000000
nan,nan,nan,nan,nan,nan,nan,nan,nan,nan,nan,nan,nan,1.000000,0.200000,nan,nan,2.000000
nan,nan,nan,nan,nan,nan,nan,nan,nan,nan,nan,nan,nan,2.100000,2.100000,nan,nan,0.200000
nan,nan,nan,nan,nan,nan,nan,nan,nan,nan,nan,nan,nan,1.000000,1.300000,nan,nan,4.300000
nan,nan,nan,nan,nan,nan,nan,nan,nan,nan,nan,nan,nan,1.100000,1.100000,nan,nan,2.000000
nan,nan,nan,nan,nan,nan,nan,nan,nan,nan,nan,nan,nan,0.100000,1.000000,nan,nan,6.300000
nan,nan,nan,nan,nan,nan,nan,nan,nan,nan,nan,nan,nan,1.100000,2.000000,nan,nan,1.200000
nan,nan,nan,nan,nan,nan,nan,nan,nan,nan,nan,nan,nan,1.000000,2.200000,nan,nan,1.100000
nan,nan,nan,nan,nan,nan,nan,nan,nan,nan,nan,nan,nan,0.300000,1.000000,nan,nan,0.100000
nan,nan,nan,nan,nan,nan,nan,nan,nan,nan,nan,nan,nan,0.100000,0.100000,nan,nan,3.000000
nan,nan,nan,nan,nan,nan,nan,nan,nan,nan,nan,nan,nan,0.200000,3.100000,nan,nan,3.100000
nan,nan,nan,nan,nan,nan,nan,nan,nan,nan,nan,nan,nan,1.200000,1.200000,nan,nan,2.000000
nan,nan,nan,nan,nan,nan,nan,nan,nan,nan,nan,nan,nan,1.100000,1.300000,nan,nan,1.100000
nan,nan,nan,nan,nan,nan,nan,nan,nan,nan,nan,nan,nan,1.200000,0.200000,nan,nan,2.300000
nan,nan,nan,nan,nan,nan,nan,nan,nan,nan,nan,nan,nan,4.400000,1.200000,nan,nan,0.100000
nan,nan,nan,nan,nan,nan,nan,nan,nan,nan,nan,nan,nan,0.200000,2.200000,nan,nan,2.200000
nan,nan,nan,nan,nan,nan,nan,nan,nan,nan,nan,nan,nan,0.100000,1.200000,nan,nan,1.100000
nan,nan,nan,nan,nan,nan,nan,nan,nan,nan,nan,nan,nan,0.100000,2.200000,nan,nan,2.300000
nan,nan,nan,nan,nan,nan,nan,nan,nan,nan,nan,nan,nan,1.000000,0.100000,nan,nan,1.300000
nan,nan,nan,nan,nan,nan,nan,nan,nan,nan,nan,nan,nan,1.200000,2.300000,nan,nan,0.100000
nan,nan,nan,nan,nan,nan,nan,nan,nan,nan,nan,nan,nan,1.100000,1.100000,nan,nan,2.200000
nan,nan,nan,nan,nan,nan,nan,nan,nan,nan,nan,nan,nan,0.100000,1.000000,nan,nan,2.100000
nan,nan,nan,nan,nan,nan,nan,nan,nan,nan,nan,nan,nan,1.000000,1.400000,nan,nan,1.200000
nan,nan,nan,nan,nan,nan,nan,nan,nan,nan,nan,nan,nan,0.100000,1.000000,nan,nan,1.000000
nan,nan,nan,nan,nan,nan,nan,nan,nan,nan,nan,nan,nan,0.100000,0.100000,nan,nan,1.300000
nan,nan,nan,nan,nan,nan,nan,nan,nan,nan,nan,nan,nan,1.000000,3.100000,nan,nan,3.000000
nan,nan,nan,nan,nan,nan,nan,nan,nan,nan,nan,nan,nan,1.000000,4.100000,nan,nan,1.000000
nan,nan,nan,nan,nan,nan,nan,nan,nan,nan,nan,nan,nan,0.100000,2.300000,nan,nan,2.100000
nan,nan,nan,nan,nan,nan,nan,nan,nan,nan,nan,nan,nan,1.000000,0.100000,nan,nan,6.000000
nan,nan,nan,nan,nan,nan,nan,nan,nan,nan,nan,nan,nan,2.100000,1.200000,nan,nan,1.100000
nan,nan,nan,nan,nan,nan,nan,nan,nan,nan,nan,nan,nan,0.000000,1.500000,nan,nan,1.300000
nan,nan,nan,nan,nan,nan,nan,nan,nan,nan,nan,nan,nan,0.100000,0.300000,nan,nan,0.500000
nan,nan,nan,nan,nan,nan,nan,nan,nan,nan,nan,nan,nan,2.000000,0.100000,nan,nan,1.100000
nan,nan,nan,nan,nan,nan,nan,nan,nan,nan,nan,nan,nan,1.100000,0.100000,nan,nan,1.100000
nan,nan,nan,nan,nan,nan,nan,nan,nan,nan,nan,nan,nan,2.200000,1.000000,nan,nan,4.200000
nan,nan,nan,nan,nan,nan,nan,nan,nan,nan,nan,nan,nan,2.100000,1.000000,nan,nan,1.100000
nan,nan,nan,nan,nan,nan,nan,nan,nan,nan,nan,nan,nan,1.200000,0.000000,nan,nan,2.200000
nan,nan,nan,nan,nan,nan,nan,nan,nan,nan,nan,nan,nan,1.100000,0.000000,nan,nan,1.300000
nan,nan,nan,nan,nan,nan,nan,nan,nan,nan,nan,nan,nan,0.100000,1.100000,nan,nan,3.000000
nan,nan,nan,nan,nan,nan,nan,nan,nan,nan,nan,nan,nan,0.000000,1.100000,nan,nan,2.100000
nan,nan,nan,nan,nan,nan,nan,nan,nan,nan,nan,nan,nan,2.100000,2.300000,nan,nan,2.300000
nan,nan,nan,nan,nan,nan,nan,nan,nan,nan,nan,nan,nan,0.100000,2.300000,nan,nan,1.100000
nan,nan,nan,nan,nan,nan,nan,nan,nan,nan,nan,nan,nan,1.100000,1.500000,nan,nan,3.000000
nan,nan,nan,nan,nan,nan,nan,nan,nan,nan,nan,nan,nan,2.000000,1.000000,nan,nan,1.300000
nan,nan,nan,nan,nan,nan,nan,nan,nan,nan,nan,nan,nan,0.100000,0.600000,nan,nan,3.100000
nan,nan,nan,nan,nan,nan,nan,nan,nan,nan,nan,nan,nan,1.300000,1.100000,nan,nan,0.100000
nan,nan,nan,nan,nan,nan,nan,nan,nan,nan,nan,nan,nan,2.200000,0.100000,nan,nan,3.400000
nan,nan,nan,nan,nan,nan,nan,nan,nan,nan,nan,nan,nan,0.100000,1.300000,nan,nan,3.000000
nan,nan,nan,nan,nan,nan,nan,nan,nan,nan,nan,nan,nan,0.000000,9.100000,nan,nan,2.100000
nan,nan,nan,nan,nan,nan,nan,nan,nan,nan,nan,nan,nan,1.000000,0.100000,nan,nan,1.300000
nan,nan,nan,nan,nan,nan,nan,nan,nan,nan,nan,nan,nan,4.000000,1.000000,nan,nan,1.000000
nan,nan,nan,nan,nan,nan,nan,nan,nan,nan,nan,nan,nan,1.000000,3.000000,nan,nan,1.000000
nan,nan,nan,nan,nan,nan,nan,nan,nan,nan,nan,nan,nan,0.100000,6.400000,nan,nan,2.100000
nan,nan,nan,nan,nan,nan,nan,nan,nan,nan,nan,nan,nan,0.200000,1.200000,nan,nan,1.100000
nan,nan,nan,nan,nan,nan,nan,nan,nan,nan,nan,nan,nan,1.100000,0.000000,nan,nan,0.200000
nan,nan,nan,nan,nan,nan,nan,nan,nan,nan,nan,nan,nan,0.100000,1.300000,nan,nan,1.200000
nan,nan,nan,nan,nan,nan,nan,nan,nan,nan,nan,nan,nan,0.100000,0.100000,nan,nan,1.100000
nan,nan,nan,nan,nan,nan,nan,nan,nan,nan,nan,nan,nan,1.100000,0.200000,nan,nan,1.100000
nan,nan,nan,nan,nan,nan,nan,nan,nan,nan,nan,nan,nan,1.100000,0.100000,nan,nan,2.200000
nan,nan,nan,nan,nan,nan,nan,nan,nan,nan,nan,nan,nan,1.100000,0.100000,nan,nan,3.300000
nan,nan,nan,nan,nan,nan,nan,nan,nan,nan,nan,nan,nan,6.000000,0.200000,nan,nan,0.100000
nan,nan,nan,nan,nan,nan,nan,nan,nan,nan,nan,nan,nan,1.100000,0.000000,nan,nan,0.100000
nan,nan,nan,nan,nan,nan,nan,nan,nan,nan,nan,nan,nan,1.000000,3.100000,nan,nan,1.200000
nan,nan,nan,nan,nan,nan,nan,nan,nan,nan,nan,nan,nan,1.200000,1.000000,nan,nan,1.200000
nan,nan,nan,nan,nan,nan,nan,nan,nan,nan,nan,nan,nan,1.000000,0.100000,nan,nan,2.400000
nan,nan,nan,nan,nan,nan,nan,nan,nan,nan,nan,nan,nan,0.100000,1.300000,nan,nan,2.000000
nan,nan,nan,nan,nan,nan,nan,nan,nan,nan,nan,nan,nan,0.100000,1.200000,nan,nan,1.100000
nan,nan,nan,nan,nan,nan,nan,nan,nan,nan,nan,nan,nan,0.100000,1.100000,nan,nan,4.000000
nan,nan,nan,nan,nan,nan,nan,nan,nan,nan,nan,nan,nan,1.000000,1.100000,nan,nan,1.100000
nan,nan,nan,nan,nan,nan,nan,nan,nan,nan,nan,nan,nan,1.500000,1.500000,nan,nan,2.200000
nan,nan,nan,nan,nan,nan,nan,nan,nan,nan,nan,nan,nan,1.100000,2.100000,nan,nan,2.200000
nan,nan,nan,nan,nan,nan,nan,nan,nan,nan,nan,nan,nan,0.100000,1.100000,nan,nan,2.000000
nan,nan,nan,nan,nan,nan,nan,nan,nan,nan,nan,nan,nan,1.000000,2.100000,nan,nan,1.100000
nan,nan,nan,nan,nan,nan,nan,nan,nan,nan,nan,nan,nan,1.000000,1.200000,nan,nan,1.200000
nan,nan,nan,nan,nan,nan,nan,nan,nan,nan,nan,nan,nan,1.000000,0.600000,nan,nan,2.300000
nan,nan,nan,nan,nan,nan,nan,nan,nan,nan,nan,nan,nan,1.000000,1.000000,nan,nan,1.000000
nan,nan,nan,nan,nan,nan,nan,nan,nan,nan,nan,nan,nan,0.200000,2.100000,nan,nan,3.200000
nan,nan,nan,nan,nan,nan,nan,nan,nan,nan,nan,nan,nan,1.000000,2.100000,nan,nan,2.300000
nan,nan,nan,nan,nan,nan,nan,nan,nan,nan,nan,nan,nan,1.100000,1.100000,nan,nan,2.100000
nan,nan,nan,nan,nan,nan,nan,nan,nan,nan,nan,nan,nan,0.100000,0.100000,nan,nan,1.800000
nan,nan,nan,nan,nan,nan,nan,nan,nan,nan,nan,nan,nan,0.100000,1.200000,nan,nan,3.200000
nan,nan,nan,nan,nan,nan,nan,nan,nan,nan,nan,nan,nan,0.200000,1.200000,nan,nan,3.300000
nan,nan,nan,nan,nan,nan,nan,nan,nan,nan,nan,nan,nan,1.100000,3.000000,nan,nan,1.600000
nan,nan,nan,nan,nan,nan,nan,nan,nan,nan,nan,nan,nan,0.200000,1.100000,nan,nan,1.000000
nan,nan,nan,nan,nan,nan,nan,nan,nan,nan,nan,nan,nan,0.100000,1.100000,nan,nan,1.100000
nan,nan,nan,nan,nan,nan,nan,nan,nan,nan,nan,nan,nan,1.100000,0.100000,nan,nan,6.000000
nan,nan,nan,nan,nan,nan,nan,nan,nan,nan,nan,nan,nan,1.200000,1.000000,nan,nan,1.000000
nan,nan,nan,nan,nan,nan,nan,nan,nan,nan,nan,nan,nan,0.300000,2.000000,nan,nan,0.100000
nan,nan,nan,nan,nan,nan,nan,nan,nan,nan,nan,nan,nan,0.100000,1.000000,nan,nan,2.000000
nan,nan,nan,nan,nan,nan,nan,nan,nan,nan,nan,nan,nan,0.400000,1.000000,nan,nan,1.100000
nan,nan,nan,nan,nan,nan,nan,nan,nan,nan,nan,nan,nan,1.300000,1.200000,nan,nan,1.100000
nan,nan,nan,nan,nan,nan,nan,nan,nan,nan,nan,nan,nan,0.100000,0.000000,nan,nan,4.400000
nan,nan,nan,nan,nan,nan,nan,nan,nan,nan,nan,nan,nan,1.100000,1.100000,nan,nan,1.000000
nan,nan,nan,nan,nan,nan,nan,nan,nan,nan,nan,nan,nan,2.200000,0.300000,nan,nan,0.400000
nan,nan,nan,nan,nan,nan,nan,nan,nan,nan,nan,nan,nan,1.000000,8.200000,nan,nan,1.000000
nan,nan,nan,nan,nan,nan,nan,nan,nan,nan,nan,nan,nan,0.100000,1.200000,nan,nan,1.300000
nan,nan,nan,nan,nan,nan,nan,nan,nan,nan,nan,nan,nan,3.000000,1.300000,nan,nan,1.200000
nan,nan,nan,nan,nan,nan,nan,nan,nan,nan,nan,nan,nan,1.000000,0.200000,nan,nan,5.100000
nan,nan,nan,nan,nan,nan,nan,nan,nan,nan,nan,nan,nan,1.100000,0.100000,nan,nan,1.000000
nan,nan,nan,nan,nan,nan,nan,nan,nan,nan,nan,nan,nan,1.100000,0.100000,nan,nan,4.000000
nan,nan,nan,nan,nan,nan,nan,nan,nan,nan,nan,nan,nan,1.000000,2.100000,nan,nan,1.100000
nan,nan,nan,nan,nan,nan,nan,nan,nan,nan,nan,nan,nan,4.000000,1.200000,nan,nan,1.300000
nan,nan,nan,nan,nan,nan,nan,nan,nan,nan,nan,nan,nan,1.000000,4.600000,nan,nan,2.200000
nan,nan,nan,nan,nan,nan,nan,nan,nan,nan,nan,nan,nan,1.100000,4.000000,nan,nan,0.100000
nan,nan,nan,nan,nan,nan,nan,nan,nan,nan,nan,nan,nan,0.100000,1.100000,nan,nan,1.300000
nan,nan,nan,nan,nan,nan,nan,nan,nan,nan,nan,nan,nan,0.100000,1.100000,nan,nan,2.000000
nan,nan,nan,nan,nan,nan,nan,nan,nan,nan,nan,nan,nan,1.000000,4.000000,nan,nan,1.100000
nan,nan,nan,nan,nan,nan,nan,nan,nan,nan,nan,nan,nan,1.200000,0.100000,nan,nan,0.100000
nan,nan,nan,nan,nan,nan,nan,nan,nan,nan,nan,nan,nan,1.100000,1.300000,nan,nan,1.000000
nan,nan,nan,nan,nan,nan,nan,nan,nan,nan,nan,nan,nan,1.100000,1.100000,nan,nan,1.200000
nan,nan,nan,nan,nan,nan,nan,nan,nan,nan,nan,nan,nan,4.300000,0.300000,nan,nan,1.400000
nan,nan,nan,nan,nan,nan,nan,nan,nan,nan,nan,nan,nan,1.100000,1.300000,nan,nan,1.000000
nan,nan,nan,nan,nan,nan,nan,nan,nan,nan,nan,nan,nan,1.000000,4.100000,nan,nan,1.700000
nan,nan,nan,nan,nan,nan,nan,nan,nan,nan,nan,nan,nan,1.100000,0.200000,nan,nan,0.100000
nan,nan,nan,nan,nan,nan,nan,nan,nan,nan,nan,nan,nan,0.200000,0.200000,nan,nan,1.000000
nan,nan,nan,nan,nan,nan,nan,nan,nan,nan,nan,nan,nan,2.100000,1.000000,nan,nan,2.200000
nan,nan,nan,nan,nan,nan,nan,nan,nan,nan,nan,nan,nan,1.000000,8.400000,nan,nan,1.200000
nan,nan,nan,nan,nan,nan,nan,nan,nan,nan,nan,nan,nan,2.100000,1.000000,nan,nan,1.200000
nan,nan,nan,nan,nan,nan,nan,nan,nan,nan,nan,nan,nan,1.000000,3.300000,nan,nan,2.000000
nan,nan,nan,nan,nan,nan,nan,nan,nan,nan,nan,nan,nan,1.100000,2.400000,nan,nan,2.100000
nan,nan,nan,nan,nan,nan,nan,nan,nan,nan,nan,nan,nan,1.400000,1.200000,nan,nan,4.000000
nan,nan,nan,nan,nan,nan,nan,nan,nan,nan,nan,nan,nan,1.000000,1.100000,nan,nan,1.100000
nan,nan,nan,nan,nan,nan,nan,nan,nan,nan,nan,nan,nan,1.200000,0.100000,nan,nan,2.200000
nan,nan,nan,nan,nan,nan,nan,nan,nan,nan,nan,nan,nan,2.000000,1.000000,nan,nan,0.500000
nan,nan,nan,nan,nan,nan,nan,nan,nan,nan,nan,nan,nan,0.000000,2.000000,nan,nan,1.100000
nan,nan,nan,nan,nan,nan,nan,nan,nan,nan,nan,nan,nan,0.100000,1.000000,nan,nan,1.300000
nan,nan,nan,nan,nan,nan,nan,nan,nan,nan,nan,nan,nan,0.100000,0.300000,nan,nan,1.800000
nan,nan,nan,nan,nan,nan,nan,nan,nan,nan,nan,nan,nan,0.100000,3.200000,nan,nan,1.100000
nan,nan,nan,nan,nan,nan,nan,nan,nan,nan,nan,nan,nan,1.100000,1.400000,nan,nan,1.000000
nan,nan,nan,nan,nan,nan,nan,nan,nan,nan,nan,nan,nan,0.100000,2.000000,nan,nan,1.200000
nan,nan,nan,nan,nan,nan,nan,nan,nan,nan,nan,nan,nan,2.200000,4.100000,nan,nan,1.500000
nan,nan,nan,nan,nan,nan,nan,nan,nan,nan,nan,nan,nan,1.100000,1.000000,nan,nan,1.700000
nan,nan,nan,nan,nan,nan,nan,nan,nan,nan,nan,nan,nan,1.200000,0.100000,nan,nan,0.200000
nan,nan,nan,nan,nan,nan,nan,nan,nan,nan,nan,nan,nan,1.200000,1.100000,nan,nan,0.100000
nan,nan,nan,nan,nan,nan,nan,nan,nan,nan,nan,nan,nan,1.100000,1.000000,nan,nan,2.100000
nan,nan,nan,nan,nan,nan,nan,nan,nan,nan,nan,nan,nan,0.200000,1.400000,nan,nan,1.100000
nan,nan,nan,nan,nan,nan,nan,nan,nan,nan,nan,nan,nan,3.000000,3.000000,nan,nan,1.000000
nan,nan,nan,nan,nan,nan,nan,nan,nan,nan,nan,nan,nan,0.500000,1.100000,nan,nan,0.400000
nan,nan,nan,nan,nan,nan,nan,nan,nan,nan,nan,nan,nan,1.200000,2.100000,nan,nan,1.800000
nan,nan,nan,nan,nan,nan,nan,nan,nan,nan,nan,nan,nan,0.100000,3.000000,nan,nan,1.100000
nan,nan,nan,nan,nan,nan,nan,nan,nan,nan,nan,nan,nan,1.400000,0.100000,nan,nan,1.000000
nan,nan,nan,nan,nan,nan,nan,nan,nan,nan,nan,nan,nan,1.000000,0.100000,nan,nan,1.000000
nan,nan,nan,nan,nan,nan,nan,nan,nan,nan,nan,nan,nan,6.000000,1.000000,nan,nan,1.100000
nan,nan,nan,nan,nan,nan,nan,nan,nan,nan,nan,nan,nan,1.000000,1.200000,nan,nan,1.300000
nan,nan,nan,nan,nan,nan,nan,nan,nan,nan,nan,nan,nan,0.100000,2.200000,nan,nan,1.300000
nan,nan,nan,nan,nan,nan,nan,nan,nan,nan,nan,nan,nan,1.100000,1.000000,nan,nan,2.100000
nan,nan,nan,nan,nan,nan,nan,nan,nan,nan,nan,nan,nan,1.300000,0.100000,nan,nan,1.500000
nan,nan,nan,nan,nan,nan,nan,nan,nan,nan,nan,nan,nan,1.100000,1.200000,nan,nan,1.500000
nan,nan,nan,nan,nan,nan,nan,nan,nan,nan,nan,nan,nan,1.100000,1.000000,nan,nan,1.100000
nan,nan,nan,nan,nan,nan,nan,nan,nan,nan,nan,nan,nan,1.100000,2.100000,nan,nan,2.300000
nan,nan,nan,nan,nan,nan,nan,nan,nan,nan,nan,nan,nan,1.400000,1.100000,nan,nan,1.300000
nan,nan,nan,nan,nan,nan,nan,nan,nan,nan,nan,nan,nan,1.200000,0.400000,nan,nan,2.400000
nan,nan,nan,nan,nan,nan,nan,nan,nan,nan,nan,nan,nan,1.000000,2.000000,nan,nan,1.500000
nan,nan,nan,nan,nan,nan,nan,nan,nan,nan,nan,nan,nan,3.100000,2.100000,nan,nan,1.000000
nan,nan,nan,nan,nan,nan,nan,nan,nan,nan,nan,nan,nan,1.000000,1.100000,nan,nan,1.100000
nan,nan,nan,nan,nan,nan,nan,nan,nan,nan,nan,nan,nan,0.000000,3.200000,nan,nan,1.100000
nan,nan,nan,nan,nan,nan,nan,nan,nan,nan,nan,nan,nan,1.000000,1.100000,nan,nan,6.400000
nan,nan,nan,nan,nan,nan,nan,nan,nan,nan,nan,nan,nan,1.300000,1.100000,nan,nan,1.300000
nan,nan,nan,nan,nan,nan,nan,nan,nan,nan,nan,nan,nan,2.200000,0.400000,nan,nan,1.000000
nan,nan,nan,nan,nan,nan,nan,nan,nan,nan,nan,nan,nan,2.000000,1.200000,nan,nan,3.100000
nan,nan,nan,nan,nan,nan,nan,nan,nan,nan,nan,nan,nan,2.000000,1.000000,nan,nan,1.100000
nan,nan,nan,nan,nan,nan,nan,nan,nan,nan,nan,nan,nan,1.000000,0.400000,nan,nan,1.100000
nan,nan,nan,nan,nan,nan,nan,nan,nan,nan,nan,nan,nan,1.100000,0.100000,nan,nan,1.100000
nan,nan,nan,nan,nan,nan,nan,nan,nan,nan,nan,nan,nan,0.200000,0.100000,nan,nan,1.200000
nan,nan,nan,nan,nan,nan,nan,nan,nan,nan,nan,nan,nan,1.100000,0.200000,nan,nan,1.000000
nan,nan,nan,nan,nan,nan,nan,nan,nan,nan,nan,nan,nan,0.100000,0.200000,nan,nan,2.100000
nan,nan,nan,nan,nan,nan,nan,nan,nan,nan,nan,nan,nan,1.200000,0.000000,nan,nan,1.100000
nan,nan,nan,nan,nan,nan,nan,nan,nan,nan,nan,nan,nan,1.100000,2.100000,nan,nan,1.000000
nan,nan,nan,nan,nan,nan,nan,nan,nan,nan,nan,nan,nan,1.300000,0.400000,nan,nan,0.400000
nan,nan,nan,nan,nan,nan,nan,nan,nan,nan,nan,nan,nan,0.200000,1.100000,nan,nan,0.100000
nan,nan,nan,nan,nan,nan,nan,nan,nan,nan,nan,nan,nan,0.200000,0.100000,nan,nan,3.100000
nan,nan,nan,nan,nan,nan,nan,nan,nan,nan,nan,nan,nan,0.100000,1.000000,nan,nan,1.200000
nan,nan,nan,nan,nan,nan,nan,nan,nan,nan,nan,nan,nan,1.100000,1.200000,nan,nan,2.100000
nan,nan,nan,nan,nan,nan,nan,nan,nan,nan,nan,nan,nan,1.100000,0.100000,nan,nan,2.200000
nan,nan,nan,nan,nan,nan,nan,nan,nan,nan,nan,nan,nan,1.200000,0.100000,nan,nan,1.300000
nan,nan,nan,nan,nan,nan,nan,nan,nan,nan,nan,nan,nan,1.000000,1.500000,nan,nan,1.000000
nan,nan,nan,nan,nan,nan,nan,nan,nan,nan,nan,nan,nan,1.000000,1.200000,nan,nan,1.100000
nan,nan,nan,nan,nan,nan,nan,nan,nan,nan,nan,nan,nan,2.000000,0.200000,nan,nan,1.300000
nan,nan,nan,nan,nan,nan,nan,nan,nan,nan,nan,nan,nan,0.200000,1.100000,nan,nan,2.000000
nan,nan,nan,nan,nan,nan,nan,nan,nan,nan,nan,nan,nan,1.100000,1.000000,nan,nan,1.500000
nan,nan,nan,nan,nan,nan,nan,nan,nan,nan,nan,nan,nan,1.300000,1.100000,nan,nan,2.100000
nan,nan,nan,nan,nan,nan,nan,nan,nan,nan,nan,nan,nan,2.100000,1.300000,nan,nan,1.100000
nan,nan,nan,nan,nan,nan,nan,nan,nan,nan,nan,nan,nan,0.200000,1.100000,nan,nan,2.200000
nan,nan,nan,nan,nan,nan,nan,nan,nan,nan,nan,nan,nan,0.100000,2.100000,nan,nan,0.200000
nan,nan,nan,nan,nan,nan,nan,nan,nan,nan,nan,nan,nan,1.000000,0.100000,nan,nan,0.200000
nan,nan,nan,nan,nan,nan,nan,nan,nan,nan,nan,nan,nan,0.600000,0.400000,nan,nan,2.200000
nan,nan,nan,nan,nan,nan,nan,nan,nan,nan,nan,nan,nan,1.100000,2.300000,nan,nan,1.500000
nan,nan,nan,nan,nan,nan,nan,nan,nan,nan,nan,nan,nan,0.300000,1.500000,nan,nan,1.100000
nan,nan,nan,nan,nan,nan,nan,nan,nan,nan,nan,nan,nan,1.100000,1.200000,nan,nan,1.000000
nan,nan,nan,nan,nan,nan,nan,nan,nan,nan,nan,nan,nan,1.000000,0.100000,nan,nan,2.100000
nan,nan,nan,nan,nan,nan,nan,nan,nan,nan,nan,nan,nan,2.100000,0.200000,nan,nan,3.000000
nan,nan,nan,nan,nan,nan,nan,nan,nan,nan,nan,nan,nan,1.200000,0.100000,nan,nan,0.400000
nan,nan,nan,nan,nan,nan,nan,nan,nan,nan,nan,nan,nan,0.100000,0.300000,nan,nan,2.200000
nan,nan,nan,nan,nan,nan,nan,nan,nan,nan,nan,nan,nan,0.100000,1.200000,nan,nan,1.000000
nan,nan,nan,nan,nan,nan,nan,nan,nan,nan,nan,nan,nan,0.100000,0.200000,nan,nan,1.500000
nan,nan,nan,nan,nan,nan,nan,nan,nan,nan,nan,nan,nan,2.100000,1.500000,nan,nan,2.400000
nan,nan,nan,nan,nan,nan,nan,nan,nan,nan,nan,nan,nan,0.100000,1.100000,nan,nan,1.700000
nan,nan,nan,nan,nan,nan,nan,nan,nan,nan,nan,nan,nan,2.000000,0.100000,nan,nan,1.500000
nan,nan,nan,nan,nan,nan,nan,nan,nan,nan,nan,nan,nan,6.000000,1.000000,nan,nan,1.300000
nan,nan,nan,nan,nan,nan,nan,nan,nan,nan,nan,nan,nan,1.200000,0.200000,nan,nan,1.000000
nan,nan,nan,nan,nan,nan,nan,nan,nan,nan,nan,nan,nan,1.100000,0.100000,nan,nan,1.000000
nan,nan,nan,nan,nan,nan,nan,nan,nan,nan,nan,nan,nan,1.100000,0.100000,nan,nan,1.000000
nan,nan,nan,nan,nan,nan,nan,nan,nan,nan,nan,nan,nan,0.000000,0.000000,nan,nan,1.000000
nan,nan,nan,nan,nan,nan,nan,nan,nan,nan,nan,nan,nan,1.400000,0.100000,nan,nan,0.400000
nan,nan,nan,nan,nan,nan,nan,nan,nan,nan,nan,nan,nan,1.100000,1.200000,nan,nan,0.100000
nan,nan,nan,nan,nan,nan,nan,nan,nan,nan,nan,nan,nan,1.000000,1.100000,nan,nan,2.600000
nan,nan,nan,nan,nan,nan,nan,nan,nan,nan,nan,nan,nan,2.000000,1.000000,nan,nan,0.100000
nan,nan,nan,nan,nan,nan,nan,nan,nan,nan,nan,nan,nan,0.100000,4.100000,nan,nan,2.000000
nan,nan,nan,nan,nan,nan,nan,nan,nan,nan,nan,nan,nan,1.000000,2.100000,nan,nan,1.200000
nan,nan,nan,nan,nan,nan,nan,nan,nan,nan,nan,nan,nan,1.200000,1.100000,nan,nan,1.300000
nan,nan,nan,nan,nan,nan,nan,nan,nan,nan,nan,nan,nan,1.200000,1.200000,nan,nan,1.100000
nan,nan,nan,nan,nan,nan,nan,nan,nan,nan,nan,nan,nan,0.100000,0.100000,nan,nan,1.400000
nan,nan,nan,nan,nan,nan,nan,nan,nan,nan,nan,nan,nan,2.200000,0.100000,nan,nan,1.100000
nan,nan,nan,nan,nan,nan,nan,nan,nan,nan,nan,nan,nan,3.000000,2.000000,nan,nan,1.000000
nan,nan,nan,nan,nan,nan,nan,nan,nan,nan,nan,nan,nan,2.000000,1.500000,nan,nan,2.000000
nan,nan,nan,nan,nan,nan,nan,nan,nan,nan,nan,nan,nan,1.100000,1.100000,nan,nan,0.200000
nan,nan,nan,nan,nan,nan,nan,nan,nan,nan,nan,nan,nan,1.100000,0.200000,nan,nan,1.200000
nan,nan,nan,nan,nan,nan,nan,nan,nan,nan,nan,nan,nan,0.100000,0.000000,nan,nan,1.300000
nan,nan,nan,nan,nan,nan,nan,nan,nan,nan,nan,nan,nan,1.000000,1.000000,nan,nan,1.000000
nan,nan,nan,nan,nan,nan,nan,nan,nan,nan,nan,nan,nan,0.100000,2.300000,nan,nan,0.200000
nan,nan,nan,nan,nan,nan,nan,nan,nan,nan,nan,nan,nan,1.200000,2.200000,nan,nan,2.000000
nan,nan,nan,nan,nan,nan,nan,nan,nan,nan,nan,nan,nan,1.200000,2.200000,nan,nan,2.300000
nan,nan,nan,nan,nan,nan,nan,nan,nan,nan,nan,nan,nan,2.000000,0.100000,nan,nan,1.500000
nan,nan,nan,nan,nan,nan,nan,nan,nan,nan,nan,nan,nan,1.100000,1.000000,nan,nan,1.300000
nan,nan,nan,nan,nan,nan,nan,nan,nan,nan,nan,nan,nan,3.000000,0.100000,nan,nan,0.700000
nan,nan,nan,nan,nan,nan,nan,nan,nan,nan,nan,nan,nan,1.000000,0.100000,nan,nan,2.000000
nan,nan,nan,nan,nan,nan,nan,nan,nan,nan,nan,nan,nan,3.300000,0.100000,nan,nan,1.200000
nan,nan,nan,nan,nan,nan,nan,nan,nan,nan,nan,nan,nan,0.100000,1.000000,nan,nan,1.200000
nan,nan,nan,nan,nan,nan,nan,nan,nan,nan,nan,nan,nan,1.100000,0.500000,nan,nan,2.000000
nan,nan,nan,nan,nan,nan,nan,nan,nan,nan,nan,nan,nan,0.100000,1.100000,nan,nan,2.200000
nan,nan,nan,nan,nan,nan,nan,nan,nan,nan,nan,nan,nan,0.100000,1.100000,nan,nan,2.100000
nan,nan,nan,nan,nan,nan,nan,nan,nan,nan,nan,nan,nan,1.100000,0.100000,nan,nan,2.200000
nan,nan,nan,nan,nan,nan,nan,nan,nan,nan,nan,nan,nan,0.400000,0.000000,nan,nan,1.200000
nan,nan,nan,nan,nan,nan,nan,nan,nan,nan,nan,nan,nan,4.000000,2.000000,nan,nan,1.700000
nan,nan,nan,nan,nan,nan,nan,nan,nan,nan,nan,nan,nan,0.200000,1.300000,nan,nan,2.000000
nan,nan,nan,nan,nan,nan,nan,nan,nan,nan,nan,nan,nan,1.000000,1.100000,nan,nan,2.200000
nan,nan,nan,nan,nan,nan,nan,nan,nan,nan,nan,nan,nan,1.000000,1.100000,nan,nan,1.100000
nan,nan,nan,nan,nan,nan,nan,nan,nan,nan,nan,nan,nan,2.100000,0.100000,nan,nan,2.000000
nan,nan,nan,nan,nan,nan,nan,nan,nan,nan,nan,nan,nan,1.200000,0.100000,nan,nan,2.600000
nan,nan,nan,nan,nan,nan,nan,nan,nan,nan,nan,nan,nan,0.200000,0.400000,nan,nan,1.100000
nan,nan,nan,nan,nan,nan,nan,nan,nan,nan,nan,nan,nan,1.100000,2.000000,nan,nan,2.000000
nan,nan,nan,nan,nan,nan,nan,nan,nan,nan,nan,nan,nan,0.200000,0.100000,nan,nan,1.000000
nan,nan,nan,nan,nan,nan,nan,nan,nan,nan,nan,nan,nan,8.000000,3.100000,nan,nan,4.000000
nan,nan,nan,nan,nan,nan,nan,nan,nan,nan,nan,nan,nan,1.000000,0.100000,nan,nan,6.000000
nan,nan,nan,nan,nan,nan,nan,nan,nan,nan,nan,nan,nan,1.000000,0.100000,nan,nan,1.200000
nan,nan,nan,nan,nan,nan,nan,nan,nan,nan,nan,nan,nan,1.100000,0.200000,nan,nan,1.000000
nan,nan,nan,nan,nan,nan,nan,nan,nan,nan,nan,nan,nan,0.200000,0.600000,nan,nan,1.000000
nan,nan,nan,nan,nan,nan,nan,nan,nan,nan,nan,nan,nan,1.000000,0.300000,nan,nan,1.100000
nan,nan,nan,nan,nan,nan,nan,nan,nan,nan,nan,nan,nan,1.500000,0.400000,nan,nan,4.000000
nan,nan,nan,nan,nan,nan,nan,nan,nan,nan,nan,nan,nan,0.100000,0.000000,nan,nan,2.200000
nan,nan,nan,nan,nan,nan,nan,nan,nan,nan,nan,nan,nan,1.000000,0.300000,nan,nan,1.200000
nan,nan,nan,nan,nan,nan,nan,nan,nan,nan,nan,nan,nan,2.100000,0.100000,nan,nan,1.100000
nan,nan,nan,nan,nan,nan,nan,nan,nan,nan,nan,nan,nan,1.100000,0.000000,nan,nan,1.100000
nan,nan,nan,nan,nan,nan,nan,nan,nan,nan,nan,nan,nan,1.100000,1.000000,nan,nan,0.100000
nan,nan,nan,nan,nan,nan,nan,nan,nan,nan,nan,nan,nan,1.200000,0.100000,nan,nan,3.300000
nan,nan,nan,nan,nan,nan,nan,nan,nan,nan,nan,nan,nan,0.100000,0.100000,nan,nan,2.700000
nan,nan,nan,nan,nan,nan,nan,nan,nan,nan,nan,nan,nan,1.000000,1.200000,nan,nan,1.100000
nan,nan,nan,nan,nan,nan,nan,nan,nan,nan,nan,nan,nan,2.000000,3.100000,nan,nan,2.800000
nan,nan,nan,nan,nan,nan,nan,nan,nan,nan,nan,nan,nan,1.000000,1.300000,nan,nan,3.100000
nan,nan,nan,nan,nan,nan,nan,nan,nan,nan,nan,nan,nan,1.100000,0.200000,nan,nan,2.300000
nan,nan,nan,nan,nan,nan,nan,nan,nan,nan,nan,nan,nan,1.100000,1.300000,nan,nan,3.100000
nan,nan,nan,nan,nan,nan,nan,nan,nan,nan,nan,nan,nan,0.100000,1.100000,nan,nan,1.000000
nan,nan,nan,nan,nan,nan,nan,nan,nan,nan,nan,nan,nan,0.100000,1.000000,nan,nan,2.000000
nan,nan,nan,nan,nan,nan,nan,nan,nan,nan,nan,nan,nan,1.000000,2.000000,nan,nan,3.000000
nan,nan,nan,nan,nan,nan,nan,nan,nan,nan,nan,nan,nan,0.200000,1.500000,nan,nan,3.100000
nan,nan,nan,nan,nan,nan,nan,nan,nan,nan,nan,nan,nan,0.500000,0.200000,nan,nan,1.000000
nan,nan,nan,nan,nan,nan,nan,nan,nan,nan,nan,nan,nan,1.100000,0.000000,nan,nan,1.000000
nan,nan,nan,nan,nan,nan,nan,nan,nan,nan,nan,nan,nan,0.200000,1.400000,nan,nan,0.200000
nan,nan,nan,nan,nan,nan,nan,nan,nan,nan,nan,nan,nan,2.100000,3.000000,nan,nan,2.300000
nan,nan,nan,nan,nan,nan,nan,nan,nan,nan,nan,nan,nan,1.100000,0.100000,nan,nan,1.000000
nan,nan,nan,nan,nan,nan,nan,nan,nan,nan,nan,nan,nan,0.100000,3.200000,nan,nan,1.000000
nan,nan,nan,nan,nan,nan,nan,nan,nan,nan,nan,nan,nan,1.100000,1.500000,nan,nan,0.100000
nan,nan,nan,nan,nan,nan,nan,nan,nan,nan,nan,nan,nan,0.100000,2.100000,nan,nan,2.000000
nan,nan,nan,nan,nan,nan,nan,nan,nan,nan,nan,nan,nan,0.100000,1.400000,nan,nan,2.000000
nan,nan,nan,nan,nan,nan,nan,nan,nan,nan,nan,nan,nan,1.000000,0.100000,nan,nan,1.100000
nan,nan,nan,nan,nan,nan,nan,nan,nan,nan,nan,nan,nan,1.200000,3.000000,nan,nan,2.000000
nan,nan,nan,nan,nan,nan,nan,nan,nan,nan,nan,nan,nan,2.200000,1.000000,nan,nan,1.100000
nan,nan,nan,nan,nan,nan,nan,nan,nan,nan,nan,nan,nan,2.100000,1.000000,nan,nan,2.200000
nan,nan,nan,nan,nan,nan,nan,nan,nan,nan,nan,nan,nan,1.000000,2.100000,nan,nan,1.100000
nan,nan,nan,nan,nan,nan,nan,nan,nan,nan,nan,nan,nan,1.100000,2.000000,nan,nan,1.100000
nan,nan,nan,nan,nan,nan,nan,nan,nan,nan,nan,nan,nan,2.100000,3.300000,nan,nan,2.100000
nan,nan,nan,nan,nan,nan,nan,nan,nan,nan,nan,nan,nan,1.400000,2.200000,nan,nan,2.000000
nan,nan,nan,nan,nan,nan,nan,nan,nan,nan,nan,nan,nan,1.300000,0.100000,nan,nan,2.300000
nan,nan,nan,nan,nan,nan,nan,nan,nan,nan,nan,nan,nan,2.000000,1.100000,nan,nan,2.100000
nan,nan,nan,nan,nan,nan,nan,nan,nan,nan,nan,nan,nan,0.100000,0.400000,nan,nan,3.400000
nan,nan,nan,nan,nan,nan,nan,nan,nan,nan,nan,nan,nan,0.100000,0.300000,nan,nan,1.100000
nan,nan,nan,nan,nan,nan,nan,nan,nan,nan,nan,nan,nan,1.200000,0.100000,nan,nan,1.100000
nan,nan,nan,nan,nan,nan,nan,nan,nan,nan,nan,nan,nan,1.200000,1.200000,nan,nan,1.200000
nan,nan,nan,nan,nan,nan,nan,nan,nan,nan,nan,nan,nan,1.000000,4.000000,nan,nan,1.500000
nan,nan,nan,nan,nan,nan,nan,nan,nan,nan,nan,nan,nan,3.100000,3.200000,nan,nan,1.200000
nan,nan,nan,nan,nan,nan,nan,nan,nan,nan,nan,nan,nan,0.000000,0.200000,nan,nan,1.200000
nan,nan,nan,nan,nan,nan,nan,nan,nan,nan,nan,nan,nan,3.100000,2.300000,nan,nan,1.200000
nan,nan,nan,nan,nan,nan,nan,nan,nan,nan,nan,nan,nan,1.000000,1.200000,nan,nan,1.700000
nan,nan,nan,nan,nan,nan,nan,nan,nan,nan,nan,nan,nan,0.100000,0.100000,nan,nan,1.200000
nan,nan,nan,nan,nan,nan,nan,nan,nan,nan,nan,nan,nan,0.100000,1.100000,nan,nan,1.100000
nan,nan,nan,nan,nan,nan,nan,nan,nan,nan,nan,nan,nan,0.200000,1.200000,nan,nan,1.200000
nan,nan,nan,nan,nan,nan,nan,nan,nan,nan,nan,nan,nan,0.000000,1.000000,nan,nan,3.400000
nan,nan,nan,nan,nan,nan,nan,nan,nan,nan,nan,nan,nan,0.100000,1.000000,nan,nan,1.400000
nan,nan,nan,nan,nan,nan,nan,nan,nan,nan,nan,nan,nan,1.100000,0.100000,nan,nan,1.500000
nan,nan,nan,nan,nan,nan,nan,nan,nan,nan,nan,nan,nan,1.000000,1.200000,nan,nan,1.500000
nan,nan,nan,nan,nan,nan,nan,nan,nan,nan,nan,nan,nan,0.300000,1.100000,nan,nan,0.100000
nan,nan,nan,nan,nan,nan,nan,nan,nan,nan,nan,nan,nan,1.300000,2.100000,nan,nan,1.200000
nan,nan,nan,nan,nan,nan,nan,nan,nan,nan,nan,nan,nan,0.100000,0.200000,nan,nan,1.200000
nan,nan,nan,nan,nan,nan,nan,nan,nan,nan,nan,nan,nan,1.000000,2.100000,nan,nan,4.000000
nan,nan,nan,nan,nan,nan,nan,nan,nan,nan,nan,nan,nan,2.300000,1.400000,nan,nan,2.100000
nan,nan,nan,nan,nan,nan,nan,nan,nan,nan,nan,nan,nan,1.100000,2.100000,nan,nan,1.100000
nan,nan,nan,nan,nan,nan,nan,nan,nan,nan,nan,nan,nan,0.100000,2.200000,nan,nan,1.200000
nan,nan,nan,nan,nan,nan,nan,nan,nan,nan,nan,nan,nan,3.100000,0.300000,nan,nan,1.200000
nan,nan,nan,nan,nan,nan,nan,nan,nan,nan,nan,nan,nan,1.000000,1.500000,nan,nan,5.100000
nan,nan,nan,nan,nan,nan,nan,nan,nan,nan,nan,nan,nan,1.100000,1.500000,nan,nan,0.100000
nan,nan,nan,nan,nan,nan,nan,nan,nan,nan,nan,nan,nan,1.100000,1.300000,nan,nan,2.000000
nan,nan,nan,nan,nan,nan,nan,nan,nan,nan,nan,nan,nan,0.100000,1.200000,nan,nan,2.200000
nan,nan,nan,nan,nan,nan,nan,nan,nan,nan,nan,nan,nan,1.100000,1.000000,nan,nan,1.200000
nan,nan,nan,nan,nan,nan,nan,nan,nan,nan,nan,nan,nan,6.000000,2.300000,nan,nan,1.200000
nan,nan,nan,nan,nan,nan,nan,nan,nan,nan,nan,nan,nan,0.100000,2.000000,nan,nan,2.000000
nan,nan,nan,nan,nan,nan,nan,nan,nan,nan,nan,nan,nan,1.400000,1.000000,nan,nan,2.400000
nan,nan,nan,nan,nan,nan,nan,nan,nan,nan,nan,nan,nan,1.000000,2.200000,nan,nan,3.300000
nan,nan,nan,nan,nan,nan,nan,nan,nan,nan,nan,nan,nan,1.000000,1.100000,nan,nan,1.300000
nan,nan,nan,nan,nan,nan,nan,nan,nan,nan,nan,nan,nan,1.200000,0.100000,nan,nan,2.200000
nan,nan,nan,nan,nan,nan,nan,nan,nan,nan,nan,nan,nan,1.300000,6.200000,nan,nan,1.100000
nan,nan,nan,nan,nan,nan,nan,nan,nan,nan,nan,nan,nan,1.200000,0.100000,nan,nan,1.300000
nan,nan,nan,nan,nan,nan,nan,nan,nan,nan,nan,nan,nan,1.000000,0.000000,nan,nan,1.500000
nan,nan,nan,nan,nan,nan,nan,nan,nan,nan,nan,nan,nan,3.000000,5.100000,nan,nan,2.400000
nan,nan,nan,nan,nan,nan,nan,nan,nan,nan,nan,nan,nan,1.000000,1.400000,nan,nan,6.000000
nan,nan,nan,nan,nan,nan,nan,nan,nan,nan,nan,nan,nan,0.100000,2.300000,nan,nan,2.300000
nan,nan,nan,nan,nan,nan,nan,nan,nan,nan,nan,nan,nan,1.100000,1.000000,nan,nan,2.300000
nan,nan,nan,nan,nan,nan,nan,nan,nan,nan,nan,nan,nan,1.000000,0.200000,nan,nan,1.000000
nan,nan,nan,nan,nan,nan,nan,nan,nan,nan,nan,nan,nan,1.200000,2.100000,nan,nan,0.200000
nan,nan,nan,nan,nan,nan,nan,nan,nan,nan,nan,nan,nan,1.000000,0.300000,nan,nan,1.000000
nan,nan,nan,nan,nan,nan,nan,nan,nan,nan,nan,nan,nan,1.200000,0.200000,nan,nan,1.300000
nan,nan,nan,nan,nan,nan,nan,nan,nan,nan,nan,nan,nan,1.100000,1.100000,nan,nan,1.200000
nan,nan,nan,nan,nan,nan,nan,nan,nan,nan,nan,nan,nan,0.100000,0.100000,nan,nan,1.000000
nan,nan,nan,nan,nan,nan,nan,nan,nan,nan,nan,nan,nan,1.000000,1.000000,nan,nan,2.100000
nan,nan,nan,nan,nan,nan,nan,nan,nan,nan,nan,nan,nan,1.100000,0.000000,nan,nan,2.000000
nan,nan,nan,nan,nan,nan,nan,nan,nan,nan,nan,nan,nan,1.300000,1.100000,nan,nan,1.000000
nan,nan,nan,nan,nan,nan,nan,nan,nan,nan,nan,nan,nan,2.000000,2.100000,nan,nan,1.100000
nan,nan,nan,nan,nan,nan,nan,nan,nan,nan,nan,nan,nan,1.200000,1.200000,nan,nan,2.000000
nan,nan,nan,nan,nan,nan,nan,nan,nan,nan,nan,nan,nan,1.100000,0.100000,nan,nan,1.300000
nan,nan,nan,nan,nan,nan,nan,nan,nan,nan,nan,nan,nan,0.200000,1.200000,nan,nan,2.400000
nan,nan,nan,nan,nan,nan,nan,nan,nan,nan,nan,nan,nan,1.100000,1.200000,nan,nan,2.200000
nan,nan,nan,nan,nan,nan,nan,nan,nan,nan,nan,nan,nan,1.200000,2.100000,nan,nan,1.100000
nan,nan,nan,nan,nan,nan,nan,nan,nan,nan,nan,nan,nan,1.100000,1.200000,nan,nan,1.100000
nan,nan,nan,nan,nan,nan,nan,nan,nan,nan,nan,nan,nan,1.100000,1.200000,nan,nan,1.500000
nan,nan,nan,nan,nan,nan,nan,nan,nan,nan,nan,nan,nan,2.100000,1.100000,nan,nan,1.500000
nan,nan,nan,nan,nan,nan,nan,nan,nan,nan,nan,nan,nan,1.200000,3.300000,nan,nan,1.300000
nan,nan,nan,nan,nan,nan,nan,nan,nan,nan,nan,nan,nan,2.000000,1.200000,nan,nan,2.200000
nan,nan,nan,nan,nan,nan,nan,nan,nan,nan,nan,nan,nan,2.000000,1.100000,nan,nan,0.000000
nan,nan,nan,nan,nan,nan,nan,nan,nan,nan,nan,nan,nan,1.400000,2.100000,nan,nan,2.100000
nan,nan,nan,nan,nan,nan,nan,nan,nan,nan,nan,nan,nan,1.100000,0.000000,nan,nan,1.200000
nan,nan,nan,nan,nan,nan,nan,nan,nan,nan,nan,nan,nan,2.000000,1.000000,nan,nan,1.000000
nan,nan,nan,nan,nan,nan,nan,nan,nan,nan,nan,nan,nan,0.100000,0.200000,nan,nan,2.600000
nan,nan,nan,nan,nan,nan,nan,nan,nan,nan,nan,nan,nan,1.100000,1.300000,nan,nan,1.000000
nan,nan,nan,nan,nan,nan,nan,nan,nan,nan,nan,nan,nan,1.000000,0.400000,nan,nan,0.400000
nan,nan,nan,nan,nan,nan,nan,nan,nan,nan,nan,nan,nan,1.100000,1.200000,nan,nan,1.700000
nan,nan,nan,nan,nan,nan,nan,nan,nan,nan,nan,nan,nan,0.100000,0.400000,nan,nan,1.100000
nan,nan,nan,nan,nan,nan,nan,nan,nan,nan,nan,nan,nan,1.100000,2.100000,nan,nan,2.300000
nan,nan,nan,nan,nan,nan,nan,nan,nan,nan,nan,nan,nan,0.100000,2.100000,nan,nan,1.200000
nan,nan,nan,nan,nan,nan,nan,nan,nan,nan,nan,nan,nan,0.100000,3.000000,nan,nan,1.300000
nan,nan,nan,nan,nan,nan,nan,nan,nan,nan,nan,nan,nan,0.200000,2.000000,nan,nan,3.100000
nan,nan,nan,nan,nan,nan,nan,nan,nan,nan,nan,nan,nan,2.000000,1.000000,nan,nan,1.300000
nan,nan,nan,nan,nan,nan,nan,nan,nan,nan,nan,nan,nan,2.200000,1.200000,nan,nan,4.000000
nan,nan,nan,nan,nan,nan,nan,nan,nan,nan,nan,nan,nan,1.000000,3.100000,nan,nan,1.100000
nan,nan,nan,nan,nan,nan,nan,nan,nan,nan,nan,nan,nan,1.200000,1.000000,nan,nan,1.300000
nan,nan,nan,nan,nan,nan,nan,nan,nan,nan,nan,nan,nan,0.100000,1.100000,nan,nan,1.100000
nan,nan,nan,nan,nan,nan,nan,nan,nan,nan,nan,nan,nan,1.100000,0.000000,nan,nan,0.200000
nan,nan,nan,nan,nan,nan,nan,nan,nan,nan,nan,nan,nan,2.200000,0.000000,nan,nan,1.100000
nan,nan,nan,nan,nan,nan,nan,nan,nan,nan,nan,nan,nan,1.100000,1.100000,nan,nan,1.700000
nan,nan,nan,nan,nan,nan,nan,nan,nan,nan,nan,nan,nan,0.100000,0.100000,nan,nan,1.500000
nan,nan,nan,nan,nan,nan,nan,nan,nan,nan,nan,nan,nan,2.100000,0.100000,nan,nan,1.100000
nan,nan,nan,nan,nan,nan,nan,nan,nan,nan,nan,nan,nan,0.100000,0.100000,nan,nan,1.700000
nan,nan,nan,nan,nan,nan,nan,nan,nan,nan,nan,nan,nan,1.100000,2.000000,nan,nan,1.100000
nan,nan,nan,nan,nan,nan,nan,nan,nan,nan,nan,nan,nan,0.100000,2.200000,nan,nan,2.000000
nan,nan,nan,nan,nan,nan,nan,nan,nan,nan,nan,nan,nan,1.100000,1.300000,nan,nan,1.100000
nan,nan,nan,nan,nan,nan,nan,nan,nan,nan,nan,nan,nan,1.100000,1.200000,nan,nan,2.200000
nan,nan,nan,nan,nan,nan,nan,nan,nan,nan,nan,nan,nan,1.100000,1.000000,nan,nan,1.100000
nan,nan,nan,nan,nan,nan,nan,nan,nan,nan,nan,nan,nan,2.000000,1.200000,nan,nan,0.400000
nan,nan,nan,nan,nan,nan,nan,nan,nan,nan,nan,nan,nan,0.100000,1.600000,nan,nan,1.100000
nan,nan,nan,nan,nan,nan,nan,nan,nan,nan,nan,nan,nan,1.000000,1.100000,nan,nan,1.100000
nan,nan,nan,nan,nan,nan,nan,nan,nan,nan,nan,nan,nan,1.200000,1.000000,nan,nan,2.000000
nan,nan,nan,nan,nan,nan,nan,nan,nan,nan,nan,nan,nan,0.200000,2.100000,nan,nan,1.700000
nan,nan,nan,nan,nan,nan,nan,nan,nan,nan,nan,nan,nan,0.000000,1.100000,nan,nan,3.300000
nan,nan,nan,nan,nan,nan,nan,nan,nan,nan,nan,nan,nan,1.000000,1.100000,nan,nan,6.400000
nan,nan,nan,nan,nan,nan,nan,nan,nan,nan,nan,nan,nan,1.000000,3.100000,nan,nan,2.400000
nan,nan,nan,nan,nan,nan,nan,nan,nan,nan,nan,nan,nan,1.300000,1.300000,nan,nan,4.000000
nan,nan,nan,nan,nan,nan,nan,nan,nan,nan,nan,nan,nan,0.200000,0.200000,nan,nan,1.100000
nan,nan,nan,nan,nan,nan,nan,nan,nan,nan,nan,nan,nan,1.000000,1.500000,nan,nan,4.400000
nan,nan,nan,nan,nan,nan,nan,nan,nan,nan,nan,nan,nan,0.100000,0.500000,nan,nan,1.200000
nan,nan,nan,nan,nan,nan,nan,nan,nan,nan,nan,nan,nan,1.000000,1.000000,nan,nan,1.500000
nan,nan,nan,nan,nan,nan,nan,nan,nan,nan,nan,nan,nan,3.100000,1.200000,nan,nan,1.100000
nan,nan,nan,nan,nan,nan,nan,nan,nan,nan,nan,nan,nan,1.000000,1.300000,nan,nan,3.100000
nan,nan,nan,nan,nan,nan,nan,nan,nan,nan,nan,nan,nan,0.200000,1.200000,nan,nan,0.000000
nan,nan,nan,nan,nan,nan,nan,nan,nan,nan,nan,nan,nan,1.000000,0.200000,nan,nan,3.300000
nan,nan,nan,nan,nan,nan,nan,nan,nan,nan,nan,nan,nan,0.200000,0.000000,nan,nan,0.100000
nan,nan,nan,nan,nan,nan,nan,nan,nan,nan,nan,nan,nan,1.000000,0.200000,nan,nan,1.200000
nan,nan,nan,nan,nan,nan,nan,nan,nan,nan,nan,nan,nan,0.400000,1.200000,nan,nan,1.000000
nan,nan,nan,nan,nan,nan,nan,nan,nan,nan,nan,nan,nan,0.100000,0.200000,nan,nan,1.100000
nan,nan,nan,nan,nan,nan,nan,nan,nan,nan,nan,nan,nan,1.300000,2.400000,nan,nan,2.100000
nan,nan,nan,nan,nan,nan,nan,nan,nan,nan,nan,nan,nan,0.100000,0.100000,nan,nan,2.400000
nan,nan,nan,nan,nan,nan,nan,nan,nan,nan,nan,nan,nan,1.100000,1.000000,nan,nan,1.000000
nan,nan,nan,nan,nan,nan,nan,nan,nan,nan,nan,nan,nan,0.100000,2.100000,nan,nan,1.500000
nan,nan,nan,nan,nan,nan,nan,nan,nan,nan,nan,nan,nan,0.100000,0.100000,nan,nan,1.200000
nan,nan,nan,nan,nan,nan,nan,nan,nan,nan,nan,nan,nan,1.100000,2.100000,nan,nan,0.200000
nan,nan,nan,nan,nan,nan,nan,nan,nan,nan,nan,nan,nan,0.100000,0.100000,nan,nan,2.200000
nan,nan,nan,nan,nan,nan,nan,nan,nan,nan,nan,nan,nan,0.100000,2.200000,nan,nan,1.000000
nan,nan,nan,nan,nan,nan,nan,nan,nan,nan,nan,nan,nan,0.100000,2.100000,nan,nan,1.500000
nan,nan,nan,nan,nan,nan,nan,nan,nan,nan,nan,nan,nan,0.000000,0.200000,nan,nan,3.000000
nan,nan,nan,nan,nan,nan,nan,nan,nan,nan,nan,nan,nan,1.000000,2.100000,nan,nan,0.100000
nan,nan,nan,nan,nan,nan,nan,nan,nan,nan,nan,nan,nan,1.100000,0.400000,nan,nan,2.200000
nan,nan,nan,nan,nan,nan,nan,nan,nan,nan,nan,nan,nan,0.300000,3.200000,nan,nan,1.100000
nan,nan,nan,nan,nan,nan,nan,nan,nan,nan,nan,nan,nan,0.100000,0.200000,nan,nan,1.200000
nan,nan,nan,nan,nan,nan,nan,nan,nan,nan,nan,nan,nan,1.100000,1.000000,nan,nan,3.000000
nan,nan,nan,nan,nan,nan,nan,nan,nan,nan,nan,nan,nan,1.200000,3.700000,nan,nan,1.000000
nan,nan,nan,nan,nan,nan,nan,nan,nan,nan,nan,nan,nan,0.400000,4.200000,nan,nan,2.400000
nan,nan,nan,nan,nan,nan,nan,nan,nan,nan,nan,nan,nan,1.100000,0.100000,nan,nan,2.600000
nan,nan,nan,nan,nan,nan,nan,nan,nan,nan,nan,nan,nan,2.200000,0.200000,nan,nan,1.100000
nan,nan,nan,nan,nan,nan,nan,nan,nan,nan,nan,nan,nan,2.100000,2.000000,nan,nan,1.400000
nan,nan,nan,nan,nan,nan,nan,nan,nan,nan,nan,nan,nan,0.000000,3.100000,nan,nan,2.000000
nan,nan,nan,nan,nan,nan,nan,nan,nan,nan,nan,nan,nan,0.100000,1.000000,nan,nan,1.000000
nan,nan,nan,nan,nan,nan,nan,nan,nan,nan,nan,nan,nan,0.000000,0.400000,nan,nan,1.300000
nan,nan,nan,nan,nan,nan,nan,nan,nan,nan,nan,nan,nan,3.100000,0.000000,nan,nan,2.400000
nan,nan,nan,nan,nan,nan,nan,nan,nan,nan,nan,nan,nan,2.000000,3.100000,nan,nan,2.100000
nan,nan,nan,nan,nan,nan,nan,nan,nan,nan,nan,nan,nan,0.200000,1.000000,nan,nan,1.700000
nan,nan,nan,nan,nan,nan,nan,nan,nan,nan,nan,nan,nan,1.100000,0.100000,nan,nan,1.200000
nan,nan,nan,nan,nan,nan,nan,nan,nan,nan,nan,nan,nan,0.200000,2.000000,nan,nan,2.100000
nan,nan,nan,nan,nan,nan,nan,nan,nan,nan,nan,nan,nan,2.200000,2.100000,nan,nan,2.000000
nan,nan,nan,nan,nan,nan,nan,nan,nan,nan,nan,nan,nan,3.100000,2.200000,nan,nan,2.100000
nan,nan,nan,nan,nan,nan,nan,nan,nan,nan,nan,nan,nan,1.000000,1.300000,nan,nan,0.100000
nan,nan,nan,nan,nan,nan,nan,nan,nan,nan,nan,nan,nan,0.100000,1.200000,nan,nan,1.200000
nan,nan,nan,nan,nan,nan,nan,nan,nan,nan,nan,nan,nan,0.300000,1.000000,nan,nan,1.400000
nan,nan,nan,nan,nan,nan,nan,nan,nan,nan,nan,nan,nan,2.000000,0.000000,nan,nan,1.300000
nan,nan,nan,nan,nan,nan,nan,nan,nan,nan,nan,nan,nan,1.000000,3.100000,nan,nan,0.800000
nan,nan,nan,nan,nan,nan,nan,nan,nan,nan,nan,nan,nan,1.000000,0.500000,nan,nan,1.300000
nan,nan,nan,nan,nan,nan,nan,nan,nan,nan,nan,nan,nan,0.300000,1.100000,nan,nan,0.100000
nan,nan,nan,nan,nan,nan,nan,nan,nan,nan,nan,nan,nan,0.100000,1.300000,nan,nan,2.400000
nan,nan,nan,nan,nan,nan,nan,nan,nan,nan,nan,nan,nan,1.000000,1.300000,nan,nan,1.000000
nan,nan,nan,nan,nan,nan,nan,nan,nan,nan,nan,nan,nan,0.200000,1.200000,nan,nan,1.100000
nan,nan,nan,nan,nan,nan,nan,nan,nan,nan,nan,nan,nan,1.200000,1.000000,nan,nan,2.200000
nan,nan,nan,nan,nan,nan,nan,nan,nan,nan,nan,nan,nan,1.200000,0.100000,nan,nan,1.100000
nan,nan,nan,nan,nan,nan,nan,nan,nan,nan,nan,nan,nan,2.100000,1.000000,nan,nan,4.000000
nan,nan,nan,nan,nan,nan,nan,nan,nan,nan,nan,nan,nan,0.100000,1.200000,nan,nan,2.000000
nan,nan,nan,nan,nan,nan,nan,nan,nan,nan,nan,nan,nan,2.100000,0.500000,nan,nan,1.000000
nan,nan,nan,nan,nan,nan,nan,nan,nan,nan,nan,nan,nan,0.100000,0.100000,nan,nan,2.400000
nan,nan,nan,nan,nan,nan,nan,nan,nan,nan,nan,nan,nan,1.100000,0.000000,nan,nan,1.300000
nan,nan,nan,nan,nan,nan,nan,nan,nan,nan,nan,nan,nan,0.000000,2.000000,nan,nan,0.100000
nan,nan,nan,nan,nan,nan,nan,nan,nan,nan,nan,nan,nan,0.400000,1.300000,nan,nan,1.400000
nan,nan,nan,nan,nan,nan,nan,nan,nan,nan,nan,nan,nan,0.100000,1.400000,nan,nan,1.200000
nan,nan,nan,nan,nan,nan,nan,nan,nan,nan,nan,nan,nan,2.000000,1.000000,nan,nan,2.300000
nan,nan,nan,nan,nan,nan,nan,nan,nan,nan,nan,nan,nan,0.100000,0.400000,nan,nan,0.200000
nan,nan,nan,nan,nan,nan,nan,nan,nan,nan,nan,nan,nan,1.000000,1.100000,nan,nan,2.000000
nan,nan,nan,nan,nan,nan,nan,nan,nan,nan,nan,nan,nan,0.100000,1.000000,nan,nan,2.900000
nan,nan,nan,nan,nan,nan,nan,nan,nan,nan,nan,nan,nan,0.300000,1.400000,nan,nan,2.200000
nan,nan,nan,nan,nan,nan,nan,nan,nan,nan,nan,nan,nan,0.100000,0.300000,nan,nan,2.100000
nan,nan,nan,nan,nan,nan,nan,nan,nan,nan,nan,nan,nan,0.100000,0.200000,nan,nan,1.000000
nan,nan,nan,nan,nan,nan,nan,nan,nan,nan,nan,nan,nan,1.500000,1.000000,nan,nan,2.100000
nan,nan,nan,nan,nan,nan,nan,nan,nan,nan,nan,nan,nan,1.100000,0.500000,nan,nan,1.100000
nan,nan,nan,nan,nan,nan,nan,nan,nan,nan,nan,nan,nan,0.300000,1.100000,nan,nan,2.200000
nan,nan,nan,nan,nan,nan,nan,nan,nan,nan,nan,nan,nan,1.100000,1.100000,nan,nan,1.100000
nan,nan,nan,nan,nan,nan,nan,nan,nan,nan,nan,nan,nan,1.000000,0.100000,nan,nan,2.000000
nan,nan,nan,nan,nan,nan,nan,nan,nan,nan,nan,nan,nan,1.200000,3.000000,nan,nan,1.100000
nan,nan,nan,nan,nan,nan,nan,nan,nan,nan,nan,nan,nan,1.100000,1.300000,nan,nan,1.100000
nan,nan,nan,nan,nan,nan,nan,nan,nan,nan,nan,nan,nan,1.200000,0.100000,nan,nan,0.100000
nan,nan,nan,nan,nan,nan,nan,nan,nan,nan,nan,nan,nan,0.100000,1.400000,nan,nan,4.000000
nan,nan,nan,nan,nan,nan,nan,nan,nan,nan,nan,nan,nan,1.100000,1.100000,nan,nan,0.200000
nan,nan,nan,nan,nan,nan,nan,nan,nan,nan,nan,nan,nan,1.300000,2.000000,nan,nan,3.100000
nan,nan,nan,nan,nan,nan,nan,nan,nan,nan,nan,nan,nan,1.000000,1.100000,nan,nan,1.100000
nan,nan,nan,nan,nan,nan,nan,nan,nan,nan,nan,nan,nan,1.000000,3.200000,nan,nan,2.000000
nan,nan,nan,nan,nan,nan,nan,nan,nan,nan,nan,nan,nan,1.000000,1.000000,nan,nan,1.500000
nan,nan,nan,nan,nan,nan,nan,nan,nan,nan,nan,nan,nan,1.100000,0.100000,nan,nan,2.200000
nan,nan,nan,nan,nan,nan,nan,nan,nan,nan,nan,nan,nan,2.100000,0.200000,nan,nan,0.100000
nan,nan,nan,nan,nan,nan,nan,nan,nan,nan,nan,nan,nan,1.200000,2.100000,nan,nan,1.900000
nan,nan,nan,nan,nan,nan,nan,nan,nan,nan,nan,nan,nan,0.100000,2.000000,nan,nan,0.200000
nan,nan,nan,nan,nan,nan,nan,nan,nan,nan,nan,nan,nan,1.300000,4.400000,nan,nan,1.100000
nan,nan,nan,nan,nan,nan,nan,nan,nan,nan,nan,nan,nan,1.200000,1.400000,nan,nan,1.000000
nan,nan,nan,nan,nan,nan,nan,nan,nan,nan,nan,nan,nan,1.300000,2.100000,nan,nan,1.000000
nan,nan,nan,nan,nan,nan,nan,nan,nan,nan,nan,nan,nan,1.100000,0.200000,nan,nan,0.200000
nan,nan,nan,nan,nan,nan,nan,nan,nan,nan,nan,nan,nan,0.200000,1.100000,nan,nan,2.000000
nan,nan,nan,nan,nan,nan,nan,nan,nan,nan,nan,nan,nan,0.000000,0.400000,nan,nan,3.300000
nan,nan,nan,nan,nan,nan,nan,nan,nan,nan,nan,nan,nan,1.000000,0.100000,nan,nan,1.300000
nan,nan,nan,nan,nan,nan,nan,nan,nan,nan,nan,nan,nan,3.100000,1.100000,nan,nan,2.000000
nan,nan,nan,nan,nan,nan,nan,nan,nan,nan,nan,nan,nan,0.200000,4.100000,nan,nan,1.300000
nan,nan,nan,nan,nan,nan,nan,nan,nan,nan,nan,nan,nan,1.100000,2.100000,nan,nan,2.300000
nan,nan,nan,nan,nan,nan,nan,nan,nan,nan,nan,nan,nan,4.000000,0.100000,nan,nan,1.300000
nan,nan,nan,nan,nan,nan,nan,nan,nan,nan,nan,nan,nan,1.000000,2.100000,nan,nan,2.300000
nan,nan,nan,nan,nan,nan,nan,nan,nan,nan,nan,nan,nan,0.200000,0.400000,nan,nan,2.400000
nan,nan,nan,nan,nan,nan,nan,nan,nan,nan,nan,nan,nan,0.300000,0.000000,nan,nan,1.500000
nan,nan,nan,nan,nan,nan,nan,nan,nan,nan,nan,nan,nan,0.100000,0.300000,nan,nan,1.900000
nan,nan,nan,nan,nan,nan,nan,nan,nan,nan,nan,nan,nan,2.000000,1.100000,nan,nan,1.200000
nan,nan,nan,nan,nan,nan,nan,nan,nan,nan,nan,nan,nan,1.200000,1.100000,nan,nan,2.400000
nan,nan,nan,nan,nan,nan,nan,nan,nan,nan,nan,nan,nan,0.000000,1.200000,nan,nan,2.100000
nan,nan,nan,nan,nan,nan,nan,nan,nan,nan,nan,nan,nan,1.000000,0.300000,nan,nan,1.200000
nan,nan,nan,nan,nan,nan,nan,nan,nan,nan,nan,nan,nan,0.200000,0.200000,nan,nan,1.200000
nan,nan,nan,nan,nan,nan,nan,nan,nan,nan,nan,nan,nan,1.200000,1.000000,nan,nan,1.400000
nan,nan,nan,nan,nan,nan,nan,nan,nan,nan,nan,nan,nan,1.200000,1.000000,nan,nan,0.200000
nan,nan,nan,nan,nan,nan,nan,nan,nan,nan,nan,nan,nan,1.000000,1.100000,nan,nan,1.200000
nan,nan,nan,nan,nan,nan,nan,nan,nan,nan,nan,nan,nan,1.100000,1.100000,nan,nan,3.000000
nan,nan,nan,nan,nan,nan,nan,nan,nan,nan,nan,nan,nan,0.100000,0.100000,nan,nan,2.100000
nan,nan,nan,nan,nan,nan,nan,nan,nan,nan,nan,nan,nan,0.200000,0.100000,nan,nan,1.100000
nan,nan,nan,nan,nan,nan,nan,nan,nan,nan,nan,nan,nan,0.100000,0.100000,nan,nan,1.500000
nan,nan,nan,nan,nan,nan,nan,nan,nan,nan,nan,nan,nan,1.000000,1.100000,nan,nan,4.200000
nan,nan,nan,nan,nan,nan,nan,nan,nan,nan,nan,nan,nan,0.100000,0.100000,nan,nan,2.000000
nan,nan,nan,nan,nan,nan,nan,nan,nan,nan,nan,nan,nan,0.100000,0.200000,nan,nan,1.000000
nan,nan,nan,nan,nan,nan,nan,nan,nan,nan,nan,nan,nan,2.000000,0.000000,nan,nan,1.100000
nan,nan,nan,nan,nan,nan,nan,nan,nan,nan,nan,nan,nan,0.100000,1.300000,nan,nan,1.300000
nan,nan,nan,nan,nan,nan,nan,nan,nan,nan,nan,nan,nan,1.200000,1.000000,nan,nan,1.000000
nan,nan,nan,nan,nan,nan,nan,nan,nan,nan,nan,nan,nan,2.200000,0.700000,nan,nan,1.300000
nan,nan,nan,nan,nan,nan,nan,nan,nan,nan,nan,nan,nan,0.100000,2.200000,nan,nan,1.200000
nan,nan,nan,nan,nan,nan,nan,nan,nan,nan,nan,nan,nan,0.100000,0.200000,nan,nan,1.100000
nan,nan,nan,nan,nan,nan,nan,nan,nan,nan,nan,nan,nan,1.000000,1.000000,nan,nan,1.000000
nan,nan,nan,nan,nan,nan,nan,nan,nan,nan,nan,nan,nan,0.100000,2.200000,nan,nan,2.300000
nan,nan,nan,nan,nan,nan,nan,nan,nan,nan,nan,nan,nan,1.000000,0.100000,nan,nan,3.100000
nan,nan,nan,nan,nan,nan,nan,nan,nan,nan,nan,nan,nan,0.100000,1.500000,nan,nan,2.100000
nan,nan,nan,nan,nan,nan,nan,nan,nan,nan,nan,nan,nan,1.000000,1.300000,nan,nan,1.300000
nan,nan,nan,nan,nan,nan,nan,nan,nan,nan,nan,nan,nan,0.100000,2.800000,nan,nan,0.100000
nan,nan,nan,nan,nan,nan,nan,nan,nan,nan,nan,nan,nan,1.000000,2.000000,nan,nan,1.000000
nan,nan,nan,nan,nan,nan,nan,nan,nan,nan,nan,nan,nan,0.100000,1.000000,nan,nan,1.000000
nan,nan,nan,nan,nan,nan,nan,nan,nan,nan,nan,nan,nan,0.100000,2.200000,nan,nan,1.100000
nan,nan,nan,nan,nan,nan,nan,nan,nan,nan,nan,nan,nan,1.200000,2.000000,nan,nan,1.000000
nan,nan,nan,nan,nan,nan,nan,nan,nan,nan,nan,nan,nan,1.000000,1.200000,nan,nan,1.100000
nan,nan,nan,nan,nan,nan,nan,nan,nan,nan,nan,nan,nan,1.100000,0.200000,nan,nan,1.100000
nan,nan,nan,nan,nan,nan,nan,nan,nan,nan,nan,nan,nan,0.100000,2.300000,nan,nan,1.000000
nan,nan,nan,nan,nan,nan,nan,nan,nan,nan,nan,nan,nan,1.100000,1.000000,nan,nan,1.100000
nan,nan,nan,nan,nan,nan,nan,nan,nan,nan,nan,nan,nan,0.100000,2.200000,nan,nan,0.200000
nan,nan,nan,nan,nan,nan,nan,nan,nan,nan,nan,nan,nan,1.100000,1.000000,nan,nan,1.000000
nan,nan,nan,nan,nan,nan,nan,nan,nan,nan,nan,nan,nan,2.100000,0.100000,nan,nan,0.100000
nan,nan,nan,nan,nan,nan,nan,nan,nan,nan,nan,nan,nan,1.000000,1.300000,nan,nan,1.000000
nan,nan,nan,nan,nan,nan,nan,nan,nan,nan,nan,nan,nan,1.000000,1.300000,nan,nan,2.200000
nan,nan,nan,nan,nan,nan,nan,nan,nan,nan,nan,nan,nan,1.100000,2.200000,nan,nan,1.300000
nan,nan,nan,nan,nan,nan,nan,nan,nan,nan,nan,nan,nan,2.000000,1.000000,nan,nan,2.100000
nan,nan,nan,nan,nan,nan,nan,nan,nan,nan,nan,nan,nan,1.200000,0.100000,nan,nan,0.100000
nan,nan,nan,nan,nan,nan,nan,nan,nan,nan,nan,nan,nan,1.200000,4.000000,nan,nan,1.200000
nan,nan,nan,nan,nan,nan,nan,nan,nan,nan,nan,nan,nan,1.000000,1.100000,nan,nan,2.100000
nan,nan,nan,nan,nan,nan,nan,nan,nan,nan,nan,nan,nan,1.200000,0.100000,nan,nan,2.400000
nan,nan,nan,nan,nan,nan,nan,nan,nan,nan,nan,nan,nan,1.100000,0.600000,nan,nan,0.300000
nan,nan,nan,nan,nan,nan,nan,nan,nan,nan,nan,nan,nan,2.100000,0.100000,nan,nan,0.100000
nan,nan,nan,nan,nan,nan,nan,nan,nan,nan,nan,nan,nan,0.200000,1.300000,nan,nan,2.400000
nan,nan,nan,nan,nan,nan,nan,nan,nan,nan,nan,nan,nan,2.000000,1.400000,nan,nan,1.200000
nan,nan,nan,nan,nan,nan,nan,nan,nan,nan,nan,nan,nan,0.100000,2.100000,nan,nan,1.200000
nan,nan,nan,nan,nan,nan,nan,nan,nan,nan,nan,nan,nan,2.100000,1.200000,nan,nan,2.000000
nan,nan,nan,nan,nan,nan,nan,nan,nan,nan,nan,nan,nan,4.000000,1.000000,nan,nan,2.000000
nan,nan,nan,nan,nan,nan,nan,nan,nan,nan,nan,nan,nan,0.100000,0.100000,nan,nan,2.600000
nan,nan,nan,nan,nan,nan,nan,nan,nan,nan,nan,nan,nan,1.200000,0.100000,nan,nan,1.200000
nan,nan,nan,nan,nan,nan,nan,nan,nan,nan,nan,nan,nan,0.200000,0.100000,nan,nan,1.400000
nan,nan,nan,nan,nan,nan,nan,nan,nan,nan,nan,nan,nan,1.100000,0.300000,nan,nan,1.300000
nan,nan,nan,nan,nan,nan,nan,nan,nan,nan,nan,nan,nan,1.000000,0.200000,nan,nan,1.100000
nan,nan,nan,nan,nan,nan,nan,nan,nan,nan,nan,nan,nan,1.200000,0.100000,nan,nan,2.100000
nan,nan,nan,nan,nan,nan,nan,nan,nan,nan,nan,nan,nan,1.100000,0.100000,nan,nan,1.200000
nan,nan,nan,nan,nan,nan,nan,nan,nan,nan,nan,nan,nan,0.100000,0.400000,nan,nan,2.100000
nan,nan,nan,nan,nan,nan,nan,nan,nan,nan,nan,nan,nan,1.300000,1.000000,nan,nan,2.200000
nan,nan,nan,nan,nan,nan,nan,nan,nan,nan,nan,nan,nan,1.200000,1.000000,nan,nan,2.200000
nan,nan,nan,nan,nan,nan,nan,nan,nan,nan,nan,nan,nan,1.100000,0.200000,nan,nan,3.200000
nan,nan,nan,nan,nan,nan,nan,nan,nan,nan,nan,nan,nan,1.200000,1.000000,nan,nan,0.100000
nan,nan,nan,nan,nan,nan,nan,nan,nan,nan,nan,nan,nan,1.100000,0.600000,nan,nan,4.400000
nan,nan,nan,nan,nan,nan,nan,nan,nan,nan,nan,nan,nan,1.000000,2.200000,nan,nan,1.000000
nan,nan,nan,nan,nan,nan,nan,nan,nan,nan,nan,nan,nan,2.100000,1.000000,nan,nan,1.200000
nan,nan,nan,nan,nan,nan,nan,nan,nan,nan,nan,nan,nan,0.300000,2.100000,nan,nan,1.000000
nan,nan,nan,nan,nan,nan,nan,nan,nan,nan,nan,nan,nan,2.100000,0.200000,nan,nan,1.900000
nan,nan,nan,nan,nan,nan,nan,nan,nan,nan,nan,nan,nan,1.100000,1.100000,nan,nan,1.100000
nan,nan,nan,nan,nan,nan,nan,nan,nan,nan,nan,nan,nan,1.300000,1.300000,nan,nan,4.100000
nan,nan,nan,nan,nan,nan,nan,nan,nan,nan,nan,nan,nan,0.100000,2.200000,nan,nan,1.100000
nan,nan,nan,nan,nan,nan,nan,nan,nan,nan,nan,nan,nan,2.100000,0.400000,nan,nan,1.200000
nan,nan,nan,nan,nan,nan,nan,nan,nan,nan,nan,nan,nan,2.400000,1.100000,nan,nan,1.300000
nan,nan,nan,nan,nan,nan,nan,nan,nan,nan,nan,nan,nan,1.000000,1.100000,nan,nan,3.200000
nan,nan,nan,nan,nan,nan,nan,nan,nan,nan,nan,nan,nan,1.100000,1.300000,nan,nan,0.400000
nan,nan,nan,nan,nan,nan,nan,nan,nan,nan,nan,nan,nan,2.200000,1.100000,nan,nan,2.200000
nan,nan,nan,nan,nan,nan,nan,nan,nan,nan,nan,nan,nan,1.000000,1.400000,nan,nan,1.500000
nan,nan,nan,nan,nan,nan,nan,nan,nan,nan,nan,nan,nan,1.000000,2.000000,nan,nan,6.000000
nan,nan,nan,nan,nan,nan,nan,nan,nan,nan,nan,nan,nan,1.000000,2.100000,nan,nan,2.500000
nan,nan,nan,nan,nan,nan,nan,nan,nan,nan,nan,nan,nan,1.000000,0.100000,nan,nan,2.000000
nan,nan,nan,nan,nan,nan,nan,nan,nan,nan,nan,nan,nan,1.300000,1.000000,nan,nan,1.100000
nan,nan,nan,nan,nan,nan,nan,nan,nan,nan,nan,nan,nan,0.100000,1.400000,nan,nan,1.400000
nan,nan,nan,nan,nan,nan,nan,nan,nan,nan,nan,nan,nan,0.200000,0.100000,nan,nan,2.100000
nan,nan,nan,nan,nan,nan,nan,nan,nan,nan,nan,nan,nan,0.100000,0.200000,nan,nan,1.100000
nan,nan,nan,nan,nan,nan,nan,nan,nan,nan,nan,nan,nan,0.200000,0.100000,nan,nan,1.100000
nan,nan,nan,nan,nan,nan,nan,nan,nan,nan,nan,nan,nan,2.000000,1.100000,nan,nan,0.100000
nan,nan,nan,nan,nan,nan,nan,nan,nan,nan,nan,nan,nan,1.100000,2.100000,nan,nan,1.000000
nan,nan,nan,nan,nan,nan,nan,nan,nan,nan,nan,nan,nan,1.000000,0.100000,nan,nan,1.300000
nan,nan,nan,nan,nan,nan,nan,nan,nan,nan,nan,nan,nan,2.000000,1.400000,nan,nan,0.200000
nan,nan,nan,nan,nan,nan,nan,nan,nan,nan,nan,nan,nan,1.100000,2.000000,nan,nan,1.100000
nan,nan,nan,nan,nan,nan,nan,nan,nan,nan,nan,nan,nan,1.100000,1.200000,nan,nan,1.200000
nan,nan,nan,nan,nan,nan,nan,nan,nan,nan,nan,nan,nan,0.100000,1.100000,nan,nan,2.600000
nan,nan,nan,nan,nan,nan,nan,nan,nan,nan,nan,nan,nan,1.100000,1.100000,nan,nan,0.400000
nan,nan,nan,nan,nan,nan,nan,nan,nan,nan,nan,nan,nan,1.100000,1.100000,nan,nan,1.200000
nan,nan,nan,nan,nan,nan,nan,nan,nan,nan,nan,nan,nan,0.100000,1.100000,nan,nan,2.200000
nan,nan,nan,nan,nan,nan,nan,nan,nan,nan,nan,nan,nan,1.000000,0.000000,nan,nan,1.300000
nan,nan,nan,nan,nan,nan,nan,nan,nan,nan,nan,nan,nan,1.100000,0.300000,nan,nan,4.600000
nan,nan,nan,nan,nan,nan,nan,nan,nan,nan,nan,nan,nan,1.000000,1.000000,nan,nan,1.100000
nan,nan,nan,nan,nan,nan,nan,nan,nan,nan,nan,nan,nan,1.100000,0.100000,nan,nan,2.000000
nan,nan,nan,nan,nan,nan,nan,nan,nan,nan,nan,nan,nan,1.000000,1.000000,nan,nan,3.100000
nan,nan,nan,nan,nan,nan,nan,nan,nan,nan,nan,nan,nan,0.100000,0.300000,nan,nan,2.200000
nan,nan,nan,nan,nan,nan,nan,nan,nan,nan,nan,nan,nan,1.000000,0.100000,nan,nan,1.200000
nan,nan,nan,nan,nan,nan,nan,nan,nan,nan,nan,nan,nan,0.200000,1.300000,nan,nan,2.100000
nan,nan,nan,nan,nan,nan,nan,nan,nan,nan,nan,nan,nan,1.100000,2.000000,nan,nan,5.300000
nan,nan,nan,nan,nan,nan,nan,nan,nan,nan,nan,nan,nan,0.300000,4.400000,nan,nan,1.100000
nan,nan,nan,nan,nan,nan,nan,nan,nan,nan,nan,nan,nan,3.000000,0.500000,nan,nan,2.400000
nan,nan,nan,nan,nan,nan,nan,nan,nan,nan,nan,nan,nan,1.000000,2.100000,nan,nan,1.000000
nan,nan,nan,nan,nan,nan,nan,nan,nan,nan,nan,nan,nan,0.200000,0.100000,nan,nan,4.200000
nan,nan,nan,nan,nan,nan,nan,nan,nan,nan,nan,nan,nan,1.000000,1.200000,nan,nan,1.200000
nan,nan,nan,nan,nan,nan,nan,nan,nan,nan,nan,nan,nan,0.200000,0.100000,nan,nan,1.100000
nan,nan,nan,nan,nan,nan,nan,nan,nan,nan,nan,nan,nan,1.000000,0.100000,nan,nan,2.100000
nan,nan,nan,nan,nan,nan,nan,nan,nan,nan,nan,nan,nan,0.100000,0.300000,nan,nan,2.100000
nan,nan,nan,nan,nan,nan,nan,nan,nan,nan,nan,nan,nan,1.300000,2.100000,nan,nan,3.200000
nan,nan,nan,nan,nan,nan,nan,nan,nan,nan,nan,nan,nan,1.000000,2.100000,nan,nan,3.100000
nan,nan,nan,nan,nan,nan,nan,nan,nan,nan,nan,nan,nan,1.100000,0.400000,nan,nan,1.100000
nan,nan,nan,nan,nan,nan,nan,nan,nan,nan,nan,nan,nan,0.200000,2.100000,nan,nan,1.100000
nan,nan,nan,nan,nan,nan,nan,nan,nan,nan,nan,nan,nan,2.000000,1.000000,nan,nan,1.000000
nan,nan,nan,nan,nan,nan,nan,nan,nan,nan,nan,nan,nan,0.100000,2.000000,nan,nan,0.000000
nan,nan,nan,nan,nan,nan,nan,nan,nan,nan,nan,nan,nan,0.100000,1.400000,nan,nan,1.300000
nan,nan,nan,nan,nan,nan,nan,nan,nan,nan,nan,nan,nan,4.000000,1.100000,nan,nan,1.400000
nan,nan,nan,nan,nan,nan,nan,nan,nan,nan,nan,nan,nan,1.000000,0.100000,nan,nan,3.300000
nan,nan,nan,nan,nan,nan,nan,nan,nan,nan,nan,nan,nan,1.000000,1.000000,nan,nan,1.600000
nan,nan,nan,nan,nan,nan,nan,nan,nan,nan,nan,nan,nan,0.100000,2.400000,nan,nan,2.100000
nan,nan,nan,nan,nan,nan,nan,nan,nan,nan,nan,nan,nan,1.100000,3.200000,nan,nan,2.000000
nan,nan,nan,nan,nan,nan,nan,nan,nan,nan,nan,nan,nan,1.100000,0.000000,nan,nan,2.000000
nan,nan,nan,nan,nan,nan,nan,nan,nan,nan,nan,nan,nan,0.100000,4.200000,nan,nan,1.100000
nan,nan,nan,nan,nan,nan,nan,nan,nan,nan,nan,nan,nan,1.000000,0.300000,nan,nan,1.000000
nan,nan,nan,nan,nan,nan,nan,nan,nan,nan,nan,nan,nan,1.000000,2.000000,nan,nan,4.200000
nan,nan,nan,nan,nan,nan,nan,nan,nan,nan,nan,nan,nan,1.100000,0.100000,nan,nan,1.000000
nan,nan,nan,nan,nan,nan,nan,nan,nan,nan,nan,nan,nan,0.100000,0.100000,nan,nan,1.000000
nan,nan,nan,nan,nan,nan,nan,nan,nan,nan,nan,nan,nan,1.300000,0.100000,nan,nan,1.000000
nan,nan,nan,nan,nan,nan,nan,nan,nan,nan,nan,nan,nan,2.100000,1.000000,nan,nan,2.200000
nan,nan,nan,nan,nan,nan,nan,nan,nan,nan,nan,nan,nan,1.000000,1.200000,nan,nan,1.200000
nan,nan,nan,nan,nan,nan,nan,nan,nan,nan,nan,nan,nan,1.000000,1.100000,nan,nan,1.400000
nan,nan,nan,nan,nan,nan,nan,nan,nan,nan,nan,nan,nan,1.000000,0.100000,nan,nan,3.000000
nan,nan,nan,nan,nan,nan,nan,nan,nan,nan,nan,nan,nan,1.200000,0.200000,nan,nan,1.100000
nan,nan,nan,nan,nan,nan,nan,nan,nan,nan,nan,nan,nan,1.200000,3.200000,nan,nan,1.200000
nan,nan,nan,nan,nan,nan,nan,nan,nan,nan,nan,nan,nan,0.100000,2.100000,nan,nan,1.300000
nan,nan,nan,nan,nan,nan,nan,nan,nan,nan,nan,nan,nan,1.000000,1.100000,nan,nan,3.000000
nan,nan,nan,nan,nan,nan,nan,nan,nan,nan,nan,nan,nan,0.100000,1.100000,nan,nan,1.200000
nan,nan,nan,nan,nan,nan,nan,nan,nan,nan,nan,nan,nan,2.100000,2.200000,nan,nan,2.100000
nan,nan,nan,nan,nan,nan,nan,nan,nan,nan,nan,nan,nan,1.000000,1.200000,nan,nan,1.200000
nan,nan,nan,nan,nan,nan,nan,nan,nan,nan,nan,nan,nan,4.000000,1.200000,nan,nan,2.200000
nan,nan,nan,nan,nan,nan,nan,nan,nan,nan,nan,nan,nan,1.200000,0.200000,nan,nan,0.200000
nan,nan,nan,nan,nan,nan,nan,nan,nan,nan,nan,nan,nan,0.100000,1.000000,nan,nan,4.200000
nan,nan,nan,nan,nan,nan,nan,nan,nan,nan,nan,nan,nan,1.100000,0.000000,nan,nan,1.000000
nan,nan,nan,nan,nan,nan,nan,nan,nan,nan,nan,nan,nan,1.300000,0.100000,nan,nan,1.100000
nan,nan,nan,nan,nan,nan,nan,nan,nan,nan,nan,nan,nan,1.100000,2.100000,nan,nan,1.100000
nan,nan,nan,nan,nan,nan,nan,nan,nan,nan,nan,nan,nan,1.300000,0.000000,nan,nan,0.200000
nan,nan,nan,nan,nan,nan,nan,nan,nan,nan,nan,nan,nan,1.100000,1.300000,nan,nan,0.300000
nan,nan,nan,nan,nan,nan,nan,nan,nan,nan,nan,nan,nan,2.000000,4.200000,nan,nan,1.100000
nan,nan,nan,nan,nan,nan,nan,nan,nan,nan,nan,nan,nan,0.200000,1.000000,nan,nan,1.000000
nan,nan,nan,nan,nan,nan,nan,nan,nan,nan,nan,nan,nan,1.300000,2.300000,nan,nan,2.600000
nan,nan,nan,nan,nan,nan,nan,nan,nan,nan,nan,nan,nan,0.500000,0.100000,nan,nan,2.600000
nan,nan,nan,nan,nan,nan,nan,nan,nan,nan,nan,nan,nan,0.300000,0.100000,nan,nan,2.100000
nan,nan,nan,nan,nan,nan,nan,nan,nan,nan,nan,nan,nan,0.100000,1.300000,nan,nan,1.100000
nan,nan,nan,nan,nan,nan,nan,nan,nan,nan,nan,nan,nan,1.000000,2.100000,nan,nan,1.200000
nan,nan,nan,nan,nan,nan,nan,nan,nan,nan,nan,nan,nan,1.100000,0.300000,nan,nan,2.100000
nan,nan,nan,nan,nan,nan,nan,nan,nan,nan,nan,nan,nan,2.000000,0.200000,nan,nan,1.100000
nan,nan,nan,nan,nan,nan,nan,nan,nan,nan,nan,nan,nan,1.100000,1.000000,nan,nan,1.100000
nan,nan,nan,nan,nan,nan,nan,nan,nan,nan,nan,nan,nan,2.100000,2.100000,nan,nan,1.100000
nan,nan,nan,nan,nan,nan,nan,nan,nan,nan,nan,nan,nan,1.000000,1.400000,nan,nan,2.500000
nan,nan,nan,nan,nan,nan,nan,nan,nan,nan,nan,nan,nan,1.100000,3.300000,nan,nan,0.100000
nan,nan,nan,nan,nan,nan,nan,nan,nan,nan,nan,nan,nan,0.100000,0.700000,nan,nan,3.000000
nan,nan,nan,nan,nan,nan,nan,nan,nan,nan,nan,nan,nan,0.100000,0.300000,nan,nan,1.000000
nan,nan,nan,nan,nan,nan,nan,nan,nan,nan,nan,nan,nan,1.000000,0.300000,nan,nan,0.100000
nan,nan,nan,nan,nan,nan,nan,nan,nan,nan,nan,nan,nan,2.000000,0.200000,nan,nan,2.700000
nan,nan,nan,nan,nan,nan,nan,nan,nan,nan,nan,nan,nan,1.000000,0.000000,nan,nan,1.100000
nan,nan,nan,nan,nan,nan,nan,nan,nan,nan,nan,nan,nan,1.000000,0.100000,nan,nan,1.200000
nan,nan,nan,nan,nan,nan,nan,nan,nan,nan,nan,nan,nan,1.300000,0.300000,nan,nan,2.400000
nan,nan,nan,nan,nan,nan,nan,nan,nan,nan,nan,nan,nan,0.100000,0.200000,nan,nan,1.700000
nan,nan,nan,nan,nan,nan,nan,nan,nan,nan,nan,nan,nan,1.100000,1.000000,nan,nan,2.000000
nan,nan,nan,nan,nan,nan,nan,nan,nan,nan,nan,nan,nan,0.200000,1.000000,nan,nan,1.100000
nan,nan,nan,nan,nan,nan,nan,nan,nan,nan,nan,nan,nan,1.000000,3.000000,nan,nan,1.200000
nan,nan,nan,nan,nan,nan,nan,nan,nan,nan,nan,nan,nan,1.100000,0.200000,nan,nan,1.000000
nan,nan,nan,nan,nan,nan,nan,nan,nan,nan,nan,nan,nan,1.200000,1.100000,nan,nan,1.200000
nan,nan,nan,nan,nan,nan,nan,nan,nan,nan,nan,nan,nan,1.100000,1.200000,nan,nan,1.200000
nan,nan,nan,nan,nan,nan,nan,nan,nan,nan,nan,nan,nan,0.200000,1.000000,nan,nan,1.100000
nan,nan,nan,nan,nan,nan,nan,nan,nan,nan,nan,nan,nan,2.000000,0.100000,nan,nan,1.500000
nan,nan,nan,nan,nan,nan,nan,nan,nan,nan,nan,nan,nan,1.000000,0.300000,nan,nan,1.100000
nan,nan,nan,nan,nan,nan,nan,nan,nan,nan,nan,nan,nan,2.100000,1.000000,nan,nan,1.300000
nan,nan,nan,nan,nan,nan,nan,nan,nan,nan,nan,nan,nan,0.000000,4.100000,nan,nan,2.100000
nan,nan,nan,nan,nan,nan,nan,nan,nan,nan,nan,nan,nan,1.400000,2.000000,nan,nan,0.400000
nan,nan,nan,nan,nan,nan,nan,nan,nan,nan,nan,nan,nan,2.100000,0.100000,nan,nan,0.200000
nan,nan,nan,nan,nan,nan,nan,nan,nan,nan,nan,nan,nan,1.000000,0.300000,nan,nan,2.000000
nan,nan,nan,nan,nan,nan,nan,nan,nan,nan,nan,nan,nan,1.200000,2.200000,nan,nan,1.200000
nan,nan,nan,nan,nan,nan,nan,nan,nan,nan,nan,nan,nan,1.000000,1.200000,nan,nan,2.200000
nan,nan,nan,nan,nan,nan,nan,nan,nan,nan,nan,nan,nan,2.200000,1.000000,nan,nan,1.100000
nan,nan,nan,nan,nan,nan,nan,nan,nan,nan,nan,nan,nan,1.200000,0.100000,nan,nan,1.100000
nan,nan,nan,nan,nan,nan,nan,nan,nan,nan,nan,nan,nan,1.200000,1.100000,nan,nan,1.000000
nan,nan,nan,nan,nan,nan,nan,nan,nan,nan,nan,nan,nan,0.100000,0.100000,nan,nan,1.000000
nan,nan,nan,nan,nan,nan,nan,nan,nan,nan,nan,nan,nan,1.300000,1.000000,nan,nan,1.500000
nan,nan,nan,nan,nan,nan,nan,nan,nan,nan,nan,nan,nan,0.100000,1.500000,nan,nan,1.300000
nan,nan,nan,nan,nan,nan,nan,nan,nan,nan,nan,nan,nan,1.000000,2.100000,nan,nan,1.000000
nan,nan,nan,nan,nan,nan,nan,nan,nan,nan,nan,nan,nan,1.000000,1.100000,nan,nan,3.100000
nan,nan,nan,nan,nan,nan,nan,nan,nan,nan,nan,nan,nan,1.300000,2.200000,nan,nan,1.100000
nan,nan,nan,nan,nan,nan,nan,nan,nan,nan,nan,nan,nan,2.000000,1.100000,nan,nan,2.100000
nan,nan,nan,nan,nan,nan,nan,nan,nan,nan,nan,nan,nan,1.200000,0.100000,nan,nan,0.400000
nan,nan,nan,nan,nan,nan,nan,nan,nan,nan,nan,nan,nan,0.100000,0.300000,nan,nan,1.000000
nan,nan,nan,nan,nan,nan,nan,nan,nan,nan,nan,nan,nan,3.000000,1.300000,nan,nan,4.200000
nan,nan,nan,nan,nan,nan,nan,nan,nan,nan,nan,nan,nan,2.200000,2.500000,nan,nan,6.300000
nan,nan,nan,nan,nan,nan,nan,nan,nan,nan,nan,nan,nan,1.100000,0.100000,nan,nan,3.100000
nan,nan,nan,nan,nan,nan,nan,nan,nan,nan,nan,nan,nan,0.100000,0.000000,nan,nan,2.000000
nan,nan,nan,nan,nan,nan,nan,nan,nan,nan,nan,nan,nan,2.100000,0.100000,nan,nan,1.200000
nan,nan,nan,nan,nan,nan,nan,nan,nan,nan,nan,nan,nan,1.100000,1.000000,nan,nan,1.000000
nan,nan,nan,nan,nan,nan,nan,nan,nan,nan,nan,nan,nan,1.100000,1.100000,nan,nan,4.000000
nan,nan,nan,nan,nan,nan,nan,nan,nan,nan,nan,nan,nan,1.100000,0.100000,nan,nan,1.100000
nan,nan,nan,nan,nan,nan,nan,nan,nan,nan,nan,nan,nan,1.000000,0.100000,nan,nan,0.100000
nan,nan,nan,nan,nan,nan,nan,nan,nan,nan,nan,nan,nan,1.000000,0.100000,nan,nan,4.500000
nan,nan,nan,nan,nan,nan,nan,nan,nan,nan,nan,nan,nan,2.000000,2.300000,nan,nan,0.100000
nan,nan,nan,nan,nan,nan,nan,nan,nan,nan,nan,nan,nan,2.100000,1.100000,nan,nan,2.000000
nan,nan,nan,nan,nan,nan,nan,nan,nan,nan,nan,nan,nan,0.200000,1.100000,nan,nan,1.100000
nan,nan,nan,nan,nan,nan,nan,nan,nan,nan,nan,nan,nan,1.000000,1.100000,nan,nan,1.100000
nan,nan,nan,nan,nan,nan,nan,nan,nan,nan,nan,nan,nan,1.000000,1.000000,nan,nan,1.400000
nan,nan,nan,nan,nan,nan,nan,nan,nan,nan,nan,nan,nan,1.000000,0.300000,nan,nan,1.000000
nan,nan,nan,nan,nan,nan,nan,nan,nan,nan,nan,nan,nan,1.200000,0.000000,nan,nan,2.400000
nan,nan,nan,nan,nan,nan,nan,nan,nan,nan,nan,nan,nan,0.100000,0.100000,nan,nan,0.100000
nan,nan,nan,nan,nan,nan,nan,nan,nan,nan,nan,nan,nan,0.200000,2.100000,nan,nan,0.200000
nan,nan,nan,nan,nan,nan,nan,nan,nan,nan,nan,nan,nan,1.000000,2.200000,nan,nan,2.100000
nan,nan,nan,nan,nan,nan,nan,nan,nan,nan,nan,nan,nan,0.000000,2.000000,nan,nan,1.000000
nan,nan,nan,nan,nan,nan,nan,nan,nan,nan,nan,nan,nan,1.000000,4.200000,nan,nan,1.100000
nan,nan,nan,nan,nan,nan,nan,nan,nan,nan,nan,nan,nan,3.000000,2.200000,nan,nan,2.600000
nan,nan,nan,nan,nan,nan,nan,nan,nan,nan,nan,nan,nan,0.300000,2.200000,nan,nan,2.400000
nan,nan,nan,nan,nan,nan,nan,nan,nan,nan,nan,nan,nan,0.100000,0.000000,nan,nan,1.400000
nan,nan,nan,nan,nan,nan,nan,nan,nan,nan,nan,nan,nan,0.300000,1.200000,nan,nan,0.300000
nan,nan,nan,nan,nan,nan,nan,nan,nan,nan,nan,nan,nan,1.400000,0.100000,nan,nan,1.200000
