# C-score Q=0.95
nan,nan,nan,nan,nan,nan,nan,nan,nan,nan,nan,nan,nan,0.000000,5.500000,nan,nan,11.200000
nan,nan,nan,nan,nan,nan,nan,nan,nan,nan,nan,nan,nan,1.000000,2.000000,nan,nan,14.400000
nan,nan,nan,nan,nan,nan,nan,nan,nan,nan,nan,nan,nan,14.800000,3.700000,nan,nan,11.300000
nan,nan,nan,nan,nan,nan,nan,nan,nan,nan,nan,nan,nan,2.000000,3.800000,nan,nan,4.000000
nan,nan,nan,nan,nan,nan,nan,nan,nan,nan,nan,nan,nan,9.500000,2.000000,nan,nan,9.100000
nan,nan,nan,nan,nan,nan,nan,nan,nan,nan,nan,nan,nan,1.000000,4.000000,nan,nan,27.600000
nan,nan,nan,nan,nan,nan,nan,nan,nan,nan,nan,nan,nan,1.900000,7.600000,nan,nan,11.200000
nan,nan,nan,nan,nan,nan,nan,nan,nan,nan,nan,nan,nan,1.900000,3.700000,nan,nan,41.700000
nan,nan,nan,nan,nan,nan,nan,nan,nan,nan,nan,nan,nan,1.900000,1.000000,nan,nan,2.900000
nan,nan,nan,nan,nan,nan,nan,nan,nan,nan,nan,nan,nan,2.000000,2.000000,nan,nan,21.800000
nan,nan,nan,nan,nan,nan,nan,nan,nan,nan,nan,nan,nan,1.900000,2.000000,nan,nan,2.900000
nan,nan,nan,nan,nan,nan,nan,nan,nan,nan,nan,nan,nan,2.000000,4.000000,nan,nan,29.800000
nan,nan,nan,nan,nan,nan,nan,nan,nan,nan,nan,nan,nan,4.000000,7.600000,nan,nan,30.300000
nan,nan,nan,nan,nan,nan,nan,nan,nan,nan,nan,nan,nan,2.000000,7.600000,nan,nan,30.400000
nan,nan,nan,nan,nan,nan,nan,nan,nan,nan,nan,nan,nan,5.700000,24.600000,nan,nan,14.100000
nan,nan,nan,nan,nan,nan,nan,nan,nan,nan,nan,nan,nan,2.000000,14.800000,nan,nan,7.400000
nan,nan,nan,nan,nan,nan,nan,nan,nan,nan,nan,nan,nan,1.000000,3.800000,nan,nan,53.100000
nan,nan,nan,nan,nan,nan,nan,nan,nan,nan,nan,nan,nan,2.000000,1.800000,nan,nan,5.800000
nan,nan,nan,nan,nan,nan,nan,nan,nan,nan,nan,nan,nan,4.600000,11.300000,nan,nan,18.700000
nan,nan,nan,nan,nan,nan,nan,nan,nan,nan,nan,nan,nan,8.200000,4.000000,nan,nan,5.700000
nan,nan,nan,nan,nan,nan,nan,nan,nan,nan,nan,nan,nan,1.900000,3.700000,nan,nan,5.800000
nan,nan,nan,nan,nan,nan,nan,nan,nan,nan,nan,nan,nan,7.800000,4.000000,nan,nan,9.400000
nan,nan,nan,nan,nan,nan,nan,nan,nan,nan,nan,nan,nan,3.900000,8.000000,nan,nan,16.600000
nan,nan,nan,nan,nan,nan,nan,nan,nan,nan,nan,nan,nan,2.000000,4.000000,nan,nan,41.700000
nan,nan,nan,nan,nan,nan,nan,nan,nan,nan,nan,nan,nan,6.000000,2.000000,nan,nan,7.600000
nan,nan,nan,nan,nan,nan,nan,nan,nan,nan,nan,nan,nan,2.000000,0.000000,nan,nan,3.700000
nan,nan,nan,nan,nan,nan,nan,nan,nan,nan,nan,nan,nan,2.000000,1.900000,nan,nan,14.100000
nan,nan,nan,nan,nan,nan,nan,nan,nan,nan,nan,nan,nan,2.000000,7.600000,nan,nan,13.900000
nan,nan,nan,nan,nan,nan,nan,nan,nan,nan,nan,nan,nan,0.900000,5.000000,nan,nan,23.200000
nan,nan,nan,nan,nan,nan,nan,nan,nan,nan,nan,nan,nan,4.000000,2.000000,nan,nan,30.700000
nan,nan,nan,nan,nan,nan,nan,nan,nan,nan,nan,nan,nan,2.000000,4.600000,nan,nan,45.300000
nan,nan,nan,nan,nan,nan,nan,nan,nan,nan,nan,nan,nan,3.800000,5.800000,nan,nan,1.900000
nan,nan,nan,nan,nan,nan,nan,nan,nan,nan,nan,nan,nan,7.400000,3.900000,nan,nan,8.200000
nan,nan,nan,nan,nan,nan,nan,nan,nan,nan,nan,nan,nan,7.600000,4.600000,nan,nan,7.500000
nan,nan,nan,nan,nan,nan,nan,nan,nan,nan,nan,nan,nan,5.700000,2.000000,nan,nan,6.000000
nan,nan,nan,nan,nan,nan,nan,nan,nan,nan,nan,nan,nan,1.000000,5.900000,nan,nan,2.000000
nan,nan,nan,nan,nan,nan,nan,nan,nan,nan,nan,nan,nan,3.800000,1.000000,nan,nan,18.700000
nan,nan,nan,nan,nan,nan,nan,nan,nan,nan,nan,nan,nan,1.000000,8.500000,nan,nan,2.900000
nan,nan,nan,nan,nan,nan,nan,nan,nan,nan,nan,nan,nan,8.700000,6.600000,nan,nan,14.900000
nan,nan,nan,nan,nan,nan,nan,nan,nan,nan,nan,nan,nan,1.900000,2.000000,nan,nan,11.800000
nan,nan,nan,nan,nan,nan,nan,nan,nan,nan,nan,nan,nan,4.000000,3.000000,nan,nan,29.000000
nan,nan,nan,nan,nan,nan,nan,nan,nan,nan,nan,nan,nan,2.000000,7.500000,nan,nan,3.900000
nan,nan,nan,nan,nan,nan,nan,nan,nan,nan,nan,nan,nan,0.900000,4.000000,nan,nan,2.800000
nan,nan,nan,nan,nan,nan,nan,nan,nan,nan,nan,nan,nan,2.000000,1.900000,nan,nan,3.900000
nan,nan,nan,nan,nan,nan,nan,nan,nan,nan,nan,nan,nan,2.000000,2.000000,nan,nan,30.700000
nan,nan,nan,nan,nan,nan,nan,nan,nan,nan,nan,nan,nan,17.100000,3.600000,nan,nan,11.800000
nan,nan,nan,nan,nan,nan,nan,nan,nan,nan,nan,nan,nan,2.000000,2.000000,nan,nan,9.300000
nan,nan,nan,nan,nan,nan,nan,nan,nan,nan,nan,nan,nan,2.000000,1.000000,nan,nan,2.900000
nan,nan,nan,nan,nan,nan,nan,nan,nan,nan,nan,nan,nan,2.900000,2.900000,nan,nan,9.200000
nan,nan,nan,nan,nan,nan,nan,nan,nan,nan,nan,nan,nan,1.800000,2.800000,nan,nan,18.600000
nan,nan,nan,nan,nan,nan,nan,nan,nan,nan,nan,nan,nan,1.000000,1.800000,nan,nan,27.600000
nan,nan,nan,nan,nan,nan,nan,nan,nan,nan,nan,nan,nan,9.400000,1.000000,nan,nan,26.700000
nan,nan,nan,nan,nan,nan,nan,nan,nan,nan,nan,nan,nan,2.000000,0.900000,nan,nan,5.600000
nan,nan,nan,nan,nan,nan,nan,nan,nan,nan,nan,nan,nan,2.800000,1.000000,nan,nan,25.400000
nan,nan,nan,nan,nan,nan,nan,nan,nan,nan,nan,nan,nan,4.000000,2.000000,nan,nan,18.600000
nan,nan,nan,nan,nan,nan,nan,nan,nan,nan,nan,nan,nan,2.000000,5.500000,nan,nan,13.800000
nan,nan,nan,nan,nan,nan,nan,nan,nan,nan,nan,nan,nan,8.200000,1.000000,nan,nan,2.000000
nan,nan,nan,nan,nan,nan,nan,nan,nan,nan,nan,nan,nan,3.700000,12.800000,nan,nan,3.700000
nan,nan,nan,nan,nan,nan,nan,nan,nan,nan,nan,nan,nan,3.800000,0.900000,nan,nan,50.600000
nan,nan,nan,nan,nan,nan,nan,nan,nan,nan,nan,nan,nan,1.900000,2.000000,nan,nan,27.300000
nan,nan,nan,nan,nan,nan,nan,nan,nan,nan,nan,nan,nan,7.400000,6.000000,nan,nan,11.600000
nan,nan,nan,nan,nan,nan,nan,nan,nan,nan,nan,nan,nan,2.000000,1.000000,nan,nan,22.000000
nan,nan,nan,nan,nan,nan,nan,nan,nan,nan,nan,nan,nan,4.000000,1.000000,nan,nan,27.400000
nan,nan,nan,nan,nan,nan,nan,nan,nan,nan,nan,nan,nan,2.000000,0.900000,nan,nan,63.100000
nan,nan,nan,nan,nan,nan,nan,nan,nan,nan,nan,nan,nan,6.000000,1.000000,nan,nan,3.000000
nan,nan,nan,nan,nan,nan,nan,nan,nan,nan,nan,nan,nan,1.900000,3.000000,nan,nan,9.300000
nan,nan,nan,nan,nan,nan,nan,nan,nan,nan,nan,nan,nan,1.000000,5.700000,nan,nan,9.300000
nan,nan,nan,nan,nan,nan,nan,nan,nan,nan,nan,nan,nan,7.600000,7.600000,nan,nan,9.200000
nan,nan,nan,nan,nan,nan,nan,nan,nan,nan,nan,nan,nan,2.000000,1.000000,nan,nan,5.500000
nan,nan,nan,nan,nan,nan,nan,nan,nan,nan,nan,nan,nan,2.000000,8.500000,nan,nan,28.000000
nan,nan,nan,nan,nan,nan,nan,nan,nan,nan,nan,nan,nan,2.000000,2.000000,nan,nan,2.900000
nan,nan,nan,nan,nan,nan,nan,nan,nan,nan,nan,nan,nan,0.000000,3.000000,nan,nan,18.600000
nan,nan,nan,nan,nan,nan,nan,nan,nan,nan,nan,nan,nan,7.400000,4.000000,nan,nan,9.300000
nan,nan,nan,nan,nan,nan,nan,nan,nan,nan,nan,nan,nan,7.600000,5.500000,nan,nan,3.900000
nan,nan,nan,nan,nan,nan,nan,nan,nan,nan,nan,nan,nan,1.000000,7.400000,nan,nan,14.200000
nan,nan,nan,nan,nan,nan,nan,nan,nan,nan,nan,nan,nan,2.000000,8.500000,nan,nan,9.300000
nan,nan,nan,nan,nan,nan,nan,nan,nan,nan,nan,nan,nan,2.000000,3.900000,nan,nan,12.900000
nan,nan,nan,nan,nan,nan,nan,nan,nan,nan,nan,nan,nan,4.000000,9.500000,nan,nan,43.400000
nan,nan,nan,nan,nan,nan,nan,nan,nan,nan,nan,nan,nan,7.600000,7.600000,nan,nan,5.800000
nan,nan,nan,nan,nan,nan,nan,nan,nan,nan,nan,nan,nan,1.000000,1.900000,nan,nan,2.800000
nan,nan,nan,nan,nan,nan,nan,nan,nan,nan,nan,nan,nan,2.000000,1.000000,nan,nan,13.700000
nan,nan,nan,nan,nan,nan,nan,nan,nan,nan,nan,nan,nan,2.000000,4.000000,nan,nan,1.900000
nan,nan,nan,nan,nan,nan,nan,nan,nan,nan,nan,nan,nan,1.000000,14.800000,nan,nan,9.200000
nan,nan,nan,nan,nan,nan,nan,nan,nan,nan,nan,nan,nan,7.600000,19.600000,nan,nan,14.500000
nan,nan,nan,nan,nan,nan,nan,nan,nan,nan,nan,nan,nan,1.900000,2.000000,nan,nan,2.900000
nan,nan,nan,nan,nan,nan,nan,nan,nan,nan,nan,nan,nan,3.800000,6.000000,nan,nan,9.600000
nan,nan,nan,nan,nan,nan,nan,nan,nan,nan,nan,nan,nan,2.800000,1.000000,nan,nan,45.200000
nan,nan,nan,nan,nan,nan,nan,nan,nan,nan,nan,nan,nan,0.900000,3.000000,nan,nan,11.400000
nan,nan,nan,nan,nan,nan,nan,nan,nan,nan,nan,nan,nan,2.000000,6.900000,nan,nan,2.900000
nan,nan,nan,nan,nan,nan,nan,nan,nan,nan,nan,nan,nan,1.900000,7.900000,nan,nan,3.700000
nan,nan,nan,nan,nan,nan,nan,nan,nan,nan,nan,nan,nan,5.000000,2.000000,nan,nan,5.800000
nan,nan,nan,nan,nan,nan,nan,nan,nan,nan,nan,nan,nan,1.000000,4.700000,nan,nan,3.000000
nan,nan,nan,nan,nan,nan,nan,nan,nan,nan,nan,nan,nan,3.700000,2.000000,nan,nan,25.400000
nan,nan,nan,nan,nan,nan,nan,nan,nan,nan,nan,nan,nan,4.600000,7.600000,nan,nan,1.900000
nan,nan,nan,nan,nan,nan,nan,nan,nan,nan,nan,nan,nan,1.900000,4.000000,nan,nan,3.800000
nan,nan,nan,nan,nan,nan,nan,nan,nan,nan,nan,nan,nan,1.000000,1.000000,nan,nan,41.000000
nan,nan,nan,nan,nan,nan,nan,nan,nan,nan,nan,nan,nan,2.000000,1.000000,nan,nan,14.100000
nan,nan,nan,nan,nan,nan,nan,nan,nan,nan,nan,nan,nan,3.800000,5.800000,nan,nan,2.800000
nan,nan,nan,nan,nan,nan,nan,nan,nan,nan,nan,nan,nan,1.900000,2.000000,nan,nan,57.800000
nan,nan,nan,nan,nan,nan,nan,nan,nan,nan,nan,nan,nan,5.800000,2.000000,nan,nan,6.000000
nan,nan,nan,nan,nan,nan,nan,nan,nan,nan,nan,nan,nan,3.000000,4.000000,nan,nan,1.900000
nan,nan,nan,nan,nan,nan,nan,nan,nan,nan,nan,nan,nan,7.600000,3.000000,nan,nan,5.700000
nan,nan,nan,nan,nan,nan,nan,nan,nan,nan,nan,nan,nan,2.000000,7.600000,nan,nan,59.800000
nan,nan,nan,nan,nan,nan,nan,nan,nan,nan,nan,nan,nan,3.800000,4.800000,nan,nan,10.900000
nan,nan,nan,nan,nan,nan,nan,nan,nan,nan,nan,nan,nan,1.000000,3.700000,nan,nan,57.300000
nan,nan,nan,nan,nan,nan,nan,nan,nan,nan,nan,nan,nan,1.000000,3.700000,nan,nan,18.300000
nan,nan,nan,nan,nan,nan,nan,nan,nan,nan,nan,nan,nan,0.000000,2.000000,nan,nan,26.200000
nan,nan,nan,nan,nan,nan,nan,nan,nan,nan,nan,nan,nan,3.000000,8.600000,nan,nan,6.500000
nan,nan,nan,nan,nan,nan,nan,nan,nan,nan,nan,nan,nan,3.900000,3.700000,nan,nan,27.600000
nan,nan,nan,nan,nan,nan,nan,nan,nan,nan,nan,nan,nan,1.900000,11.000000,nan,nan,5.600000
nan,nan,nan,nan,nan,nan,nan,nan,nan,nan,nan,nan,nan,3.900000,10.000000,nan,nan,17.100000
nan,nan,nan,nan,nan,nan,nan,nan,nan,nan,nan,nan,nan,1.000000,2.000000,nan,nan,57.700000
nan,nan,nan,nan,nan,nan,nan,nan,nan,nan,nan,nan,nan,7.000000,1.000000,nan,nan,45.400000
nan,nan,nan,nan,nan,nan,nan,nan,nan,nan,nan,nan,nan,3.800000,5.600000,nan,nan,5.800000
nan,nan,nan,nan,nan,nan,nan,nan,nan,nan,nan,nan,nan,2.000000,8.800000,nan,nan,6.700000
nan,nan,nan,nan,nan,nan,nan,nan,nan,nan,nan,nan,nan,1.000000,1.000000,nan,nan,3.700000
nan,nan,nan,nan,nan,nan,nan,nan,nan,nan,nan,nan,nan,3.800000,1.000000,nan,nan,3.800000
nan,nan,nan,nan,nan,nan,nan,nan,nan,nan,nan,nan,nan,2.000000,1.900000,nan,nan,1.900000
nan,nan,nan,nan,nan,nan,nan,nan,nan,nan,nan,nan,nan,2.000000,3.900000,nan,nan,7.400000
nan,nan,nan,nan,nan,nan,nan,nan,nan,nan,nan,nan,nan,4.600000,3.800000,nan,nan,6.000000
nan,nan,nan,nan,nan,nan,nan,nan,nan,nan,nan,nan,nan,17.600000,4.000000,nan,nan,11.400000
nan,nan,nan,nan,nan,nan,nan,nan,nan,nan,nan,nan,nan,5.700000,9.000000,nan,nan,7.800000
nan,nan,nan,nan,nan,nan,nan,nan,nan,nan,nan,nan,nan,6.000000,2.000000,nan,nan,27.300000
nan,nan,nan,nan,nan,nan,nan,nan,nan,nan,nan,nan,nan,7.600000,4.000000,nan,nan,5.700000
nan,nan,nan,nan,nan,nan,nan,nan,nan,nan,nan,nan,nan,4.000000,3.700000,nan,nan,53.400000
nan,nan,nan,nan,nan,nan,nan,nan,nan,nan,nan,nan,nan,1.800000,10.800000,nan,nan,6.500000
nan,nan,nan,nan,nan,nan,nan,nan,nan,nan,nan,nan,nan,2.000000,0.000000,nan,nan,9.200000
nan,nan,nan,nan,nan,nan,nan,nan,nan,nan,nan,nan,nan,3.800000,2.000000,nan,nan,9.600000
nan,nan,nan,nan,nan,nan,nan,nan,nan,nan,nan,nan,nan,1.000000,3.800000,nan,nan,4.700000
nan,nan,nan,nan,nan,nan,nan,nan,nan,nan,nan,nan,nan,3.800000,3.900000,nan,nan,14.700000
nan,nan,nan,nan,nan,nan,nan,nan,nan,nan,nan,nan,nan,2.000000,3.800000,nan,nan,9.300000
nan,nan,nan,nan,nan,nan,nan,nan,nan,nan,nan,nan,nan,3.900000,1.900000,nan,nan,9.000000
nan,nan,nan,nan,nan,nan,nan,nan,nan,nan,nan,nan,nan,1.800000,1.000000,nan,nan,5.700000
nan,nan,nan,nan,nan,nan,nan,nan,nan,nan,nan,nan,nan,3.800000,4.000000,nan,nan,4.600000
nan,nan,nan,nan,nan,nan,nan,nan,nan,nan,nan,nan,nan,2.900000,1.000000,nan,nan,8.700000
nan,nan,nan,nan,nan,nan,nan,nan,nan,nan,nan,nan,nan,2.900000,5.500000,nan,nan,6.000000
nan,nan,nan,nan,nan,nan,nan,nan,nan,nan,nan,nan,nan,11.400000,1.000000,nan,nan,9.700000
nan,nan,nan,nan,nan,nan,nan,nan,nan,nan,nan,nan,nan,6.000000,1.000000,nan,nan,3.900000
nan,nan,nan,nan,nan,nan,nan,nan,nan,nan,nan,nan,nan,3.800000,1.000000,nan,nan,5.800000
nan,nan,nan,nan,nan,nan,nan,nan,nan,nan,nan,nan,nan,8.000000,5.500000,nan,nan,28.500000
nan,nan,nan,nan,nan,nan,nan,nan,nan,nan,nan,nan,nan,0.000000,1.000000,nan,nan,2.000000
nan,nan,nan,nan,nan,nan,nan,nan,nan,nan,nan,nan,nan,9.800000,1.000000,nan,nan,4.700000
nan,nan,nan,nan,nan,nan,nan,nan,nan,nan,nan,nan,nan,1.900000,19.400000,nan,nan,2.000000
nan,nan,nan,nan,nan,nan,nan,nan,nan,nan,nan,nan,nan,1.000000,7.400000,nan,nan,30.100000
nan,nan,nan,nan,nan,nan,nan,nan,nan,nan,nan,nan,nan,4.000000,2.000000,nan,nan,5.600000
nan,nan,nan,nan,nan,nan,nan,nan,nan,nan,nan,nan,nan,3.800000,0.900000,nan,nan,9.800000
nan,nan,nan,nan,nan,nan,nan,nan,nan,nan,nan,nan,nan,7.400000,2.000000,nan,nan,18.500000
nan,nan,nan,nan,nan,nan,nan,nan,nan,nan,nan,nan,nan,3.800000,3.000000,nan,nan,11.100000
nan,nan,nan,nan,nan,nan,nan,nan,nan,nan,nan,nan,nan,3.800000,14.700000,nan,nan,27.200000
nan,nan,nan,nan,nan,nan,nan,nan,nan,nan,nan,nan,nan,2.000000,2.000000,nan,nan,25.500000
nan,nan,nan,nan,nan,nan,nan,nan,nan,nan,nan,nan,nan,2.900000,3.000000,nan,nan,2.900000
nan,nan,nan,nan,nan,nan,nan,nan,nan,nan,nan,nan,nan,4.000000,5.700000,nan,nan,2.800000
nan,nan,nan,nan,nan,nan,nan,nan,nan,nan,nan,nan,nan,2.000000,5.000000,nan,nan,3.700000
nan,nan,nan,nan,nan,nan,nan,nan,nan,nan,nan,nan,nan,3.800000,2.000000,nan,nan,12.300000
nan,nan,nan,nan,nan,nan,nan,nan,nan,nan,nan,nan,nan,2.000000,1.900000,nan,nan,30.300000
nan,nan,nan,nan,nan,nan,nan,nan,nan,nan,nan,nan,nan,0.000000,0.900000,nan,nan,6.900000
nan,nan,nan,nan,nan,nan,nan,nan,nan,nan,nan,nan,nan,1.000000,1.000000,nan,nan,12.000000
nan,nan,nan,nan,nan,nan,nan,nan,nan,nan,nan,nan,nan,4.000000,5.000000,nan,nan,10.900000
nan,nan,nan,nan,nan,nan,nan,nan,nan,nan,nan,nan,nan,8.900000,11.300000,nan,nan,27.600000
nan,nan,nan,nan,nan,nan,nan,nan,nan,nan,nan,nan,nan,0.900000,9.500000,nan,nan,3.700000
nan,nan,nan,nan,nan,nan,nan,nan,nan,nan,nan,nan,nan,2.000000,3.800000,nan,nan,2.800000
nan,nan,nan,nan,nan,nan,nan,nan,nan,nan,nan,nan,nan,2.000000,5.800000,nan,nan,9.600000
nan,nan,nan,nan,nan,nan,nan,nan,nan,nan,nan,nan,nan,2.000000,1.000000,nan,nan,5.900000
nan,nan,nan,nan,nan,nan,nan,nan,nan,nan,nan,nan,nan,1.000000,2.000000,nan,nan,29.400000
nan,nan,nan,nan,nan,nan,nan,nan,nan,nan,nan,nan,nan,5.800000,4.000000,nan,nan,13.800000
nan,nan,nan,nan,nan,nan,nan,nan,nan,nan,nan,nan,nan,9.500000,1.000000,nan,nan,11.400000
nan,nan,nan,nan,nan,nan,nan,nan,nan,nan,nan,nan,nan,17.400000,1.800000,nan,nan,9.700000
nan,nan,nan,nan,nan,nan,nan,nan,nan,nan,nan,nan,nan,2.000000,1.000000,nan,nan,11.400000
nan,nan,nan,nan,nan,nan,nan,nan,nan,nan,nan,nan,nan,3.800000,3.000000,nan,nan,2.900000
nan,nan,nan,nan,nan,nan,nan,nan,nan,nan,nan,nan,nan,1.000000,2.000000,nan,nan,26.400000
nan,nan,nan,nan,nan,nan,nan,nan,nan,nan,nan,nan,nan,18.400000,11.400000,nan,nan,9.200000
nan,nan,nan,nan,nan,nan,nan,nan,nan,nan,nan,nan,nan,2.000000,1.800000,nan,nan,32.900000
nan,nan,nan,nan,nan,nan,nan,nan,nan,nan,nan,nan,nan,9.000000,2.900000,nan,nan,10.900000
nan,nan,nan,nan,nan,nan,nan,nan,nan,nan,nan,nan,nan,4.000000,4.000000,nan,nan,5.600000
nan,nan,nan,nan,nan,nan,nan,nan,nan,nan,nan,nan,nan,0.900000,2.000000,nan,nan,29.900000
nan,nan,nan,nan,nan,nan,nan,nan,nan,nan,nan,nan,nan,2.000000,35.600000,nan,nan,2.900000
nan,nan,nan,nan,nan,nan,nan,nan,nan,nan,nan,nan,nan,1.000000,2.000000,nan,nan,3.800000
nan,nan,nan,nan,nan,nan,nan,nan,nan,nan,nan,nan,nan,1.000000,18.500000,nan,nan,20.100000
nan,nan,nan,nan,nan,nan,nan,nan,nan,nan,nan,nan,nan,11.200000,0.000000,nan,nan,16.400000
nan,nan,nan,nan,nan,nan,nan,nan,nan,nan,nan,nan,nan,5.600000,4.900000,nan,nan,11.100000
nan,nan,nan,nan,nan,nan,nan,nan,nan,nan,nan,nan,nan,2.000000,7.600000,nan,nan,35.300000
nan,nan,nan,nan,nan,nan,nan,nan,nan,nan,nan,nan,nan,0.000000,9.500000,nan,nan,6.900000
nan,nan,nan,nan,nan,nan,nan,nan,nan,nan,nan,nan,nan,0.000000,4.500000,nan,nan,22.400000
nan,nan,nan,nan,nan,nan,nan,nan,nan,nan,nan,nan,nan,4.000000,1.800000,nan,nan,1.000000
nan,nan,nan,nan,nan,nan,nan,nan,nan,nan,nan,nan,nan,7.600000,1.000000,nan,nan,4.700000
nan,nan,nan,nan,nan,nan,nan,nan,nan,nan,nan,nan,nan,2.000000,1.000000,nan,nan,5.700000
nan,nan,nan,nan,nan,nan,nan,nan,nan,nan,nan,nan,nan,1.000000,2.800000,nan,nan,23.100000
nan,nan,nan,nan,nan,nan,nan,nan,nan,nan,nan,nan,nan,1.900000,30.600000,nan,nan,14.700000
nan,nan,nan,nan,nan,nan,nan,nan,nan,nan,nan,nan,nan,1.000000,4.500000,nan,nan,13.100000
nan,nan,nan,nan,nan,nan,nan,nan,nan,nan,nan,nan,nan,5.000000,4.600000,nan,nan,1.800000
nan,nan,nan,nan,nan,nan,nan,nan,nan,nan,nan,nan,nan,5.700000,3.900000,nan,nan,5.700000
nan,nan,nan,nan,nan,nan,nan,nan,nan,nan,nan,nan,nan,5.000000,4.000000,nan,nan,59.000000
nan,nan,nan,nan,nan,nan,nan,nan,nan,nan,nan,nan,nan,1.000000,18.500000,nan,nan,30.300000
nan,nan,nan,nan,nan,nan,nan,nan,nan,nan,nan,nan,nan,8.200000,1.000000,nan,nan,5.600000
nan,nan,nan,nan,nan,nan,nan,nan,nan,nan,nan,nan,nan,3.800000,2.000000,nan,nan,5.500000
nan,nan,nan,nan,nan,nan,nan,nan,nan,nan,nan,nan,nan,10.000000,9.600000,nan,nan,5.900000
nan,nan,nan,nan,nan,nan,nan,nan,nan,nan,nan,nan,nan,1.900000,7.600000,nan,nan,9.400000
nan,nan,nan,nan,nan,nan,nan,nan,nan,nan,nan,nan,nan,4.600000,1.000000,nan,nan,2.900000
nan,nan,nan,nan,nan,nan,nan,nan,nan,nan,nan,nan,nan,11.100000,3.900000,nan,nan,1.900000
nan,nan,nan,nan,nan,nan,nan,nan,nan,nan,nan,nan,nan,3.800000,2.800000,nan,nan,29.900000
nan,nan,nan,nan,nan,nan,nan,nan,nan,nan,nan,nan,nan,2.000000,6.400000,nan,nan,5.800000
nan,nan,nan,nan,nan,nan,nan,nan,nan,nan,nan,nan,nan,2.800000,3.700000,nan,nan,6.500000
nan,nan,nan,nan,nan,nan,nan,nan,nan,nan,nan,nan,nan,0.000000,3.800000,nan,nan,11.200000
nan,nan,nan,nan,nan,nan,nan,nan,nan,nan,nan,nan,nan,1.000000,5.700000,nan,nan,2.800000
nan,nan,nan,nan,nan,nan,nan,nan,nan,nan,nan,nan,nan,2.000000,1.000000,nan,nan,7.500000
nan,nan,nan,nan,nan,nan,nan,nan,nan,nan,nan,nan,nan,5.700000,5.900000,nan,nan,6.000000
nan,nan,nan,nan,nan,nan,nan,nan,nan,nan,nan,nan,nan,3.900000,1.000000,nan,nan,8.500000
nan,nan,nan,nan,nan,nan,nan,nan,nan,nan,nan,nan,nan,4.000000,9.500000,nan,nan,2.900000
nan,nan,nan,nan,nan,nan,nan,nan,nan,nan,nan,nan,nan,1.000000,3.000000,nan,nan,5.700000
nan,nan,nan,nan,nan,nan,nan,nan,nan,nan,nan,nan,nan,3.600000,3.800000,nan,nan,2.900000
nan,nan,nan,nan,nan,nan,nan,nan,nan,nan,nan,nan,nan,2.700000,11.800000,nan,nan,5.600000
nan,nan,nan,nan,nan,nan,nan,nan,nan,nan,nan,nan,nan,4.000000,4.600000,nan,nan,1.900000
nan,nan,nan,nan,nan,nan,nan,nan,nan,nan,nan,nan,nan,5.700000,7.600000,nan,nan,9.200000
nan,nan,nan,nan,nan,nan,nan,nan,nan,nan,nan,nan,nan,3.800000,1.000000,nan,nan,3.000000
nan,nan,nan,nan,nan,nan,nan,nan,nan,nan,nan,nan,nan,3.000000,5.000000,nan,nan,8.500000
nan,nan,nan,nan,nan,nan,nan,nan,nan,nan,nan,nan,nan,2.000000,1.000000,nan,nan,11.200000
nan,nan,nan,nan,nan,nan,nan,nan,nan,nan,nan,nan,nan,0.900000,0.900000,nan,nan,11.800000
nan,nan,nan,nan,nan,nan,nan,nan,nan,nan,nan,nan,nan,3.800000,5.900000,nan,nan,11.800000
nan,nan,nan,nan,nan,nan,nan,nan,nan,nan,nan,nan,nan,3.800000,2.000000,nan,nan,52.800000
nan,nan,nan,nan,nan,nan,nan,nan,nan,nan,nan,nan,nan,7.600000,1.000000,nan,nan,5.700000
nan,nan,nan,nan,nan,nan,nan,nan,nan,nan,nan,nan,nan,8.500000,9.000000,nan,nan,1.900000
nan,nan,nan,nan,nan,nan,nan,nan,nan,nan,nan,nan,nan,1.900000,11.300000,nan,nan,5.600000
nan,nan,nan,nan,nan,nan,nan,nan,nan,nan,nan,nan,nan,2.000000,1.000000,nan,nan,2.900000
nan,nan,nan,nan,nan,nan,nan,nan,nan,nan,nan,nan,nan,2.900000,1.000000,nan,nan,12.900000
nan,nan,nan,nan,nan,nan,nan,nan,nan,nan,nan,nan,nan,2.000000,5.700000,nan,nan,13.800000
nan,nan,nan,nan,nan,nan,nan,nan,nan,nan,nan,nan,nan,1.900000,1.000000,nan,nan,29.900000
nan,nan,nan,nan,nan,nan,nan,nan,nan,nan,nan,nan,nan,4.000000,4.000000,nan,nan,2.900000
nan,nan,nan,nan,nan,nan,nan,nan,nan,nan,nan,nan,nan,3.800000,2.900000,nan,nan,3.800000
nan,nan,nan,nan,nan,nan,nan,nan,nan,nan,nan,nan,nan,8.900000,3.800000,nan,nan,9.200000
nan,nan,nan,nan,nan,nan,nan,nan,nan,nan,nan,nan,nan,2.000000,2.000000,nan,nan,14.000000
nan,nan,nan,nan,nan,nan,nan,nan,nan,nan,nan,nan,nan,3.900000,1.000000,nan,nan,2.000000
nan,nan,nan,nan,nan,nan,nan,nan,nan,nan,nan,nan,nan,1.900000,1.000000,nan,nan,2.800000
nan,nan,nan,nan,nan,nan,nan,nan,nan,nan,nan,nan,nan,0.900000,5.000000,nan,nan,4.000000
nan,nan,nan,nan,nan,nan,nan,nan,nan,nan,nan,nan,nan,1.000000,4.000000,nan,nan,3.900000
nan,nan,nan,nan,nan,nan,nan,nan,nan,nan,nan,nan,nan,3.800000,2.000000,nan,nan,13.800000
nan,nan,nan,nan,nan,nan,nan,nan,nan,nan,nan,nan,nan,0.900000,8.200000,nan,nan,21.600000
nan,nan,nan,nan,nan,nan,nan,nan,nan,nan,nan,nan,nan,7.900000,0.900000,nan,nan,13.700000
nan,nan,nan,nan,nan,nan,nan,nan,nan,nan,nan,nan,nan,3.700000,1.000000,nan,nan,11.200000
nan,nan,nan,nan,nan,nan,nan,nan,nan,nan,nan,nan,nan,1.900000,1.000000,nan,nan,2.800000
nan,nan,nan,nan,nan,nan,nan,nan,nan,nan,nan,nan,nan,4.000000,2.000000,nan,nan,5.800000
nan,nan,nan,nan,nan,nan,nan,nan,nan,nan,nan,nan,nan,0.900000,4.000000,nan,nan,14.900000
nan,nan,nan,nan,nan,nan,nan,nan,nan,nan,nan,nan,nan,17.200000,8.900000,nan,nan,3.900000
nan,nan,nan,nan,nan,nan,nan,nan,nan,nan,nan,nan,nan,8.200000,8.300000,nan,nan,9.700000
nan,nan,nan,nan,nan,nan,nan,nan,nan,nan,nan,nan,nan,7.600000,4.000000,nan,nan,4.700000
nan,nan,nan,nan,nan,nan,nan,nan,nan,nan,nan,nan,nan,4.000000,8.300000,nan,nan,7.400000
nan,nan,nan,nan,nan,nan,nan,nan,nan,nan,nan,nan,nan,7.800000,7.400000,nan,nan,13.600000
nan,nan,nan,nan,nan,nan,nan,nan,nan,nan,nan,nan,nan,9.500000,7.400000,nan,nan,3.000000
nan,nan,nan,nan,nan,nan,nan,nan,nan,nan,nan,nan,nan,0.900000,2.000000,nan,nan,27.300000
nan,nan,nan,nan,nan,nan,nan,nan,nan,nan,nan,nan,nan,1.900000,1.000000,nan,nan,52.400000
nan,nan,nan,nan,nan,nan,nan,nan,nan,nan,nan,nan,nan,2.000000,1.000000,nan,nan,59.600000
nan,nan,nan,nan,nan,nan,nan,nan,nan,nan,nan,nan,nan,7.600000,2.000000,nan,nan,3.700000
nan,nan,nan,nan,nan,nan,nan,nan,nan,nan,nan,nan,nan,13.500000,1.000000,nan,nan,36.900000
nan,nan,nan,nan,nan,nan,nan,nan,nan,nan,nan,nan,nan,3.700000,3.900000,nan,nan,3.000000
nan,nan,nan,nan,nan,nan,nan,nan,nan,nan,nan,nan,nan,16.400000,9.600000,nan,nan,14.100000
nan,nan,nan,nan,nan,nan,nan,nan,nan,nan,nan,nan,nan,2.000000,1.900000,nan,nan,14.500000
nan,nan,nan,nan,nan,nan,nan,nan,nan,nan,nan,nan,nan,6.000000,1.000000,nan,nan,11.200000
nan,nan,nan,nan,nan,nan,nan,nan,nan,nan,nan,nan,nan,2.000000,22.000000,nan,nan,18.700000
nan,nan,nan,nan,nan,nan,nan,nan,nan,nan,nan,nan,nan,9.400000,0.900000,nan,nan,2.800000
nan,nan,nan,nan,nan,nan,nan,nan,nan,nan,nan,nan,nan,1.900000,1.000000,nan,nan,40.800000
nan,nan,nan,nan,nan,nan,nan,nan,nan,nan,nan,nan,nan,3.800000,5.000000,nan,nan,9.400000
nan,nan,nan,nan,nan,nan,nan,nan,nan,nan,nan,nan,nan,5.700000,7.800000,nan,nan,4.600000
nan,nan,nan,nan,nan,nan,nan,nan,nan,nan,nan,nan,nan,9.800000,1.000000,nan,nan,11.000000
nan,nan,nan,nan,nan,nan,nan,nan,nan,nan,nan,nan,nan,0.900000,5.000000,nan,nan,6.000000
nan,nan,nan,nan,nan,nan,nan,nan,nan,nan,nan,nan,nan,7.600000,6.600000,nan,nan,8.400000
nan,nan,nan,nan,nan,nan,nan,nan,nan,nan,nan,nan,nan,1.000000,5.000000,nan,nan,14.100000
nan,nan,nan,nan,nan,nan,nan,nan,nan,nan,nan,nan,nan,3.800000,9.600000,nan,nan,11.700000
nan,nan,nan,nan,nan,nan,nan,nan,nan,nan,nan,nan,nan,3.900000,3.900000,nan,nan,30.300000
nan,nan,nan,nan,nan,nan,nan,nan,nan,nan,nan,nan,nan,0.900000,18.600000,nan,nan,11.300000
nan,nan,nan,nan,nan,nan,nan,nan,nan,nan,nan,nan,nan,3.800000,4.900000,nan,nan,6.900000
nan,nan,nan,nan,nan,nan,nan,nan,nan,nan,nan,nan,nan,4.000000,3.800000,nan,nan,11.400000
nan,nan,nan,nan,nan,nan,nan,nan,nan,nan,nan,nan,nan,1.900000,5.600000,nan,nan,30.900000
nan,nan,nan,nan,nan,nan,nan,nan,nan,nan,nan,nan,nan,1.900000,6.900000,nan,nan,4.800000
nan,nan,nan,nan,nan,nan,nan,nan,nan,nan,nan,nan,nan,4.000000,1.900000,nan,nan,5.600000
nan,nan,nan,nan,nan,nan,nan,nan,nan,nan,nan,nan,nan,1.000000,7.600000,nan,nan,6.000000
nan,nan,nan,nan,nan,nan,nan,nan,nan,nan,nan,nan,nan,1.900000,3.900000,nan,nan,6.700000
nan,nan,nan,nan,nan,nan,nan,nan,nan,nan,nan,nan,nan,1.900000,3.900000,nan,nan,55.200000
nan,nan,nan,nan,nan,nan,nan,nan,nan,nan,nan,nan,nan,5.800000,12.000000,nan,nan,1.900000
nan,nan,nan,nan,nan,nan,nan,nan,nan,nan,nan,nan,nan,1.000000,1.000000,nan,nan,8.700000
nan,nan,nan,nan,nan,nan,nan,nan,nan,nan,nan,nan,nan,2.000000,3.800000,nan,nan,30.600000
nan,nan,nan,nan,nan,nan,nan,nan,nan,nan,nan,nan,nan,3.800000,3.800000,nan,nan,2.000000
nan,nan,nan,nan,nan,nan,nan,nan,nan,nan,nan,nan,nan,1.900000,7.000000,nan,nan,11.100000
nan,nan,nan,nan,nan,nan,nan,nan,nan,nan,nan,nan,nan,1.900000,6.400000,nan,nan,9.600000
nan,nan,nan,nan,nan,nan,nan,nan,nan,nan,nan,nan,nan,1.900000,7.400000,nan,nan,14.700000
nan,nan,nan,nan,nan,nan,nan,nan,nan,nan,nan,nan,nan,1.900000,2.000000,nan,nan,18.800000
nan,nan,nan,nan,nan,nan,nan,nan,nan,nan,nan,nan,nan,7.600000,3.600000,nan,nan,27.200000
nan,nan,nan,nan,nan,nan,nan,nan,nan,nan,nan,nan,nan,17.100000,6.000000,nan,nan,45.700000
nan,nan,nan,nan,nan,nan,nan,nan,nan,nan,nan,nan,nan,8.700000,2.000000,nan,nan,3.900000
nan,nan,nan,nan,nan,nan,nan,nan,nan,nan,nan,nan,nan,1.900000,5.800000,nan,nan,6.700000
nan,nan,nan,nan,nan,nan,nan,nan,nan,nan,nan,nan,nan,3.800000,4.000000,nan,nan,17.000000
nan,nan,nan,nan,nan,nan,nan,nan,nan,nan,nan,nan,nan,3.000000,0.900000,nan,nan,2.900000
nan,nan,nan,nan,nan,nan,nan,nan,nan,nan,nan,nan,nan,3.000000,4.600000,nan,nan,2.800000
nan,nan,nan,nan,nan,nan,nan,nan,nan,nan,nan,nan,nan,3.800000,2.800000,nan,nan,28.000000
nan,nan,nan,nan,nan,nan,nan,nan,nan,nan,nan,nan,nan,8.900000,3.800000,nan,nan,5.700000
nan,nan,nan,nan,nan,nan,nan,nan,nan,nan,nan,nan,nan,2.800000,3.900000,nan,nan,9.600000
nan,nan,nan,nan,nan,nan,nan,nan,nan,nan,nan,nan,nan,1.900000,4.600000,nan,nan,7.500000
nan,nan,nan,nan,nan,nan,nan,nan,nan,nan,nan,nan,nan,15.100000,5.700000,nan,nan,1.900000
nan,nan,nan,nan,nan,nan,nan,nan,nan,nan,nan,nan,nan,1.900000,9.600000,nan,nan,8.500000
nan,nan,nan,nan,nan,nan,nan,nan,nan,nan,nan,nan,nan,3.000000,24.600000,nan,nan,27.300000
nan,nan,nan,nan,nan,nan,nan,nan,nan,nan,nan,nan,nan,3.700000,1.000000,nan,nan,16.400000
nan,nan,nan,nan,nan,nan,nan,nan,nan,nan,nan,nan,nan,2.800000,9.800000,nan,nan,52.500000
nan,nan,nan,nan,nan,nan,nan,nan,nan,nan,nan,nan,nan,3.800000,0.900000,nan,nan,2.900000
nan,nan,nan,nan,nan,nan,nan,nan,nan,nan,nan,nan,nan,3.700000,6.000000,nan,nan,3.800000
nan,nan,nan,nan,nan,nan,nan,nan,nan,nan,nan,nan,nan,1.900000,1.000000,nan,nan,11.400000
nan,nan,nan,nan,nan,nan,nan,nan,nan,nan,nan,nan,nan,5.700000,11.600000,nan,nan,14.900000
nan,nan,nan,nan,nan,nan,nan,nan,nan,nan,nan,nan,nan,4.000000,5.000000,nan,nan,3.700000
nan,nan,nan,nan,nan,nan,nan,nan,nan,nan,nan,nan,nan,3.900000,3.700000,nan,nan,2.800000
nan,nan,nan,nan,nan,nan,nan,nan,nan,nan,nan,nan,nan,2.900000,5.700000,nan,nan,61.400000
nan,nan,nan,nan,nan,nan,nan,nan,nan,nan,nan,nan,nan,1.000000,0.000000,nan,nan,2.800000
nan,nan,nan,nan,nan,nan,nan,nan,nan,nan,nan,nan,nan,7.600000,5.000000,nan,nan,13.900000
nan,nan,nan,nan,nan,nan,nan,nan,nan,nan,nan,nan,nan,7.600000,1.900000,nan,nan,5.900000
nan,nan,nan,nan,nan,nan,nan,nan,nan,nan,nan,nan,nan,5.700000,14.200000,nan,nan,5.800000
nan,nan,nan,nan,nan,nan,nan,nan,nan,nan,nan,nan,nan,1.000000,11.000000,nan,nan,27.200000
nan,nan,nan,nan,nan,nan,nan,nan,nan,nan,nan,nan,nan,3.800000,4.000000,nan,nan,2.900000
nan,nan,nan,nan,nan,nan,nan,nan,nan,nan,nan,nan,nan,5.800000,1.800000,nan,nan,2.900000
nan,nan,nan,nan,nan,nan,nan,nan,nan,nan,nan,nan,nan,1.000000,25.700000,nan,nan,4.600000
nan,nan,nan,nan,nan,nan,nan,nan,nan,nan,nan,nan,nan,1.900000,4.600000,nan,nan,63.900000
nan,nan,nan,nan,nan,nan,nan,nan,nan,nan,nan,nan,nan,1.000000,5.000000,nan,nan,2.800000
nan,nan,nan,nan,nan,nan,nan,nan,nan,nan,nan,nan,nan,5.700000,1.000000,nan,nan,5.600000
nan,nan,nan,nan,nan,nan,nan,nan,nan,nan,nan,nan,nan,1.000000,9.500000,nan,nan,7.400000
nan,nan,nan,nan,nan,nan,nan,nan,nan,nan,nan,nan,nan,2.900000,32.400000,nan,nan,9.100000
nan,nan,nan,nan,nan,nan,nan,nan,nan,nan,nan,nan,nan,1.800000,6.500000,nan,nan,24.500000
nan,nan,nan,nan,nan,nan,nan,nan,nan,nan,nan,nan,nan,2.000000,3.000000,nan,nan,2.000000
nan,nan,nan,nan,nan,nan,nan,nan,nan,nan,nan,nan,nan,2.000000,2.000000,nan,nan,29.800000
nan,nan,nan,nan,nan,nan,nan,nan,nan,nan,nan,nan,nan,1.000000,4.000000,nan,nan,25.500000
nan,nan,nan,nan,nan,nan,nan,nan,nan,nan,nan,nan,nan,15.300000,24.900000,nan,nan,5.500000
nan,nan,nan,nan,nan,nan,nan,nan,nan,nan,nan,nan,nan,2.700000,1.000000,nan,nan,11.500000
nan,nan,nan,nan,nan,nan,nan,nan,nan,nan,nan,nan,nan,7.600000,6.900000,nan,nan,2.800000
nan,nan,nan,nan,nan,nan,nan,nan,nan,nan,nan,nan,nan,3.800000,1.000000,nan,nan,3.700000
nan,nan,nan,nan,nan,nan,nan,nan,nan,nan,nan,nan,nan,0.900000,11.400000,nan,nan,30.700000
nan,nan,nan,nan,nan,nan,nan,nan,nan,nan,nan,nan,nan,1.000000,1.000000,nan,nan,57.500000
nan,nan,nan,nan,nan,nan,nan,nan,nan,nan,nan,nan,nan,1.900000,19.600000,nan,nan,29.400000
nan,nan,nan,nan,nan,nan,nan,nan,nan,nan,nan,nan,nan,4.000000,11.300000,nan,nan,8.100000
nan,nan,nan,nan,nan,nan,nan,nan,nan,nan,nan,nan,nan,1.900000,12.600000,nan,nan,23.500000
nan,nan,nan,nan,nan,nan,nan,nan,nan,nan,nan,nan,nan,3.900000,3.800000,nan,nan,14.400000
nan,nan,nan,nan,nan,nan,nan,nan,nan,nan,nan,nan,nan,3.800000,7.600000,nan,nan,6.900000
nan,nan,nan,nan,nan,nan,nan,nan,nan,nan,nan,nan,nan,2.000000,9.000000,nan,nan,2.800000
nan,nan,nan,nan,nan,nan,nan,nan,nan,nan,nan,nan,nan,2.000000,8.000000,nan,nan,29.200000
nan,nan,nan,nan,nan,nan,nan,nan,nan,nan,nan,nan,nan,2.000000,2.000000,nan,nan,5.600000
nan,nan,nan,nan,nan,nan,nan,nan,nan,nan,nan,nan,nan,3.800000,0.900000,nan,nan,2.900000
nan,nan,nan,nan,nan,nan,nan,nan,nan,nan,nan,nan,nan,8.000000,4.800000,nan,nan,11.900000
nan,nan,nan,nan,nan,nan,nan,nan,nan,nan,nan,nan,nan,2.000000,5.600000,nan,nan,14.300000
nan,nan,nan,nan,nan,nan,nan,nan,nan,nan,nan,nan,nan,4.000000,5.700000,nan,nan,12.700000
nan,nan,nan,nan,nan,nan,nan,nan,nan,nan,nan,nan,nan,2.800000,5.500000,nan,nan,28.000000
nan,nan,nan,nan,nan,nan,nan,nan,nan,nan,nan,nan,nan,7.600000,11.400000,nan,nan,9.600000
nan,nan,nan,nan,nan,nan,nan,nan,nan,nan,nan,nan,nan,17.000000,1.000000,nan,nan,3.900000
nan,nan,nan,nan,nan,nan,nan,nan,nan,nan,nan,nan,nan,1.800000,3.900000,nan,nan,5.600000
nan,nan,nan,nan,nan,nan,nan,nan,nan,nan,nan,nan,nan,2.000000,7.400000,nan,nan,6.000000
nan,nan,nan,nan,nan,nan,nan,nan,nan,nan,nan,nan,nan,3.800000,4.000000,nan,nan,7.500000
nan,nan,nan,nan,nan,nan,nan,nan,nan,nan,nan,nan,nan,2.000000,4.000000,nan,nan,5.700000
nan,nan,nan,nan,nan,nan,nan,nan,nan,nan,nan,nan,nan,1.000000,5.900000,nan,nan,13.900000
nan,nan,nan,nan,nan,nan,nan,nan,nan,nan,nan,nan,nan,3.800000,3.800000,nan,nan,93.800000
nan,nan,nan,nan,nan,nan,nan,nan,nan,nan,nan,nan,nan,9.000000,4.000000,nan,nan,16.800000
nan,nan,nan,nan,nan,nan,nan,nan,nan,nan,nan,nan,nan,4.000000,4.000000,nan,nan,18.700000
nan,nan,nan,nan,nan,nan,nan,nan,nan,nan,nan,nan,nan,3.800000,0.900000,nan,nan,27.300000
nan,nan,nan,nan,nan,nan,nan,nan,nan,nan,nan,nan,nan,2.000000,4.600000,nan,nan,2.900000
nan,nan,nan,nan,nan,nan,nan,nan,nan,nan,nan,nan,nan,2.000000,4.900000,nan,nan,9.300000
nan,nan,nan,nan,nan,nan,nan,nan,nan,nan,nan,nan,nan,2.900000,1.900000,nan,nan,2.000000
nan,nan,nan,nan,nan,nan,nan,nan,nan,nan,nan,nan,nan,2.000000,1.000000,nan,nan,6.600000
nan,nan,nan,nan,nan,nan,nan,nan,nan,nan,nan,nan,nan,4.000000,4.800000,nan,nan,5.600000
nan,nan,nan,nan,nan,nan,nan,nan,nan,nan,nan,nan,nan,3.700000,8.200000,nan,nan,11.100000
nan,nan,nan,nan,nan,nan,nan,nan,nan,nan,nan,nan,nan,1.000000,3.000000,nan,nan,14.900000
nan,nan,nan,nan,nan,nan,nan,nan,nan,nan,nan,nan,nan,5.000000,2.800000,nan,nan,48.000000
nan,nan,nan,nan,nan,nan,nan,nan,nan,nan,nan,nan,nan,1.000000,9.500000,nan,nan,2.800000
nan,nan,nan,nan,nan,nan,nan,nan,nan,nan,nan,nan,nan,5.700000,1.000000,nan,nan,48.200000
nan,nan,nan,nan,nan,nan,nan,nan,nan,nan,nan,nan,nan,2.000000,7.400000,nan,nan,9.800000
nan,nan,nan,nan,nan,nan,nan,nan,nan,nan,nan,nan,nan,1.000000,5.900000,nan,nan,11.100000
nan,nan,nan,nan,nan,nan,nan,nan,nan,nan,nan,nan,nan,3.700000,2.000000,nan,nan,25.900000
nan,nan,nan,nan,nan,nan,nan,nan,nan,nan,nan,nan,nan,9.500000,2.000000,nan,nan,13.500000
nan,nan,nan,nan,nan,nan,nan,nan,nan,nan,nan,nan,nan,2.000000,3.000000,nan,nan,1.000000
nan,nan,nan,nan,nan,nan,nan,nan,nan,nan,nan,nan,nan,9.500000,1.000000,nan,nan,28.900000
nan,nan,nan,nan,nan,nan,nan,nan,nan,nan,nan,nan,nan,3.800000,1.900000,nan,nan,2.000000
nan,nan,nan,nan,nan,nan,nan,nan,nan,nan,nan,nan,nan,3.800000,1.000000,nan,nan,9.100000
nan,nan,nan,nan,nan,nan,nan,nan,nan,nan,nan,nan,nan,4.000000,25.200000,nan,nan,22.100000
nan,nan,nan,nan,nan,nan,nan,nan,nan,nan,nan,nan,nan,2.000000,1.000000,nan,nan,12.700000
nan,nan,nan,nan,nan,nan,nan,nan,nan,nan,nan,nan,nan,7.800000,11.200000,nan,nan,14.200000
nan,nan,nan,nan,nan,nan,nan,nan,nan,nan,nan,nan,nan,1.000000,5.700000,nan,nan,30.500000
nan,nan,nan,nan,nan,nan,nan,nan,nan,nan,nan,nan,nan,1.000000,4.900000,nan,nan,9.200000
nan,nan,nan,nan,nan,nan,nan,nan,nan,nan,nan,nan,nan,3.900000,6.900000,nan,nan,14.100000
nan,nan,nan,nan,nan,nan,nan,nan,nan,nan,nan,nan,nan,2.000000,17.000000,nan,nan,5.500000
nan,nan,nan,nan,nan,nan,nan,nan,nan,nan,nan,nan,nan,2.000000,1.800000,nan,nan,9.600000
nan,nan,nan,nan,nan,nan,nan,nan,nan,nan,nan,nan,nan,4.900000,6.000000,nan,nan,28.400000
nan,nan,nan,nan,nan,nan,nan,nan,nan,nan,nan,nan,nan,9.500000,11.300000,nan,nan,13.600000
nan,nan,nan,nan,nan,nan,nan,nan,nan,nan,nan,nan,nan,7.600000,9.500000,nan,nan,60.800000
nan,nan,nan,nan,nan,nan,nan,nan,nan,nan,nan,nan,nan,0.900000,1.900000,nan,nan,12.900000
nan,nan,nan,nan,nan,nan,nan,nan,nan,nan,nan,nan,nan,0.900000,3.900000,nan,nan,13.600000
nan,nan,nan,nan,nan,nan,nan,nan,nan,nan,nan,nan,nan,4.000000,5.800000,nan,nan,9.300000
nan,nan,nan,nan,nan,nan,nan,nan,nan,nan,nan,nan,nan,16.000000,1.000000,nan,nan,2.900000
nan,nan,nan,nan,nan,nan,nan,nan,nan,nan,nan,nan,nan,3.800000,4.700000,nan,nan,5.500000
nan,nan,nan,nan,nan,nan,nan,nan,nan,nan,nan,nan,nan,2.000000,1.000000,nan,nan,11.700000
nan,nan,nan,nan,nan,nan,nan,nan,nan,nan,nan,nan,nan,3.900000,0.900000,nan,nan,22.800000
nan,nan,nan,nan,nan,nan,nan,nan,nan,nan,nan,nan,nan,3.800000,1.000000,nan,nan,14.000000
nan,nan,nan,nan,nan,nan,nan,nan,nan,nan,nan,nan,nan,0.000000,1.000000,nan,nan,15.000000
nan,nan,nan,nan,nan,nan,nan,nan,nan,nan,nan,nan,nan,3.700000,3.700000,nan,nan,5.600000
nan,nan,nan,nan,nan,nan,nan,nan,nan,nan,nan,nan,nan,4.000000,15.300000,nan,nan,0.900000
nan,nan,nan,nan,nan,nan,nan,nan,nan,nan,nan,nan,nan,2.000000,0.900000,nan,nan,29.900000
nan,nan,nan,nan,nan,nan,nan,nan,nan,nan,nan,nan,nan,9.800000,3.800000,nan,nan,45.300000
nan,nan,nan,nan,nan,nan,nan,nan,nan,nan,nan,nan,nan,3.800000,3.700000,nan,nan,5.500000
nan,nan,nan,nan,nan,nan,nan,nan,nan,nan,nan,nan,nan,8.400000,2.000000,nan,nan,27.200000
nan,nan,nan,nan,nan,nan,nan,nan,nan,nan,nan,nan,nan,2.000000,2.000000,nan,nan,1.900000
nan,nan,nan,nan,nan,nan,nan,nan,nan,nan,nan,nan,nan,0.000000,6.500000,nan,nan,19.500000
nan,nan,nan,nan,nan,nan,nan,nan,nan,nan,nan,nan,nan,5.800000,1.000000,nan,nan,9.300000
nan,nan,nan,nan,nan,nan,nan,nan,nan,nan,nan,nan,nan,2.700000,4.000000,nan,nan,2.900000
nan,nan,nan,nan,nan,nan,nan,nan,nan,nan,nan,nan,nan,2.000000,4.000000,nan,nan,26.700000
nan,nan,nan,nan,nan,nan,nan,nan,nan,nan,nan,nan,nan,17.100000,4.000000,nan,nan,30.700000
nan,nan,nan,nan,nan,nan,nan,nan,nan,nan,nan,nan,nan,3.800000,1.900000,nan,nan,48.200000
nan,nan,nan,nan,nan,nan,nan,nan,nan,nan,nan,nan,nan,3.800000,5.500000,nan,nan,9.200000
nan,nan,nan,nan,nan,nan,nan,nan,nan,nan,nan,nan,nan,3.800000,5.700000,nan,nan,6.900000
nan,nan,nan,nan,nan,nan,nan,nan,nan,nan,nan,nan,nan,2.000000,1.000000,nan,nan,3.000000
nan,nan,nan,nan,nan,nan,nan,nan,nan,nan,nan,nan,nan,3.800000,5.700000,nan,nan,3.700000
nan,nan,nan,nan,nan,nan,nan,nan,nan,nan,nan,nan,nan,3.800000,14.500000,nan,nan,52.500000
nan,nan,nan,nan,nan,nan,nan,nan,nan,nan,nan,nan,nan,3.800000,14.800000,nan,nan,2.000000
nan,nan,nan,nan,nan,nan,nan,nan,nan,nan,nan,nan,nan,2.000000,22.200000,nan,nan,3.800000
nan,nan,nan,nan,nan,nan,nan,nan,nan,nan,nan,nan,nan,1.000000,1.000000,nan,nan,2.900000
nan,nan,nan,nan,nan,nan,nan,nan,nan,nan,nan,nan,nan,3.000000,4.000000,nan,nan,27.900000
nan,nan,nan,nan,nan,nan,nan,nan,nan,nan,nan,nan,nan,4.000000,1.000000,nan,nan,3.900000
nan,nan,nan,nan,nan,nan,nan,nan,nan,nan,nan,nan,nan,3.800000,14.700000,nan,nan,4.800000
nan,nan,nan,nan,nan,nan,nan,nan,nan,nan,nan,nan,nan,3.800000,1.000000,nan,nan,13.700000
nan,nan,nan,nan,nan,nan,nan,nan,nan,nan,nan,nan,nan,7.400000,1.000000,nan,nan,18.600000
nan,nan,nan,nan,nan,nan,nan,nan,nan,nan,nan,nan,nan,4.000000,5.700000,nan,nan,3.900000
nan,nan,nan,nan,nan,nan,nan,nan,nan,nan,nan,nan,nan,1.900000,4.000000,nan,nan,3.800000
nan,nan,nan,nan,nan,nan,nan,nan,nan,nan,nan,nan,nan,3.800000,5.700000,nan,nan,7.300000
nan,nan,nan,nan,nan,nan,nan,nan,nan,nan,nan,nan,nan,2.000000,1.000000,nan,nan,5.800000
nan,nan,nan,nan,nan,nan,nan,nan,nan,nan,nan,nan,nan,5.700000,2.900000,nan,nan,55.500000
nan,nan,nan,nan,nan,nan,nan,nan,nan,nan,nan,nan,nan,1.000000,2.000000,nan,nan,5.600000
nan,nan,nan,nan,nan,nan,nan,nan,nan,nan,nan,nan,nan,1.000000,3.800000,nan,nan,6.500000
nan,nan,nan,nan,nan,nan,nan,nan,nan,nan,nan,nan,nan,1.000000,1.000000,nan,nan,1.000000
nan,nan,nan,nan,nan,nan,nan,nan,nan,nan,nan,nan,nan,3.900000,1.900000,nan,nan,3.800000
nan,nan,nan,nan,nan,nan,nan,nan,nan,nan,nan,nan,nan,3.800000,2.000000,nan,nan,6.600000
nan,nan,nan,nan,nan,nan,nan,nan,nan,nan,nan,nan,nan,3.700000,2.000000,nan,nan,58.100000
nan,nan,nan,nan,nan,nan,nan,nan,nan,nan,nan,nan,nan,2.000000,12.800000,nan,nan,9.600000
nan,nan,nan,nan,nan,nan,nan,nan,nan,nan,nan,nan,nan,1.000000,5.700000,nan,nan,22.700000
nan,nan,nan,nan,nan,nan,nan,nan,nan,nan,nan,nan,nan,1.900000,0.000000,nan,nan,5.700000
nan,nan,nan,nan,nan,nan,nan,nan,nan,nan,nan,nan,nan,3.800000,1.000000,nan,nan,18.200000
nan,nan,nan,nan,nan,nan,nan,nan,nan,nan,nan,nan,nan,7.600000,2.000000,nan,nan,3.000000
nan,nan,nan,nan,nan,nan,nan,nan,nan,nan,nan,nan,nan,5.700000,7.600000,nan,nan,1.900000
nan,nan,nan,nan,nan,nan,nan,nan,nan,nan,nan,nan,nan,10.000000,7.600000,nan,nan,13.800000
nan,nan,nan,nan,nan,nan,nan,nan,nan,nan,nan,nan,nan,1.000000,8.900000,nan,nan,27.200000
nan,nan,nan,nan,nan,nan,nan,nan,nan,nan,nan,nan,nan,3.700000,18.600000,nan,nan,3.000000
nan,nan,nan,nan,nan,nan,nan,nan,nan,nan,nan,nan,nan,2.000000,1.000000,nan,nan,5.700000
nan,nan,nan,nan,nan,nan,nan,nan,nan,nan,nan,nan,nan,2.000000,9.700000,nan,nan,9.400000
nan,nan,nan,nan,nan,nan,nan,nan,nan,nan,nan,nan,nan,0.900000,5.600000,nan,nan,35.700000
nan,nan,nan,nan,nan,nan,nan,nan,nan,nan,nan,nan,nan,0.000000,3.900000,nan,nan,6.000000
nan,nan,nan,nan,nan,nan,nan,nan,nan,nan,nan,nan,nan,4.000000,2.000000,nan,nan,3.800000
nan,nan,nan,nan,nan,nan,nan,nan,nan,nan,nan,nan,nan,2.000000,16.600000,nan,nan,3.900000
nan,nan,nan,nan,nan,nan,nan,nan,nan,nan,nan,nan,nan,1.900000,9.500000,nan,nan,63.300000
nan,nan,nan,nan,nan,nan,nan,nan,nan,nan,nan,nan,nan,2.000000,3.800000,nan,nan,6.900000
nan,nan,nan,nan,nan,nan,nan,nan,nan,nan,nan,nan,nan,2.000000,5.800000,nan,nan,2.800000
nan,nan,nan,nan,nan,nan,nan,nan,nan,nan,nan,nan,nan,3.700000,1.000000,nan,nan,29.300000
nan,nan,nan,nan,nan,nan,nan,nan,nan,nan,nan,nan,nan,4.000000,8.500000,nan,nan,13.700000
nan,nan,nan,nan,nan,nan,nan,nan,nan,nan,nan,nan,nan,2.000000,1.900000,nan,nan,9.300000
nan,nan,nan,nan,nan,nan,nan,nan,nan,nan,nan,nan,nan,8.300000,9.200000,nan,nan,3.800000
nan,nan,nan,nan,nan,nan,nan,nan,nan,nan,nan,nan,nan,4.000000,0.900000,nan,nan,5.800000
nan,nan,nan,nan,nan,nan,nan,nan,nan,nan,nan,nan,nan,2.900000,26.000000,nan,nan,5.900000
nan,nan,nan,nan,nan,nan,nan,nan,nan,nan,nan,nan,nan,7.300000,8.700000,nan,nan,7.700000
nan,nan,nan,nan,nan,nan,nan,nan,nan,nan,nan,nan,nan,8.000000,5.800000,nan,nan,2.000000
nan,nan,nan,nan,nan,nan,nan,nan,nan,nan,nan,nan,nan,0.000000,22.300000,nan,nan,14.500000
nan,nan,nan,nan,nan,nan,nan,nan,nan,nan,nan,nan,nan,8.700000,2.000000,nan,nan,3.800000
nan,nan,nan,nan,nan,nan,nan,nan,nan,nan,nan,nan,nan,5.800000,3.000000,nan,nan,13.800000
nan,nan,nan,nan,nan,nan,nan,nan,nan,nan,nan,nan,nan,2.000000,6.000000,nan,nan,13.900000
nan,nan,nan,nan,nan,nan,nan,nan,nan,nan,nan,nan,nan,17.100000,3.700000,nan,nan,2.900000
nan,nan,nan,nan,nan,nan,nan,nan,nan,nan,nan,nan,nan,4.800000,1.000000,nan,nan,5.700000
nan,nan,nan,nan,nan,nan,nan,nan,nan,nan,nan,nan,nan,2.900000,8.200000,nan,nan,9.600000
nan,nan,nan,nan,nan,nan,nan,nan,nan,nan,nan,nan,nan,1.900000,1.000000,nan,nan,7.800000
nan,nan,nan,nan,nan,nan,nan,nan,nan,nan,nan,nan,nan,2.000000,6.600000,nan,nan,53.400000
nan,nan,nan,nan,nan,nan,nan,nan,nan,nan,nan,nan,nan,5.800000,22.100000,nan,nan,5.600000
nan,nan,nan,nan,nan,nan,nan,nan,nan,nan,nan,nan,nan,2.000000,1.000000,nan,nan,12.000000
nan,nan,nan,nan,nan,nan,nan,nan,nan,nan,nan,nan,nan,5.700000,7.600000,nan,nan,8.300000
nan,nan,nan,nan,nan,nan,nan,nan,nan,nan,nan,nan,nan,3.800000,4.600000,nan,nan,5.700000
nan,nan,nan,nan,nan,nan,nan,nan,nan,nan,nan,nan,nan,3.800000,3.000000,nan,nan,35.600000
nan,nan,nan,nan,nan,nan,nan,nan,nan,nan,nan,nan,nan,5.700000,2.000000,nan,nan,2.800000
nan,nan,nan,nan,nan,nan,nan,nan,nan,nan,nan,nan,nan,4.000000,1.000000,nan,nan,11.500000
nan,nan,nan,nan,nan,nan,nan,nan,nan,nan,nan,nan,nan,2.000000,2.000000,nan,nan,11.400000
nan,nan,nan,nan,nan,nan,nan,nan,nan,nan,nan,nan,nan,8.500000,8.000000,nan,nan,9.500000
nan,nan,nan,nan,nan,nan,nan,nan,nan,nan,nan,nan,nan,0.000000,2.000000,nan,nan,9.300000
nan,nan,nan,nan,nan,nan,nan,nan,nan,nan,nan,nan,nan,8.500000,11.200000,nan,nan,2.900000
nan,nan,nan,nan,nan,nan,nan,nan,nan,nan,nan,nan,nan,9.000000,2.000000,nan,nan,5.600000
nan,nan,nan,nan,nan,nan,nan,nan,nan,nan,nan,nan,nan,1.000000,32.800000,nan,nan,22.600000
nan,nan,nan,nan,nan,nan,nan,nan,nan,nan,nan,nan,nan,2.000000,3.800000,nan,nan,5.800000
nan,nan,nan,nan,nan,nan,nan,nan,nan,nan,nan,nan,nan,1.000000,8.600000,nan,nan,2.900000
nan,nan,nan,nan,nan,nan,nan,nan,nan,nan,nan,nan,nan,2.000000,5.000000,nan,nan,6.600000
nan,nan,nan,nan,nan,nan,nan,nan,nan,nan,nan,nan,nan,3.900000,3.700000,nan,nan,9.700000
nan,nan,nan,nan,nan,nan,nan,nan,nan,nan,nan,nan,nan,5.800000,3.700000,nan,nan,14.100000
nan,nan,nan,nan,nan,nan,nan,nan,nan,nan,nan,nan,nan,1.900000,11.200000,nan,nan,41.100000
nan,nan,nan,nan,nan,nan,nan,nan,nan,nan,nan,nan,nan,1.900000,3.800000,nan,nan,19.200000
nan,nan,nan,nan,nan,nan,nan,nan,nan,nan,nan,nan,nan,9.600000,1.800000,nan,nan,11.100000
nan,nan,nan,nan,nan,nan,nan,nan,nan,nan,nan,nan,nan,0.900000,16.800000,nan,nan,30.300000
nan,nan,nan,nan,nan,nan,nan,nan,nan,nan,nan,nan,nan,7.600000,0.900000,nan,nan,14.900000
nan,nan,nan,nan,nan,nan,nan,nan,nan,nan,nan,nan,nan,3.800000,11.400000,nan,nan,23.100000
nan,nan,nan,nan,nan,nan,nan,nan,nan,nan,nan,nan,nan,5.600000,1.900000,nan,nan,19.500000
nan,nan,nan,nan,nan,nan,nan,nan,nan,nan,nan,nan,nan,1.900000,4.000000,nan,nan,13.800000
nan,nan,nan,nan,nan,nan,nan,nan,nan,nan,nan,nan,nan,2.000000,2.000000,nan,nan,2.000000
nan,nan,nan,nan,nan,nan,nan,nan,nan,nan,nan,nan,nan,6.000000,4.000000,nan,nan,6.700000
nan,nan,nan,nan,nan,nan,nan,nan,nan,nan,nan,nan,nan,3.800000,1.000000,nan,nan,44.200000
nan,nan,nan,nan,nan,nan,nan,nan,nan,nan,nan,nan,nan,2.000000,14.400000,nan,nan,5.400000
nan,nan,nan,nan,nan,nan,nan,nan,nan,nan,nan,nan,nan,4.600000,4.900000,nan,nan,29.100000
nan,nan,nan,nan,nan,nan,nan,nan,nan,nan,nan,nan,nan,3.700000,2.900000,nan,nan,2.900000
nan,nan,nan,nan,nan,nan,nan,nan,nan,nan,nan,nan,nan,1.000000,8.200000,nan,nan,3.900000
nan,nan,nan,nan,nan,nan,nan,nan,nan,nan,nan,nan,nan,2.000000,3.800000,nan,nan,29.600000
nan,nan,nan,nan,nan,nan,nan,nan,nan,nan,nan,nan,nan,3.700000,3.900000,nan,nan,17.200000
nan,nan,nan,nan,nan,nan,nan,nan,nan,nan,nan,nan,nan,0.000000,1.000000,nan,nan,5.700000
nan,nan,nan,nan,nan,nan,nan,nan,nan,nan,nan,nan,nan,2.800000,1.000000,nan,nan,27.400000
nan,nan,nan,nan,nan,nan,nan,nan,nan,nan,nan,nan,nan,1.000000,1.000000,nan,nan,2.900000
nan,nan,nan,nan,nan,nan,nan,nan,nan,nan,nan,nan,nan,4.000000,22.500000,nan,nan,14.100000
nan,nan,nan,nan,nan,nan,nan,nan,nan,nan,nan,nan,nan,7.600000,2.000000,nan,nan,14.100000
nan,nan,nan,nan,nan,nan,nan,nan,nan,nan,nan,nan,nan,3.800000,2.000000,nan,nan,5.800000
nan,nan,nan,nan,nan,nan,nan,nan,nan,nan,nan,nan,nan,3.000000,7.500000,nan,nan,9.400000
nan,nan,nan,nan,nan,nan,nan,nan,nan,nan,nan,nan,nan,2.000000,1.000000,nan,nan,13.700000
nan,nan,nan,nan,nan,nan,nan,nan,nan,nan,nan,nan,nan,2.000000,9.800000,nan,nan,18.100000
nan,nan,nan,nan,nan,nan,nan,nan,nan,nan,nan,nan,nan,4.000000,3.700000,nan,nan,8.800000
nan,nan,nan,nan,nan,nan,nan,nan,nan,nan,nan,nan,nan,7.900000,2.000000,nan,nan,3.000000
nan,nan,nan,nan,nan,nan,nan,nan,nan,nan,nan,nan,nan,1.000000,4.000000,nan,nan,51.000000
nan,nan,nan,nan,nan,nan,nan,nan,nan,nan,nan,nan,nan,1.000000,0.000000,nan,nan,9.400000
nan,nan,nan,nan,nan,nan,nan,nan,nan,nan,nan,nan,nan,13.800000,4.000000,nan,nan,57.700000
nan,nan,nan,nan,nan,nan,nan,nan,nan,nan,nan,nan,nan,3.800000,6.000000,nan,nan,42.300000
nan,nan,nan,nan,nan,nan,nan,nan,nan,nan,nan,nan,nan,1.000000,1.000000,nan,nan,2.900000
nan,nan,nan,nan,nan,nan,nan,nan,nan,nan,nan,nan,nan,2.000000,14.100000,nan,nan,16.800000
nan,nan,nan,nan,nan,nan,nan,nan,nan,nan,nan,nan,nan,4.000000,1.000000,nan,nan,6.000000
nan,nan,nan,nan,nan,nan,nan,nan,nan,nan,nan,nan,nan,5.700000,7.600000,nan,nan,9.500000
nan,nan,nan,nan,nan,nan,nan,nan,nan,nan,nan,nan,nan,1.000000,3.900000,nan,nan,7.800000
nan,nan,nan,nan,nan,nan,nan,nan,nan,nan,nan,nan,nan,7.600000,3.800000,nan,nan,6.000000
nan,nan,nan,nan,nan,nan,nan,nan,nan,nan,nan,nan,nan,2.000000,5.900000,nan,nan,40.800000
nan,nan,nan,nan,nan,nan,nan,nan,nan,nan,nan,nan,nan,2.900000,5.000000,nan,nan,5.700000
nan,nan,nan,nan,nan,nan,nan,nan,nan,nan,nan,nan,nan,3.800000,19.400000,nan,nan,6.400000
nan,nan,nan,nan,nan,nan,nan,nan,nan,nan,nan,nan,nan,1.900000,3.900000,nan,nan,14.600000
nan,nan,nan,nan,nan,nan,nan,nan,nan,nan,nan,nan,nan,4.000000,8.500000,nan,nan,5.900000
nan,nan,nan,nan,nan,nan,nan,nan,nan,nan,nan,nan,nan,1.000000,4.800000,nan,nan,3.900000
nan,nan,nan,nan,nan,nan,nan,nan,nan,nan,nan,nan,nan,2.900000,1.900000,nan,nan,19.500000
nan,nan,nan,nan,nan,nan,nan,nan,nan,nan,nan,nan,nan,6.500000,2.000000,nan,nan,40.700000
nan,nan,nan,nan,nan,nan,nan,nan,nan,nan,nan,nan,nan,2.000000,19.300000,nan,nan,13.700000
nan,nan,nan,nan,nan,nan,nan,nan,nan,nan,nan,nan,nan,3.700000,32.200000,nan,nan,9.400000
nan,nan,nan,nan,nan,nan,nan,nan,nan,nan,nan,nan,nan,1.000000,2.000000,nan,nan,14.100000
nan,nan,nan,nan,nan,nan,nan,nan,nan,nan,nan,nan,nan,4.600000,1.000000,nan,nan,9.200000
nan,nan,nan,nan,nan,nan,nan,nan,nan,nan,nan,nan,nan,5.000000,3.800000,nan,nan,9.800000
nan,nan,nan,nan,nan,nan,nan,nan,nan,nan,nan,nan,nan,0.900000,7.700000,nan,nan,3.700000
nan,nan,nan,nan,nan,nan,nan,nan,nan,nan,nan,nan,nan,7.600000,17.200000,nan,nan,5.900000
nan,nan,nan,nan,nan,nan,nan,nan,nan,nan,nan,nan,nan,1.000000,11.300000,nan,nan,27.300000
nan,nan,nan,nan,nan,nan,nan,nan,nan,nan,nan,nan,nan,1.000000,2.000000,nan,nan,11.100000
nan,nan,nan,nan,nan,nan,nan,nan,nan,nan,nan,nan,nan,8.000000,1.000000,nan,nan,40.700000
nan,nan,nan,nan,nan,nan,nan,nan,nan,nan,nan,nan,nan,5.800000,11.200000,nan,nan,11.000000
nan,nan,nan,nan,nan,nan,nan,nan,nan,nan,nan,nan,nan,1.900000,19.800000,nan,nan,14.100000
nan,nan,nan,nan,nan,nan,nan,nan,nan,nan,nan,nan,nan,3.800000,9.500000,nan,nan,9.700000
nan,nan,nan,nan,nan,nan,nan,nan,nan,nan,nan,nan,nan,2.900000,0.000000,nan,nan,14.400000
nan,nan,nan,nan,nan,nan,nan,nan,nan,nan,nan,nan,nan,4.000000,4.800000,nan,nan,14.200000
nan,nan,nan,nan,nan,nan,nan,nan,nan,nan,nan,nan,nan,2.000000,2.000000,nan,nan,14.700000
nan,nan,nan,nan,nan,nan,nan,nan,nan,nan,nan,nan,nan,3.800000,11.400000,nan,nan,1.800000
nan,nan,nan,nan,nan,nan,nan,nan,nan,nan,nan,nan,nan,1.900000,1.000000,nan,nan,2.900000
nan,nan,nan,nan,nan,nan,nan,nan,nan,nan,nan,nan,nan,5.800000,7.600000,nan,nan,10.900000
nan,nan,nan,nan,nan,nan,nan,nan,nan,nan,nan,nan,nan,7.800000,1.000000,nan,nan,5.500000
nan,nan,nan,nan,nan,nan,nan,nan,nan,nan,nan,nan,nan,1.000000,7.600000,nan,nan,14.200000
nan,nan,nan,nan,nan,nan,nan,nan,nan,nan,nan,nan,nan,2.000000,5.800000,nan,nan,14.200000
nan,nan,nan,nan,nan,nan,nan,nan,nan,nan,nan,nan,nan,3.800000,1.000000,nan,nan,2.800000
nan,nan,nan,nan,nan,nan,nan,nan,nan,nan,nan,nan,nan,8.900000,7.600000,nan,nan,2.800000
nan,nan,nan,nan,nan,nan,nan,nan,nan,nan,nan,nan,nan,2.000000,2.800000,nan,nan,3.900000
nan,nan,nan,nan,nan,nan,nan,nan,nan,nan,nan,nan,nan,5.800000,5.700000,nan,nan,6.700000
nan,nan,nan,nan,nan,nan,nan,nan,nan,nan,nan,nan,nan,0.900000,4.600000,nan,nan,13.600000
nan,nan,nan,nan,nan,nan,nan,nan,nan,nan,nan,nan,nan,6.000000,5.000000,nan,nan,13.800000
nan,nan,nan,nan,nan,nan,nan,nan,nan,nan,nan,nan,nan,1.000000,2.800000,nan,nan,58.100000
nan,nan,nan,nan,nan,nan,nan,nan,nan,nan,nan,nan,nan,0.900000,4.000000,nan,nan,41.900000
nan,nan,nan,nan,nan,nan,nan,nan,nan,nan,nan,nan,nan,3.800000,2.900000,nan,nan,5.700000
nan,nan,nan,nan,nan,nan,nan,nan,nan,nan,nan,nan,nan,3.800000,6.400000,nan,nan,5.600000
nan,nan,nan,nan,nan,nan,nan,nan,nan,nan,nan,nan,nan,3.800000,2.000000,nan,nan,32.700000
nan,nan,nan,nan,nan,nan,nan,nan,nan,nan,nan,nan,nan,0.900000,33.300000,nan,nan,3.000000
nan,nan,nan,nan,nan,nan,nan,nan,nan,nan,nan,nan,nan,3.800000,11.300000,nan,nan,1.900000
nan,nan,nan,nan,nan,nan,nan,nan,nan,nan,nan,nan,nan,3.800000,10.800000,nan,nan,5.600000
nan,nan,nan,nan,nan,nan,nan,nan,nan,nan,nan,nan,nan,3.800000,17.100000,nan,nan,2.900000
nan,nan,nan,nan,nan,nan,nan,nan,nan,nan,nan,nan,nan,3.800000,2.000000,nan,nan,30.000000
nan,nan,nan,nan,nan,nan,nan,nan,nan,nan,nan,nan,nan,2.000000,3.900000,nan,nan,11.000000
nan,nan,nan,nan,nan,nan,nan,nan,nan,nan,nan,nan,nan,3.000000,5.000000,nan,nan,5.700000
nan,nan,nan,nan,nan,nan,nan,nan,nan,nan,nan,nan,nan,4.000000,5.000000,nan,nan,1.000000
nan,nan,nan,nan,nan,nan,nan,nan,nan,nan,nan,nan,nan,3.800000,9.400000,nan,nan,14.000000
nan,nan,nan,nan,nan,nan,nan,nan,nan,nan,nan,nan,nan,1.000000,7.400000,nan,nan,5.800000
nan,nan,nan,nan,nan,nan,nan,nan,nan,nan,nan,nan,nan,1.000000,3.900000,nan,nan,27.600000
nan,nan,nan,nan,nan,nan,nan,nan,nan,nan,nan,nan,nan,2.000000,0.000000,nan,nan,5.700000
nan,nan,nan,nan,nan,nan,nan,nan,nan,nan,nan,nan,nan,2.000000,1.900000,nan,nan,11.400000
nan,nan,nan,nan,nan,nan,nan,nan,nan,nan,nan,nan,nan,3.000000,1.900000,nan,nan,11.000000
nan,nan,nan,nan,nan,nan,nan,nan,nan,nan,nan,nan,nan,3.900000,1.000000,nan,nan,1.900000
nan,nan,nan,nan,nan,nan,nan,nan,nan,nan,nan,nan,nan,1.000000,1.000000,nan,nan,45.200000
nan,nan,nan,nan,nan,nan,nan,nan,nan,nan,nan,nan,nan,2.000000,22.500000,nan,nan,2.800000
nan,nan,nan,nan,nan,nan,nan,nan,nan,nan,nan,nan,nan,2.000000,1.000000,nan,nan,5.900000
nan,nan,nan,nan,nan,nan,nan,nan,nan,nan,nan,nan,nan,2.000000,9.200000,nan,nan,6.600000
nan,nan,nan,nan,nan,nan,nan,nan,nan,nan,nan,nan,nan,2.000000,0.900000,nan,nan,14.400000
nan,nan,nan,nan,nan,nan,nan,nan,nan,nan,nan,nan,nan,2.000000,1.900000,nan,nan,3.900000
nan,nan,nan,nan,nan,nan,nan,nan,nan,nan,nan,nan,nan,3.600000,1.000000,nan,nan,27.500000
nan,nan,nan,nan,nan,nan,nan,nan,nan,nan,nan,nan,nan,2.000000,2.000000,nan,nan,6.800000
nan,nan,nan,nan,nan,nan,nan,nan,nan,nan,nan,nan,nan,4.000000,3.900000,nan,nan,1.900000
nan,nan,nan,nan,nan,nan,nan,nan,nan,nan,nan,nan,nan,4.000000,2.900000,nan,nan,29.100000
nan,nan,nan,nan,nan,nan,nan,nan,nan,nan,nan,nan,nan,5.700000,2.000000,nan,nan,5.400000
nan,nan,nan,nan,nan,nan,nan,nan,nan,nan,nan,nan,nan,2.000000,11.200000,nan,nan,8.600000
nan,nan,nan,nan,nan,nan,nan,nan,nan,nan,nan,nan,nan,5.800000,2.800000,nan,nan,50.600000
nan,nan,nan,nan,nan,nan,nan,nan,nan,nan,nan,nan,nan,8.000000,6.000000,nan,nan,5.600000
nan,nan,nan,nan,nan,nan,nan,nan,nan,nan,nan,nan,nan,2.800000,5.500000,nan,nan,3.900000
nan,nan,nan,nan,nan,nan,nan,nan,nan,nan,nan,nan,nan,2.000000,3.800000,nan,nan,12.800000
nan,nan,nan,nan,nan,nan,nan,nan,nan,nan,nan,nan,nan,7.600000,5.700000,nan,nan,1.900000
nan,nan,nan,nan,nan,nan,nan,nan,nan,nan,nan,nan,nan,1.800000,2.900000,nan,nan,13.700000
nan,nan,nan,nan,nan,nan,nan,nan,nan,nan,nan,nan,nan,3.800000,3.800000,nan,nan,6.700000
nan,nan,nan,nan,nan,nan,nan,nan,nan,nan,nan,nan,nan,2.000000,2.000000,nan,nan,4.800000
nan,nan,nan,nan,nan,nan,nan,nan,nan,nan,nan,nan,nan,3.800000,7.600000,nan,nan,5.500000
nan,nan,nan,nan,nan,nan,nan,nan,nan,nan,nan,nan,nan,7.700000,3.600000,nan,nan,5.900000
nan,nan,nan,nan,nan,nan,nan,nan,nan,nan,nan,nan,nan,3.800000,1.900000,nan,nan,3.900000
nan,nan,nan,nan,nan,nan,nan,nan,nan,nan,nan,nan,nan,2.000000,2.000000,nan,nan,7.400000
nan,nan,nan,nan,nan,nan,nan,nan,nan,nan,nan,nan,nan,6.000000,5.500000,nan,nan,14.300000
nan,nan,nan,nan,nan,nan,nan,nan,nan,nan,nan,nan,nan,3.800000,2.900000,nan,nan,5.500000
nan,nan,nan,nan,nan,nan,nan,nan,nan,nan,nan,nan,nan,2.800000,4.700000,nan,nan,5.500000
nan,nan,nan,nan,nan,nan,nan,nan,nan,nan,nan,nan,nan,3.900000,3.700000,nan,nan,5.900000
nan,nan,nan,nan,nan,nan,nan,nan,nan,nan,nan,nan,nan,0.000000,3.800000,nan,nan,2.000000
nan,nan,nan,nan,nan,nan,nan,nan,nan,nan,nan,nan,nan,2.000000,6.400000,nan,nan,28.000000
nan,nan,nan,nan,nan,nan,nan,nan,nan,nan,nan,nan,nan,6.000000,4.000000,nan,nan,2.900000
nan,nan,nan,nan,nan,nan,nan,nan,nan,nan,nan,nan,nan,3.800000,0.900000,nan,nan,46.400000
nan,nan,nan,nan,nan,nan,nan,nan,nan,nan,nan,nan,nan,4.800000,2.000000,nan,nan,5.900000
nan,nan,nan,nan,nan,nan,nan,nan,nan,nan,nan,nan,nan,4.000000,3.900000,nan,nan,9.100000
nan,nan,nan,nan,nan,nan,nan,nan,nan,nan,nan,nan,nan,2.000000,11.300000,nan,nan,2.700000
nan,nan,nan,nan,nan,nan,nan,nan,nan,nan,nan,nan,nan,3.000000,1.000000,nan,nan,4.700000
nan,nan,nan,nan,nan,nan,nan,nan,nan,nan,nan,nan,nan,3.800000,22.400000,nan,nan,2.900000
nan,nan,nan,nan,nan,nan,nan,nan,nan,nan,nan,nan,nan,13.500000,1.000000,nan,nan,14.200000
nan,nan,nan,nan,nan,nan,nan,nan,nan,nan,nan,nan,nan,1.000000,1.000000,nan,nan,3.000000
nan,nan,nan,nan,nan,nan,nan,nan,nan,nan,nan,nan,nan,1.900000,2.000000,nan,nan,2.800000
nan,nan,nan,nan,nan,nan,nan,nan,nan,nan,nan,nan,nan,1.900000,4.900000,nan,nan,6.700000
nan,nan,nan,nan,nan,nan,nan,nan,nan,nan,nan,nan,nan,2.000000,2.000000,nan,nan,9.500000
nan,nan,nan,nan,nan,nan,nan,nan,nan,nan,nan,nan,nan,5.600000,0.900000,nan,nan,5.900000
nan,nan,nan,nan,nan,nan,nan,nan,nan,nan,nan,nan,nan,4.000000,4.000000,nan,nan,1.900000
nan,nan,nan,nan,nan,nan,nan,nan,nan,nan,nan,nan,nan,0.900000,4.700000,nan,nan,19.800000
nan,nan,nan,nan,nan,nan,nan,nan,nan,nan,nan,nan,nan,11.700000,3.800000,nan,nan,30.000000
nan,nan,nan,nan,nan,nan,nan,nan,nan,nan,nan,nan,nan,2.000000,2.900000,nan,nan,11.000000
nan,nan,nan,nan,nan,nan,nan,nan,nan,nan,nan,nan,nan,1.900000,18.700000,nan,nan,6.900000
nan,nan,nan,nan,nan,nan,nan,nan,nan,nan,nan,nan,nan,2.000000,1.900000,nan,nan,12.800000
nan,nan,nan,nan,nan,nan,nan,nan,nan,nan,nan,nan,nan,1.800000,3.000000,nan,nan,5.600000
nan,nan,nan,nan,nan,nan,nan,nan,nan,nan,nan,nan,nan,0.900000,8.700000,nan,nan,29.200000
nan,nan,nan,nan,nan,nan,nan,nan,nan,nan,nan,nan,nan,3.800000,2.000000,nan,nan,2.900000
nan,nan,nan,nan,nan,nan,nan,nan,nan,nan,nan,nan,nan,1.000000,16.800000,nan,nan,27.200000
nan,nan,nan,nan,nan,nan,nan,nan,nan,nan,nan,nan,nan,1.000000,3.000000,nan,nan,3.000000
nan,nan,nan,nan,nan,nan,nan,nan,nan,nan,nan,nan,nan,0.900000,3.700000,nan,nan,11.200000
nan,nan,nan,nan,nan,nan,nan,nan,nan,nan,nan,nan,nan,7.600000,4.000000,nan,nan,51.300000
nan,nan,nan,nan,nan,nan,nan,nan,nan,nan,nan,nan,nan,1.900000,16.600000,nan,nan,9.200000
nan,nan,nan,nan,nan,nan,nan,nan,nan,nan,nan,nan,nan,1.900000,2.000000,nan,nan,9.200000
nan,nan,nan,nan,nan,nan,nan,nan,nan,nan,nan,nan,nan,1.900000,1.900000,nan,nan,54.500000
nan,nan,nan,nan,nan,nan,nan,nan,nan,nan,nan,nan,nan,2.000000,2.000000,nan,nan,7.500000
nan,nan,nan,nan,nan,nan,nan,nan,nan,nan,nan,nan,nan,3.800000,2.000000,nan,nan,10.900000
nan,nan,nan,nan,nan,nan,nan,nan,nan,nan,nan,nan,nan,2.000000,6.000000,nan,nan,10.900000
nan,nan,nan,nan,nan,nan,nan,nan,nan,nan,nan,nan,nan,2.900000,14.800000,nan,nan,3.900000
nan,nan,nan,nan,nan,nan,nan,nan,nan,nan,nan,nan,nan,4.000000,9.500000,nan,nan,7.400000
nan,nan,nan,nan,nan,nan,nan,nan,nan,nan,nan,nan,nan,4.000000,0.000000,nan,nan,12.800000
nan,nan,nan,nan,nan,nan,nan,nan,nan,nan,nan,nan,nan,5.700000,3.000000,nan,nan,5.400000
nan,nan,nan,nan,nan,nan,nan,nan,nan,nan,nan,nan,nan,1.000000,5.000000,nan,nan,5.700000
nan,nan,nan,nan,nan,nan,nan,nan,nan,nan,nan,nan,nan,0.900000,4.000000,nan,nan,2.900000
nan,nan,nan,nan,nan,nan,nan,nan,nan,nan,nan,nan,nan,4.000000,9.800000,nan,nan,9.200000
nan,nan,nan,nan,nan,nan,nan,nan,nan,nan,nan,nan,nan,3.800000,1.000000,nan,nan,2.000000
nan,nan,nan,nan,nan,nan,nan,nan,nan,nan,nan,nan,nan,8.000000,0.900000,nan,nan,19.100000
nan,nan,nan,nan,nan,nan,nan,nan,nan,nan,nan,nan,nan,2.800000,1.000000,nan,nan,1.900000
nan,nan,nan,nan,nan,nan,nan,nan,nan,nan,nan,nan,nan,2.000000,3.700000,nan,nan,2.900000
nan,nan,nan,nan,nan,nan,nan,nan,nan,nan,nan,nan,nan,3.800000,14.800000,nan,nan,11.400000
nan,nan,nan,nan,nan,nan,nan,nan,nan,nan,nan,nan,nan,8.300000,1.000000,nan,nan,57.700000
nan,nan,nan,nan,nan,nan,nan,nan,nan,nan,nan,nan,nan,7.400000,22.400000,nan,nan,3.000000
nan,nan,nan,nan,nan,nan,nan,nan,nan,nan,nan,nan,nan,0.000000,3.000000,nan,nan,14.100000
nan,nan,nan,nan,nan,nan,nan,nan,nan,nan,nan,nan,nan,3.800000,3.000000,nan,nan,3.700000
nan,nan,nan,nan,nan,nan,nan,nan,nan,nan,nan,nan,nan,0.000000,2.800000,nan,nan,4.700000
nan,nan,nan,nan,nan,nan,nan,nan,nan,nan,nan,nan,nan,2.000000,3.000000,nan,nan,3.000000
nan,nan,nan,nan,nan,nan,nan,nan,nan,nan,nan,nan,nan,5.400000,3.800000,nan,nan,52.600000
nan,nan,nan,nan,nan,nan,nan,nan,nan,nan,nan,nan,nan,11.200000,3.800000,nan,nan,4.900000
nan,nan,nan,nan,nan,nan,nan,nan,nan,nan,nan,nan,nan,3.800000,11.200000,nan,nan,41.300000
nan,nan,nan,nan,nan,nan,nan,nan,nan,nan,nan,nan,nan,0.000000,3.800000,nan,nan,41.300000
nan,nan,nan,nan,nan,nan,nan,nan,nan,nan,nan,nan,nan,12.900000,3.900000,nan,nan,5.800000
nan,nan,nan,nan,nan,nan,nan,nan,nan,nan,nan,nan,nan,3.800000,21.900000,nan,nan,11.100000
nan,nan,nan,nan,nan,nan,nan,nan,nan,nan,nan,nan,nan,1.900000,1.000000,nan,nan,40.900000
nan,nan,nan,nan,nan,nan,nan,nan,nan,nan,nan,nan,nan,19.000000,3.800000,nan,nan,52.900000
nan,nan,nan,nan,nan,nan,nan,nan,nan,nan,nan,nan,nan,7.600000,1.000000,nan,nan,9.500000
nan,nan,nan,nan,nan,nan,nan,nan,nan,nan,nan,nan,nan,0.000000,3.900000,nan,nan,1.000000
nan,nan,nan,nan,nan,nan,nan,nan,nan,nan,nan,nan,nan,1.900000,2.700000,nan,nan,15.400000
nan,nan,nan,nan,nan,nan,nan,nan,nan,nan,nan,nan,nan,8.000000,6.400000,nan,nan,18.300000
nan,nan,nan,nan,nan,nan,nan,nan,nan,nan,nan,nan,nan,3.800000,9.500000,nan,nan,30.700000
nan,nan,nan,nan,nan,nan,nan,nan,nan,nan,nan,nan,nan,1.800000,2.000000,nan,nan,1.000000
nan,nan,nan,nan,nan,nan,nan,nan,nan,nan,nan,nan,nan,1.000000,2.900000,nan,nan,9.300000
nan,nan,nan,nan,nan,nan,nan,nan,nan,nan,nan,nan,nan,8.500000,2.900000,nan,nan,7.400000
nan,nan,nan,nan,nan,nan,nan,nan,nan,nan,nan,nan,nan,4.000000,7.600000,nan,nan,13.800000
nan,nan,nan,nan,nan,nan,nan,nan,nan,nan,nan,nan,nan,2.000000,1.900000,nan,nan,5.600000
nan,nan,nan,nan,nan,nan,nan,nan,nan,nan,nan,nan,nan,0.000000,3.700000,nan,nan,29.400000
nan,nan,nan,nan,nan,nan,nan,nan,nan,nan,nan,nan,nan,7.600000,4.700000,nan,nan,5.900000
nan,nan,nan,nan,nan,nan,nan,nan,nan,nan,nan,nan,nan,2.000000,1.000000,nan,nan,17.200000
nan,nan,nan,nan,nan,nan,nan,nan,nan,nan,nan,nan,nan,4.000000,3.000000,nan,nan,9.300000
nan,nan,nan,nan,nan,nan,nan,nan,nan,nan,nan,nan,nan,3.800000,6.000000,nan,nan,5.800000
nan,nan,nan,nan,nan,nan,nan,nan,nan,nan,nan,nan,nan,0.000000,2.000000,nan,nan,4.000000
nan,nan,nan,nan,nan,nan,nan,nan,nan,nan,nan,nan,nan,2.000000,2.000000,nan,nan,2.900000
nan,nan,nan,nan,nan,nan,nan,nan,nan,nan,nan,nan,nan,1.000000,4.700000,nan,nan,5.800000
nan,nan,nan,nan,nan,nan,nan,nan,nan,nan,nan,nan,nan,4.000000,2.000000,nan,nan,5.800000
nan,nan,nan,nan,nan,nan,nan,nan,nan,nan,nan,nan,nan,0.000000,9.400000,nan,nan,11.200000
nan,nan,nan,nan,nan,nan,nan,nan,nan,nan,nan,nan,nan,9.800000,1.900000,nan,nan,29.900000
nan,nan,nan,nan,nan,nan,nan,nan,nan,nan,nan,nan,nan,5.700000,5.500000,nan,nan,12.800000
nan,nan,nan,nan,nan,nan,nan,nan,nan,nan,nan,nan,nan,8.200000,1.000000,nan,nan,3.900000
nan,nan,nan,nan,nan,nan,nan,nan,nan,nan,nan,nan,nan,8.000000,3.000000,nan,nan,5.900000
nan,nan,nan,nan,nan,nan,nan,nan,nan,nan,nan,nan,nan,4.000000,2.000000,nan,nan,19.800000
nan,nan,nan,nan,nan,nan,nan,nan,nan,nan,nan,nan,nan,1.000000,2.000000,nan,nan,63.600000
nan,nan,nan,nan,nan,nan,nan,nan,nan,nan,nan,nan,nan,0.900000,8.200000,nan,nan,3.700000
nan,nan,nan,nan,nan,nan,nan,nan,nan,nan,nan,nan,nan,3.800000,4.000000,nan,nan,4.800000
nan,nan,nan,nan,nan,nan,nan,nan,nan,nan,nan,nan,nan,3.000000,2.000000,nan,nan,9.100000
nan,nan,nan,nan,nan,nan,nan,nan,nan,nan,nan,nan,nan,1.000000,0.900000,nan,nan,5.600000
nan,nan,nan,nan,nan,nan,nan,nan,nan,nan,nan,nan,nan,1.000000,1.000000,nan,nan,2.700000
nan,nan,nan,nan,nan,nan,nan,nan,nan,nan,nan,nan,nan,16.600000,9.500000,nan,nan,52.400000
nan,nan,nan,nan,nan,nan,nan,nan,nan,nan,nan,nan,nan,5.800000,6.400000,nan,nan,25.400000
nan,nan,nan,nan,nan,nan,nan,nan,nan,nan,nan,nan,nan,7.900000,2.900000,nan,nan,11.800000
nan,nan,nan,nan,nan,nan,nan,nan,nan,nan,nan,nan,nan,15.900000,4.000000,nan,nan,6.600000
nan,nan,nan,nan,nan,nan,nan,nan,nan,nan,nan,nan,nan,3.800000,2.000000,nan,nan,2.000000
nan,nan,nan,nan,nan,nan,nan,nan,nan,nan,nan,nan,nan,3.800000,3.000000,nan,nan,2.900000
nan,nan,nan,nan,nan,nan,nan,nan,nan,nan,nan,nan,nan,9.500000,1.000000,nan,nan,17.700000
nan,nan,nan,nan,nan,nan,nan,nan,nan,nan,nan,nan,nan,2.000000,3.800000,nan,nan,5.700000
nan,nan,nan,nan,nan,nan,nan,nan,nan,nan,nan,nan,nan,19.000000,5.500000,nan,nan,12.300000
nan,nan,nan,nan,nan,nan,nan,nan,nan,nan,nan,nan,nan,3.900000,3.700000,nan,nan,31.700000
nan,nan,nan,nan,nan,nan,nan,nan,nan,nan,nan,nan,nan,2.800000,14.000000,nan,nan,1.800000
nan,nan,nan,nan,nan,nan,nan,nan,nan,nan,nan,nan,nan,1.800000,4.600000,nan,nan,47.800000
nan,nan,nan,nan,nan,nan,nan,nan,nan,nan,nan,nan,nan,1.900000,2.000000,nan,nan,11.100000
nan,nan,nan,nan,nan,nan,nan,nan,nan,nan,nan,nan,nan,8.300000,6.400000,nan,nan,11.100000
nan,nan,nan,nan,nan,nan,nan,nan,nan,nan,nan,nan,nan,2.000000,22.000000,nan,nan,13.700000
nan,nan,nan,nan,nan,nan,nan,nan,nan,nan,nan,nan,nan,1.000000,22.200000,nan,nan,5.700000
nan,nan,nan,nan,nan,nan,nan,nan,nan,nan,nan,nan,nan,1.900000,3.900000,nan,nan,47.400000
nan,nan,nan,nan,nan,nan,nan,nan,nan,nan,nan,nan,nan,2.000000,5.700000,nan,nan,9.300000
nan,nan,nan,nan,nan,nan,nan,nan,nan,nan,nan,nan,nan,2.000000,1.000000,nan,nan,5.600000
nan,nan,nan,nan,nan,nan,nan,nan,nan,nan,nan,nan,nan,3.800000,4.000000,nan,nan,1.000000
nan,nan,nan,nan,nan,nan,nan,nan,nan,nan,nan,nan,nan,2.000000,1.000000,nan,nan,9.100000
nan,nan,nan,nan,nan,nan,nan,nan,nan,nan,nan,nan,nan,2.000000,13.500000,nan,nan,18.400000
nan,nan,nan,nan,nan,nan,nan,nan,nan,nan,nan,nan,nan,1.000000,2.000000,nan,nan,11.800000
nan,nan,nan,nan,nan,nan,nan,nan,nan,nan,nan,nan,nan,3.000000,1.900000,nan,nan,15.000000
nan,nan,nan,nan,nan,nan,nan,nan,nan,nan,nan,nan,nan,1.000000,2.000000,nan,nan,29.800000
nan,nan,nan,nan,nan,nan,nan,nan,nan,nan,nan,nan,nan,7.700000,1.000000,nan,nan,13.200000
nan,nan,nan,nan,nan,nan,nan,nan,nan,nan,nan,nan,nan,5.700000,8.500000,nan,nan,52.600000
nan,nan,nan,nan,nan,nan,nan,nan,nan,nan,nan,nan,nan,0.900000,1.000000,nan,nan,6.600000
nan,nan,nan,nan,nan,nan,nan,nan,nan,nan,nan,nan,nan,0.900000,11.400000,nan,nan,16.600000
nan,nan,nan,nan,nan,nan,nan,nan,nan,nan,nan,nan,nan,3.800000,1.000000,nan,nan,13.900000
nan,nan,nan,nan,nan,nan,nan,nan,nan,nan,nan,nan,nan,1.900000,19.800000,nan,nan,6.900000
nan,nan,nan,nan,nan,nan,nan,nan,nan,nan,nan,nan,nan,5.000000,3.700000,nan,nan,4.600000
nan,nan,nan,nan,nan,nan,nan,nan,nan,nan,nan,nan,nan,1.000000,7.300000,nan,nan,58.200000
nan,nan,nan,nan,nan,nan,nan,nan,nan,nan,nan,nan,nan,9.000000,7.600000,nan,nan,2.800000
nan,nan,nan,nan,nan,nan,nan,nan,nan,nan,nan,nan,nan,4.800000,1.000000,nan,nan,27.200000
nan,nan,nan,nan,nan,nan,nan,nan,nan,nan,nan,nan,nan,11.600000,0.900000,nan,nan,4.900000
nan,nan,nan,nan,nan,nan,nan,nan,nan,nan,nan,nan,nan,4.000000,2.000000,nan,nan,9.400000
nan,nan,nan,nan,nan,nan,nan,nan,nan,nan,nan,nan,nan,5.700000,1.000000,nan,nan,2.900000
nan,nan,nan,nan,nan,nan,nan,nan,nan,nan,nan,nan,nan,14.500000,14.800000,nan,nan,27.300000
nan,nan,nan,nan,nan,nan,nan,nan,nan,nan,nan,nan,nan,2.000000,25.600000,nan,nan,10.000000
nan,nan,nan,nan,nan,nan,nan,nan,nan,nan,nan,nan,nan,1.000000,5.900000,nan,nan,29.000000
nan,nan,nan,nan,nan,nan,nan,nan,nan,nan,nan,nan,nan,8.900000,3.800000,nan,nan,5.600000
nan,nan,nan,nan,nan,nan,nan,nan,nan,nan,nan,nan,nan,11.100000,7.400000,nan,nan,2.800000
nan,nan,nan,nan,nan,nan,nan,nan,nan,nan,nan,nan,nan,1.000000,4.000000,nan,nan,3.800000
nan,nan,nan,nan,nan,nan,nan,nan,nan,nan,nan,nan,nan,3.800000,2.000000,nan,nan,13.500000
nan,nan,nan,nan,nan,nan,nan,nan,nan,nan,nan,nan,nan,1.000000,0.900000,nan,nan,3.800000
nan,nan,nan,nan,nan,nan,nan,nan,nan,nan,nan,nan,nan,5.700000,2.800000,nan,nan,11.400000
nan,nan,nan,nan,nan,nan,nan,nan,nan,nan,nan,nan,nan,2.900000,14.000000,nan,nan,13.200000
nan,nan,nan,nan,nan,nan,nan,nan,nan,nan,nan,nan,nan,1.800000,2.000000,nan,nan,9.300000
nan,nan,nan,nan,nan,nan,nan,nan,nan,nan,nan,nan,nan,1.000000,1.000000,nan,nan,27.900000
nan,nan,nan,nan,nan,nan,nan,nan,nan,nan,nan,nan,nan,3.800000,7.600000,nan,nan,11.000000
nan,nan,nan,nan,nan,nan,nan,nan,nan,nan,nan,nan,nan,1.900000,3.800000,nan,nan,11.400000
nan,nan,nan,nan,nan,nan,nan,nan,nan,nan,nan,nan,nan,4.000000,14.100000,nan,nan,5.600000
nan,nan,nan,nan,nan,nan,nan,nan,nan,nan,nan,nan,nan,2.000000,10.000000,nan,nan,8.500000
nan,nan,nan,nan,nan,nan,nan,nan,nan,nan,nan,nan,nan,0.900000,2.000000,nan,nan,27.300000
nan,nan,nan,nan,nan,nan,nan,nan,nan,nan,nan,nan,nan,2.900000,2.000000,nan,nan,20.100000
nan,nan,nan,nan,nan,nan,nan,nan,nan,nan,nan,nan,nan,2.000000,6.400000,nan,nan,5.800000
nan,nan,nan,nan,nan,nan,nan,nan,nan,nan,nan,nan,nan,3.800000,7.000000,nan,nan,9.600000
nan,nan,nan,nan,nan,nan,nan,nan,nan,nan,nan,nan,nan,2.000000,1.000000,nan,nan,1.900000
nan,nan,nan,nan,nan,nan,nan,nan,nan,nan,nan,nan,nan,0.900000,5.500000,nan,nan,11.100000
nan,nan,nan,nan,nan,nan,nan,nan,nan,nan,nan,nan,nan,2.900000,6.400000,nan,nan,5.600000
nan,nan,nan,nan,nan,nan,nan,nan,nan,nan,nan,nan,nan,13.500000,1.000000,nan,nan,2.000000
nan,nan,nan,nan,nan,nan,nan,nan,nan,nan,nan,nan,nan,2.000000,4.600000,nan,nan,11.000000
nan,nan,nan,nan,nan,nan,nan,nan,nan,nan,nan,nan,nan,5.700000,18.000000,nan,nan,9.600000
nan,nan,nan,nan,nan,nan,nan,nan,nan,nan,nan,nan,nan,0.900000,1.000000,nan,nan,23.400000
nan,nan,nan,nan,nan,nan,nan,nan,nan,nan,nan,nan,nan,1.900000,9.500000,nan,nan,27.200000
nan,nan,nan,nan,nan,nan,nan,nan,nan,nan,nan,nan,nan,2.900000,6.000000,nan,nan,50.900000
nan,nan,nan,nan,nan,nan,nan,nan,nan,nan,nan,nan,nan,3.900000,21.600000,nan,nan,6.800000
nan,nan,nan,nan,nan,nan,nan,nan,nan,nan,nan,nan,nan,3.900000,1.900000,nan,nan,1.900000
nan,nan,nan,nan,nan,nan,nan,nan,nan,nan,nan,nan,nan,4.000000,1.000000,nan,nan,9.300000
nan,nan,nan,nan,nan,nan,nan,nan,nan,nan,nan,nan,nan,1.000000,15.200000,nan,nan,9.200000
nan,nan,nan,nan,nan,nan,nan,nan,nan,nan,nan,nan,nan,4.000000,1.900000,nan,nan,22.700000
nan,nan,nan,nan,nan,nan,nan,nan,nan,nan,nan,nan,nan,6.500000,2.800000,nan,nan,9.700000
nan,nan,nan,nan,nan,nan,nan,nan,nan,nan,nan,nan,nan,1.000000,3.900000,nan,nan,58.600000
nan,nan,nan,nan,nan,nan,nan,nan,nan,nan,nan,nan,nan,3.700000,0.000000,nan,nan,5.800000
nan,nan,nan,nan,nan,nan,nan,nan,nan,nan,nan,nan,nan,2.000000,8.500000,nan,nan,3.900000
nan,nan,nan,nan,nan,nan,nan,nan,nan,nan,nan,nan,nan,2.000000,9.500000,nan,nan,13.700000
nan,nan,nan,nan,nan,nan,nan,nan,nan,nan,nan,nan,nan,2.000000,3.900000,nan,nan,16.400000
nan,nan,nan,nan,nan,nan,nan,nan,nan,nan,nan,nan,nan,2.000000,2.000000,nan,nan,9.200000
nan,nan,nan,nan,nan,nan,nan,nan,nan,nan,nan,nan,nan,2.000000,1.000000,nan,nan,13.900000
nan,nan,nan,nan,nan,nan,nan,nan,nan,nan,nan,nan,nan,3.000000,2.000000,nan,nan,2.000000
nan,nan,nan,nan,nan,nan,nan,nan,nan,nan,nan,nan,nan,2.000000,3.800000,nan,nan,6.000000
nan,nan,nan,nan,nan,nan,nan,nan,nan,nan,nan,nan,nan,2.000000,1.000000,nan,nan,2.800000
nan,nan,nan,nan,nan,nan,nan,nan,nan,nan,nan,nan,nan,7.600000,6.400000,nan,nan,57.900000
nan,nan,nan,nan,nan,nan,nan,nan,nan,nan,nan,nan,nan,1.900000,1.000000,nan,nan,3.800000
nan,nan,nan,nan,nan,nan,nan,nan,nan,nan,nan,nan,nan,1.900000,6.400000,nan,nan,5.900000
nan,nan,nan,nan,nan,nan,nan,nan,nan,nan,nan,nan,nan,0.900000,1.900000,nan,nan,5.700000
nan,nan,nan,nan,nan,nan,nan,nan,nan,nan,nan,nan,nan,9.500000,9.200000,nan,nan,11.100000
nan,nan,nan,nan,nan,nan,nan,nan,nan,nan,nan,nan,nan,11.300000,4.600000,nan,nan,14.000000
nan,nan,nan,nan,nan,nan,nan,nan,nan,nan,nan,nan,nan,2.000000,5.600000,nan,nan,9.200000
nan,nan,nan,nan,nan,nan,nan,nan,nan,nan,nan,nan,nan,3.700000,2.000000,nan,nan,8.700000
nan,nan,nan,nan,nan,nan,nan,nan,nan,nan,nan,nan,nan,0.900000,6.400000,nan,nan,13.600000
nan,nan,nan,nan,nan,nan,nan,nan,nan,nan,nan,nan,nan,2.000000,7.600000,nan,nan,46.200000
nan,nan,nan,nan,nan,nan,nan,nan,nan,nan,nan,nan,nan,2.000000,2.000000,nan,nan,12.900000
nan,nan,nan,nan,nan,nan,nan,nan,nan,nan,nan,nan,nan,6.000000,1.900000,nan,nan,55.200000
nan,nan,nan,nan,nan,nan,nan,nan,nan,nan,nan,nan,nan,4.900000,2.000000,nan,nan,11.000000
nan,nan,nan,nan,nan,nan,nan,nan,nan,nan,nan,nan,nan,3.800000,3.700000,nan,nan,2.800000
nan,nan,nan,nan,nan,nan,nan,nan,nan,nan,nan,nan,nan,6.500000,4.800000,nan,nan,7.800000
nan,nan,nan,nan,nan,nan,nan,nan,nan,nan,nan,nan,nan,0.000000,4.000000,nan,nan,20.100000
nan,nan,nan,nan,nan,nan,nan,nan,nan,nan,nan,nan,nan,1.900000,2.000000,nan,nan,19.500000
nan,nan,nan,nan,nan,nan,nan,nan,nan,nan,nan,nan,nan,3.800000,9.300000,nan,nan,22.800000
nan,nan,nan,nan,nan,nan,nan,nan,nan,nan,nan,nan,nan,11.300000,3.700000,nan,nan,4.900000
nan,nan,nan,nan,nan,nan,nan,nan,nan,nan,nan,nan,nan,5.700000,12.800000,nan,nan,19.400000
nan,nan,nan,nan,nan,nan,nan,nan,nan,nan,nan,nan,nan,1.800000,2.000000,nan,nan,14.700000
nan,nan,nan,nan,nan,nan,nan,nan,nan,nan,nan,nan,nan,5.800000,23.400000,nan,nan,2.900000
nan,nan,nan,nan,nan,nan,nan,nan,nan,nan,nan,nan,nan,3.800000,1.000000,nan,nan,4.700000
nan,nan,nan,nan,nan,nan,nan,nan,nan,nan,nan,nan,nan,2.000000,7.600000,nan,nan,19.000000
nan,nan,nan,nan,nan,nan,nan,nan,nan,nan,nan,nan,nan,2.000000,2.000000,nan,nan,8.100000
nan,nan,nan,nan,nan,nan,nan,nan,nan,nan,nan,nan,nan,9.500000,4.000000,nan,nan,57.800000
nan,nan,nan,nan,nan,nan,nan,nan,nan,nan,nan,nan,nan,1.900000,1.800000,nan,nan,9.400000
nan,nan,nan,nan,nan,nan,nan,nan,nan,nan,nan,nan,nan,2.000000,3.700000,nan,nan,11.500000
nan,nan,nan,nan,nan,nan,nan,nan,nan,nan,nan,nan,nan,3.000000,3.700000,nan,nan,28.000000
nan,nan,nan,nan,nan,nan,nan,nan,nan,nan,nan,nan,nan,5.800000,1.000000,nan,nan,2.900000
nan,nan,nan,nan,nan,nan,nan,nan,nan,nan,nan,nan,nan,4.000000,6.400000,nan,nan,57.300000
nan,nan,nan,nan,nan,nan,nan,nan,nan,nan,nan,nan,nan,1.000000,2.000000,nan,nan,1.900000
nan,nan,nan,nan,nan,nan,nan,nan,nan,nan,nan,nan,nan,7.400000,8.000000,nan,nan,5.500000
nan,nan,nan,nan,nan,nan,nan,nan,nan,nan,nan,nan,nan,4.000000,5.600000,nan,nan,3.000000
nan,nan,nan,nan,nan,nan,nan,nan,nan,nan,nan,nan,nan,1.800000,2.000000,nan,nan,19.300000
nan,nan,nan,nan,nan,nan,nan,nan,nan,nan,nan,nan,nan,7.600000,3.700000,nan,nan,54.200000
nan,nan,nan,nan,nan,nan,nan,nan,nan,nan,nan,nan,nan,1.900000,7.800000,nan,nan,29.900000
nan,nan,nan,nan,nan,nan,nan,nan,nan,nan,nan,nan,nan,1.900000,0.900000,nan,nan,29.300000
nan,nan,nan,nan,nan,nan,nan,nan,nan,nan,nan,nan,nan,1.800000,8.900000,nan,nan,6.600000
nan,nan,nan,nan,nan,nan,nan,nan,nan,nan,nan,nan,nan,5.700000,1.000000,nan,nan,1.900000
nan,nan,nan,nan,nan,nan,nan,nan,nan,nan,nan,nan,nan,1.000000,13.300000,nan,nan,8.600000
nan,nan,nan,nan,nan,nan,nan,nan,nan,nan,nan,nan,nan,7.600000,17.100000,nan,nan,11.100000
nan,nan,nan,nan,nan,nan,nan,nan,nan,nan,nan,nan,nan,2.000000,5.600000,nan,nan,2.000000
nan,nan,nan,nan,nan,nan,nan,nan,nan,nan,nan,nan,nan,5.700000,3.900000,nan,nan,5.900000
nan,nan,nan,nan,nan,nan,nan,nan,nan,nan,nan,nan,nan,1.000000,2.000000,nan,nan,8.200000
nan,nan,nan,nan,nan,nan,nan,nan,nan,nan,nan,nan,nan,6.500000,3.000000,nan,nan,41.500000
nan,nan,nan,nan,nan,nan,nan,nan,nan,nan,nan,nan,nan,9.000000,4.000000,nan,nan,3.900000
nan,nan,nan,nan,nan,nan,nan,nan,nan,nan,nan,nan,nan,2.000000,6.000000,nan,nan,2.900000
nan,nan,nan,nan,nan,nan,nan,nan,nan,nan,nan,nan,nan,2.000000,7.600000,nan,nan,2.000000
nan,nan,nan,nan,nan,nan,nan,nan,nan,nan,nan,nan,nan,0.000000,22.000000,nan,nan,7.200000
nan,nan,nan,nan,nan,nan,nan,nan,nan,nan,nan,nan,nan,5.800000,2.000000,nan,nan,8.700000
nan,nan,nan,nan,nan,nan,nan,nan,nan,nan,nan,nan,nan,7.900000,2.000000,nan,nan,18.200000
nan,nan,nan,nan,nan,nan,nan,nan,nan,nan,nan,nan,nan,3.800000,2.000000,nan,nan,3.800000
nan,nan,nan,nan,nan,nan,nan,nan,nan,nan,nan,nan,nan,4.000000,5.000000,nan,nan,13.200000
nan,nan,nan,nan,nan,nan,nan,nan,nan,nan,nan,nan,nan,1.900000,2.000000,nan,nan,5.700000
nan,nan,nan,nan,nan,nan,nan,nan,nan,nan,nan,nan,nan,2.000000,1.000000,nan,nan,2.800000
nan,nan,nan,nan,nan,nan,nan,nan,nan,nan,nan,nan,nan,2.000000,1.000000,nan,nan,6.000000
nan,nan,nan,nan,nan,nan,nan,nan,nan,nan,nan,nan,nan,3.800000,3.700000,nan,nan,6.900000
nan,nan,nan,nan,nan,nan,nan,nan,nan,nan,nan,nan,nan,11.600000,22.400000,nan,nan,41.200000
nan,nan,nan,nan,nan,nan,nan,nan,nan,nan,nan,nan,nan,4.600000,7.600000,nan,nan,22.700000
nan,nan,nan,nan,nan,nan,nan,nan,nan,nan,nan,nan,nan,4.000000,18.500000,nan,nan,0.900000
nan,nan,nan,nan,nan,nan,nan,nan,nan,nan,nan,nan,nan,3.900000,3.000000,nan,nan,5.700000
nan,nan,nan,nan,nan,nan,nan,nan,nan,nan,nan,nan,nan,0.900000,1.000000,nan,nan,2.000000
nan,nan,nan,nan,nan,nan,nan,nan,nan,nan,nan,nan,nan,3.700000,5.000000,nan,nan,9.200000
nan,nan,nan,nan,nan,nan,nan,nan,nan,nan,nan,nan,nan,2.900000,7.700000,nan,nan,4.000000
nan,nan,nan,nan,nan,nan,nan,nan,nan,nan,nan,nan,nan,0.000000,4.700000,nan,nan,9.700000
nan,nan,nan,nan,nan,nan,nan,nan,nan,nan,nan,nan,nan,2.000000,1.000000,nan,nan,7.300000
nan,nan,nan,nan,nan,nan,nan,nan,nan,nan,nan,nan,nan,8.400000,2.000000,nan,nan,40.800000
nan,nan,nan,nan,nan,nan,nan,nan,nan,nan,nan,nan,nan,15.300000,4.900000,nan,nan,27.300000
nan,nan,nan,nan,nan,nan,nan,nan,nan,nan,nan,nan,nan,2.000000,1.000000,nan,nan,5.600000
nan,nan,nan,nan,nan,nan,nan,nan,nan,nan,nan,nan,nan,7.600000,2.000000,nan,nan,11.200000
nan,nan,nan,nan,nan,nan,nan,nan,nan,nan,nan,nan,nan,5.700000,4.600000,nan,nan,5.500000
nan,nan,nan,nan,nan,nan,nan,nan,nan,nan,nan,nan,nan,8.900000,9.000000,nan,nan,52.400000
nan,nan,nan,nan,nan,nan,nan,nan,nan,nan,nan,nan,nan,3.700000,1.900000,nan,nan,30.700000
nan,nan,nan,nan,nan,nan,nan,nan,nan,nan,nan,nan,nan,3.000000,2.000000,nan,nan,11.400000
nan,nan,nan,nan,nan,nan,nan,nan,nan,nan,nan,nan,nan,6.500000,4.600000,nan,nan,11.400000
nan,nan,nan,nan,nan,nan,nan,nan,nan,nan,nan,nan,nan,9.000000,2.000000,nan,nan,57.700000
nan,nan,nan,nan,nan,nan,nan,nan,nan,nan,nan,nan,nan,3.000000,14.300000,nan,nan,5.700000
nan,nan,nan,nan,nan,nan,nan,nan,nan,nan,nan,nan,nan,3.800000,9.800000,nan,nan,5.900000
nan,nan,nan,nan,nan,nan,nan,nan,nan,nan,nan,nan,nan,10.000000,1.000000,nan,nan,18.700000
nan,nan,nan,nan,nan,nan,nan,nan,nan,nan,nan,nan,nan,6.000000,11.300000,nan,nan,5.600000
nan,nan,nan,nan,nan,nan,nan,nan,nan,nan,nan,nan,nan,1.000000,1.900000,nan,nan,52.900000
nan,nan,nan,nan,nan,nan,nan,nan,nan,nan,nan,nan,nan,5.800000,1.000000,nan,nan,11.400000
nan,nan,nan,nan,nan,nan,nan,nan,nan,nan,nan,nan,nan,4.600000,1.000000,nan,nan,2.800000
nan,nan,nan,nan,nan,nan,nan,nan,nan,nan,nan,nan,nan,2.000000,2.000000,nan,nan,5.700000
nan,nan,nan,nan,nan,nan,nan,nan,nan,nan,nan,nan,nan,3.800000,5.700000,nan,nan,4.000000
nan,nan,nan,nan,nan,nan,nan,nan,nan,nan,nan,nan,nan,7.300000,11.400000,nan,nan,8.400000
nan,nan,nan,nan,nan,nan,nan,nan,nan,nan,nan,nan,nan,7.600000,2.000000,nan,nan,28.400000
nan,nan,nan,nan,nan,nan,nan,nan,nan,nan,nan,nan,nan,0.900000,1.000000,nan,nan,3.800000
nan,nan,nan,nan,nan,nan,nan,nan,nan,nan,nan,nan,nan,1.900000,1.000000,nan,nan,2.000000
nan,nan,nan,nan,nan,nan,nan,nan,nan,nan,nan,nan,nan,2.900000,3.600000,nan,nan,9.500000
nan,nan,nan,nan,nan,nan,nan,nan,nan,nan,nan,nan,nan,1.000000,7.500000,nan,nan,14.300000
nan,nan,nan,nan,nan,nan,nan,nan,nan,nan,nan,nan,nan,3.800000,1.900000,nan,nan,16.400000
nan,nan,nan,nan,nan,nan,nan,nan,nan,nan,nan,nan,nan,15.200000,11.300000,nan,nan,9.600000
nan,nan,nan,nan,nan,nan,nan,nan,nan,nan,nan,nan,nan,2.000000,1.900000,nan,nan,28.900000
nan,nan,nan,nan,nan,nan,nan,nan,nan,nan,nan,nan,nan,4.000000,7.600000,nan,nan,8.500000
nan,nan,nan,nan,nan,nan,nan,nan,nan,nan,nan,nan,nan,1.900000,16.500000,nan,nan,5.700000
nan,nan,nan,nan,nan,nan,nan,nan,nan,nan,nan,nan,nan,4.000000,1.000000,nan,nan,5.400000
nan,nan,nan,nan,nan,nan,nan,nan,nan,nan,nan,nan,nan,4.000000,3.700000,nan,nan,11.000000
nan,nan,nan,nan,nan,nan,nan,nan,nan,nan,nan,nan,nan,3.800000,1.000000,nan,nan,2.900000
nan,nan,nan,nan,nan,nan,nan,nan,nan,nan,nan,nan,nan,2.000000,9.200000,nan,nan,2.900000
nan,nan,nan,nan,nan,nan,nan,nan,nan,nan,nan,nan,nan,1.800000,1.000000,nan,nan,14.500000
nan,nan,nan,nan,nan,nan,nan,nan,nan,nan,nan,nan,nan,8.000000,5.000000,nan,nan,3.000000
nan,nan,nan,nan,nan,nan,nan,nan,nan,nan,nan,nan,nan,2.000000,4.700000,nan,nan,6.900000
nan,nan,nan,nan,nan,nan,nan,nan,nan,nan,nan,nan,nan,1.000000,2.000000,nan,nan,31.700000
nan,nan,nan,nan,nan,nan,nan,nan,nan,nan,nan,nan,nan,7.600000,2.000000,nan,nan,19.100000
nan,nan,nan,nan,nan,nan,nan,nan,nan,nan,nan,nan,nan,8.000000,2.000000,nan,nan,11.400000
nan,nan,nan,nan,nan,nan,nan,nan,nan,nan,nan,nan,nan,2.000000,11.600000,nan,nan,30.000000
nan,nan,nan,nan,nan,nan,nan,nan,nan,nan,nan,nan,nan,2.000000,2.000000,nan,nan,9.600000
nan,nan,nan,nan,nan,nan,nan,nan,nan,nan,nan,nan,nan,6.000000,6.000000,nan,nan,11.500000
nan,nan,nan,nan,nan,nan,nan,nan,nan,nan,nan,nan,nan,2.000000,3.900000,nan,nan,16.500000
nan,nan,nan,nan,nan,nan,nan,nan,nan,nan,nan,nan,nan,1.900000,15.200000,nan,nan,5.700000
nan,nan,nan,nan,nan,nan,nan,nan,nan,nan,nan,nan,nan,2.000000,1.000000,nan,nan,7.400000
nan,nan,nan,nan,nan,nan,nan,nan,nan,nan,nan,nan,nan,2.000000,1.000000,nan,nan,27.300000
nan,nan,nan,nan,nan,nan,nan,nan,nan,nan,nan,nan,nan,2.000000,14.800000,nan,nan,6.900000
nan,nan,nan,nan,nan,nan,nan,nan,nan,nan,nan,nan,nan,3.800000,3.700000,nan,nan,6.000000
nan,nan,nan,nan,nan,nan,nan,nan,nan,nan,nan,nan,nan,1.000000,7.600000,nan,nan,11.400000
nan,nan,nan,nan,nan,nan,nan,nan,nan,nan,nan,nan,nan,2.000000,0.900000,nan,nan,6.000000
nan,nan,nan,nan,nan,nan,nan,nan,nan,nan,nan,nan,nan,2.000000,2.000000,nan,nan,3.700000
nan,nan,nan,nan,nan,nan,nan,nan,nan,nan,nan,nan,nan,4.000000,1.000000,nan,nan,2.900000
nan,nan,nan,nan,nan,nan,nan,nan,nan,nan,nan,nan,nan,14.800000,1.900000,nan,nan,32.700000
nan,nan,nan,nan,nan,nan,nan,nan,nan,nan,nan,nan,nan,0.900000,2.000000,nan,nan,9.000000
nan,nan,nan,nan,nan,nan,nan,nan,nan,nan,nan,nan,nan,2.800000,1.900000,nan,nan,3.900000
nan,nan,nan,nan,nan,nan,nan,nan,nan,nan,nan,nan,nan,3.800000,3.800000,nan,nan,41.300000
nan,nan,nan,nan,nan,nan,nan,nan,nan,nan,nan,nan,nan,0.000000,3.800000,nan,nan,3.900000
nan,nan,nan,nan,nan,nan,nan,nan,nan,nan,nan,nan,nan,0.000000,1.000000,nan,nan,11.100000
nan,nan,nan,nan,nan,nan,nan,nan,nan,nan,nan,nan,nan,2.000000,1.900000,nan,nan,8.800000
nan,nan,nan,nan,nan,nan,nan,nan,nan,nan,nan,nan,nan,2.000000,2.000000,nan,nan,27.400000
nan,nan,nan,nan,nan,nan,nan,nan,nan,nan,nan,nan,nan,1.900000,2.900000,nan,nan,3.900000
nan,nan,nan,nan,nan,nan,nan,nan,nan,nan,nan,nan,nan,2.000000,22.100000,nan,nan,60.100000
nan,nan,nan,nan,nan,nan,nan,nan,nan,nan,nan,nan,nan,2.000000,3.700000,nan,nan,14.000000
nan,nan,nan,nan,nan,nan,nan,nan,nan,nan,nan,nan,nan,1.000000,5.000000,nan,nan,9.300000
nan,nan,nan,nan,nan,nan,nan,nan,nan,nan,nan,nan,nan,0.000000,1.900000,nan,nan,9.600000
nan,nan,nan,nan,nan,nan,nan,nan,nan,nan,nan,nan,nan,1.800000,3.800000,nan,nan,14.700000
nan,nan,nan,nan,nan,nan,nan,nan,nan,nan,nan,nan,nan,2.000000,3.800000,nan,nan,8.200000
nan,nan,nan,nan,nan,nan,nan,nan,nan,nan,nan,nan,nan,7.800000,3.000000,nan,nan,6.000000
nan,nan,nan,nan,nan,nan,nan,nan,nan,nan,nan,nan,nan,8.300000,5.000000,nan,nan,12.900000
nan,nan,nan,nan,nan,nan,nan,nan,nan,nan,nan,nan,nan,1.000000,1.800000,nan,nan,2.800000
nan,nan,nan,nan,nan,nan,nan,nan,nan,nan,nan,nan,nan,3.800000,0.900000,nan,nan,52.700000
nan,nan,nan,nan,nan,nan,nan,nan,nan,nan,nan,nan,nan,3.800000,7.600000,nan,nan,5.800000
nan,nan,nan,nan,nan,nan,nan,nan,nan,nan,nan,nan,nan,2.900000,22.000000,nan,nan,3.900000
nan,nan,nan,nan,nan,nan,nan,nan,nan,nan,nan,nan,nan,1.800000,1.000000,nan,nan,9.400000
nan,nan,nan,nan,nan,nan,nan,nan,nan,nan,nan,nan,nan,0.900000,11.300000,nan,nan,11.200000
nan,nan,nan,nan,nan,nan,nan,nan,nan,nan,nan,nan,nan,4.000000,1.000000,nan,nan,1.900000
nan,nan,nan,nan,nan,nan,nan,nan,nan,nan,nan,nan,nan,1.900000,8.300000,nan,nan,28.800000
nan,nan,nan,nan,nan,nan,nan,nan,nan,nan,nan,nan,nan,3.800000,4.600000,nan,nan,10.800000
nan,nan,nan,nan,nan,nan,nan,nan,nan,nan,nan,nan,nan,14.000000,4.000000,nan,nan,32.100000
nan,nan,nan,nan,nan,nan,nan,nan,nan,nan,nan,nan,nan,4.000000,4.000000,nan,nan,2.000000
nan,nan,nan,nan,nan,nan,nan,nan,nan,nan,nan,nan,nan,2.000000,0.900000,nan,nan,11.100000
nan,nan,nan,nan,nan,nan,nan,nan,nan,nan,nan,nan,nan,0.000000,0.000000,nan,nan,6.000000
nan,nan,nan,nan,nan,nan,nan,nan,nan,nan,nan,nan,nan,1.900000,7.600000,nan,nan,5.600000
nan,nan,nan,nan,nan,nan,nan,nan,nan,nan,nan,nan,nan,2.000000,22.800000,nan,nan,5.700000
nan,nan,nan,nan,nan,nan,nan,nan,nan,nan,nan,nan,nan,3.700000,5.900000,nan,nan,5.800000
nan,nan,nan,nan,nan,nan,nan,nan,nan,nan,nan,nan,nan,7.600000,18.500000,nan,nan,6.900000
nan,nan,nan,nan,nan,nan,nan,nan,nan,nan,nan,nan,nan,9.500000,1.900000,nan,nan,8.400000
nan,nan,nan,nan,nan,nan,nan,nan,nan,nan,nan,nan,nan,3.800000,1.000000,nan,nan,6.600000
nan,nan,nan,nan,nan,nan,nan,nan,nan,nan,nan,nan,nan,3.900000,30.900000,nan,nan,9.200000
nan,nan,nan,nan,nan,nan,nan,nan,nan,nan,nan,nan,nan,1.000000,3.700000,nan,nan,9.300000
nan,nan,nan,nan,nan,nan,nan,nan,nan,nan,nan,nan,nan,5.800000,8.600000,nan,nan,5.600000
nan,nan,nan,nan,nan,nan,nan,nan,nan,nan,nan,nan,nan,3.800000,3.800000,nan,nan,7.500000
nan,nan,nan,nan,nan,nan,nan,nan,nan,nan,nan,nan,nan,11.300000,3.700000,nan,nan,41.000000
nan,nan,nan,nan,nan,nan,nan,nan,nan,nan,nan,nan,nan,8.500000,3.800000,nan,nan,13.500000
nan,nan,nan,nan,nan,nan,nan,nan,nan,nan,nan,nan,nan,2.000000,5.000000,nan,nan,14.200000
nan,nan,nan,nan,nan,nan,nan,nan,nan,nan,nan,nan,nan,4.900000,8.500000,nan,nan,6.600000
nan,nan,nan,nan,nan,nan,nan,nan,nan,nan,nan,nan,nan,2.000000,3.000000,nan,nan,12.100000
nan,nan,nan,nan,nan,nan,nan,nan,nan,nan,nan,nan,nan,4.000000,4.800000,nan,nan,16.900000
nan,nan,nan,nan,nan,nan,nan,nan,nan,nan,nan,nan,nan,9.800000,9.500000,nan,nan,3.700000
nan,nan,nan,nan,nan,nan,nan,nan,nan,nan,nan,nan,nan,2.000000,5.000000,nan,nan,3.000000
nan,nan,nan,nan,nan,nan,nan,nan,nan,nan,nan,nan,nan,2.800000,1.900000,nan,nan,21.900000
nan,nan,nan,nan,nan,nan,nan,nan,nan,nan,nan,nan,nan,2.000000,3.600000,nan,nan,9.200000
nan,nan,nan,nan,nan,nan,nan,nan,nan,nan,nan,nan,nan,2.000000,1.000000,nan,nan,16.300000
nan,nan,nan,nan,nan,nan,nan,nan,nan,nan,nan,nan,nan,0.000000,5.500000,nan,nan,54.700000
nan,nan,nan,nan,nan,nan,nan,nan,nan,nan,nan,nan,nan,1.000000,4.000000,nan,nan,4.800000
nan,nan,nan,nan,nan,nan,nan,nan,nan,nan,nan,nan,nan,4.000000,1.000000,nan,nan,4.700000
nan,nan,nan,nan,nan,nan,nan,nan,nan,nan,nan,nan,nan,3.800000,2.000000,nan,nan,9.300000
nan,nan,nan,nan,nan,nan,nan,nan,nan,nan,nan,nan,nan,2.000000,1.800000,nan,nan,2.000000
nan,nan,nan,nan,nan,nan,nan,nan,nan,nan,nan,nan,nan,7.600000,2.000000,nan,nan,9.700000
nan,nan,nan,nan,nan,nan,nan,nan,nan,nan,nan,nan,nan,2.000000,5.800000,nan,nan,1.900000
nan,nan,nan,nan,nan,nan,nan,nan,nan,nan,nan,nan,nan,1.000000,14.500000,nan,nan,14.300000
nan,nan,nan,nan,nan,nan,nan,nan,nan,nan,nan,nan,nan,3.800000,5.700000,nan,nan,2.800000
nan,nan,nan,nan,nan,nan,nan,nan,nan,nan,nan,nan,nan,3.800000,22.400000,nan,nan,6.900000
nan,nan,nan,nan,nan,nan,nan,nan,nan,nan,nan,nan,nan,1.000000,8.200000,nan,nan,28.000000
nan,nan,nan,nan,nan,nan,nan,nan,nan,nan,nan,nan,nan,2.000000,1.000000,nan,nan,7.900000
nan,nan,nan,nan,nan,nan,nan,nan,nan,nan,nan,nan,nan,3.800000,1.800000,nan,nan,1.800000
nan,nan,nan,nan,nan,nan,nan,nan,nan,nan,nan,nan,nan,7.300000,8.500000,nan,nan,4.900000
nan,nan,nan,nan,nan,nan,nan,nan,nan,nan,nan,nan,nan,1.000000,1.000000,nan,nan,5.700000
nan,nan,nan,nan,nan,nan,nan,nan,nan,nan,nan,nan,nan,2.000000,0.900000,nan,nan,2.000000
nan,nan,nan,nan,nan,nan,nan,nan,nan,nan,nan,nan,nan,8.300000,1.000000,nan,nan,2.800000
nan,nan,nan,nan,nan,nan,nan,nan,nan,nan,nan,nan,nan,8.000000,11.200000,nan,nan,5.900000
nan,nan,nan,nan,nan,nan,nan,nan,nan,nan,nan,nan,nan,0.000000,4.600000,nan,nan,16.900000
nan,nan,nan,nan,nan,nan,nan,nan,nan,nan,nan,nan,nan,2.000000,0.900000,nan,nan,14.200000
nan,nan,nan,nan,nan,nan,nan,nan,nan,nan,nan,nan,nan,4.000000,1.000000,nan,nan,58.000000
nan,nan,nan,nan,nan,nan,nan,nan,nan,nan,nan,nan,nan,2.000000,1.000000,nan,nan,7.300000
nan,nan,nan,nan,nan,nan,nan,nan,nan,nan,nan,nan,nan,15.000000,1.900000,nan,nan,41.700000
nan,nan,nan,nan,nan,nan,nan,nan,nan,nan,nan,nan,nan,2.000000,3.900000,nan,nan,3.900000
nan,nan,nan,nan,nan,nan,nan,nan,nan,nan,nan,nan,nan,3.800000,5.700000,nan,nan,61.500000
nan,nan,nan,nan,nan,nan,nan,nan,nan,nan,nan,nan,nan,17.100000,1.900000,nan,nan,18.400000
nan,nan,nan,nan,nan,nan,nan,nan,nan,nan,nan,nan,nan,2.900000,18.600000,nan,nan,11.100000
nan,nan,nan,nan,nan,nan,nan,nan,nan,nan,nan,nan,nan,1.900000,5.700000,nan,nan,2.900000
nan,nan,nan,nan,nan,nan,nan,nan,nan,nan,nan,nan,nan,1.000000,5.500000,nan,nan,16.400000
nan,nan,nan,nan,nan,nan,nan,nan,nan,nan,nan,nan,nan,2.000000,0.900000,nan,nan,17.700000
nan,nan,nan,nan,nan,nan,nan,nan,nan,nan,nan,nan,nan,7.900000,9.700000,nan,nan,33.000000
nan,nan,nan,nan,nan,nan,nan,nan,nan,nan,nan,nan,nan,1.000000,3.700000,nan,nan,2.900000
nan,nan,nan,nan,nan,nan,nan,nan,nan,nan,nan,nan,nan,3.800000,2.000000,nan,nan,3.000000
nan,nan,nan,nan,nan,nan,nan,nan,nan,nan,nan,nan,nan,7.800000,2.000000,nan,nan,5.500000
nan,nan,nan,nan,nan,nan,nan,nan,nan,nan,nan,nan,nan,3.800000,2.000000,nan,nan,5.600000
nan,nan,nan,nan,nan,nan,nan,nan,nan,nan,nan,nan,nan,1.900000,4.600000,nan,nan,59.800000
nan,nan,nan,nan,nan,nan,nan,nan,nan,nan,nan,nan,nan,5.800000,3.900000,nan,nan,27.000000
nan,nan,nan,nan,nan,nan,nan,nan,nan,nan,nan,nan,nan,3.800000,3.800000,nan,nan,9.200000
nan,nan,nan,nan,nan,nan,nan,nan,nan,nan,nan,nan,nan,7.600000,3.000000,nan,nan,4.800000
nan,nan,nan,nan,nan,nan,nan,nan,nan,nan,nan,nan,nan,6.000000,3.800000,nan,nan,32.700000
nan,nan,nan,nan,nan,nan,nan,nan,nan,nan,nan,nan,nan,1.900000,4.600000,nan,nan,4.700000
nan,nan,nan,nan,nan,nan,nan,nan,nan,nan,nan,nan,nan,3.700000,11.200000,nan,nan,9.600000
nan,nan,nan,nan,nan,nan,nan,nan,nan,nan,nan,nan,nan,4.000000,15.200000,nan,nan,28.900000
nan,nan,nan,nan,nan,nan,nan,nan,nan,nan,nan,nan,nan,3.800000,1.000000,nan,nan,7.500000
nan,nan,nan,nan,nan,nan,nan,nan,nan,nan,nan,nan,nan,2.000000,7.600000,nan,nan,5.700000
nan,nan,nan,nan,nan,nan,nan,nan,nan,nan,nan,nan,nan,5.800000,3.900000,nan,nan,5.600000
nan,nan,nan,nan,nan,nan,nan,nan,nan,nan,nan,nan,nan,2.000000,2.000000,nan,nan,45.000000
nan,nan,nan,nan,nan,nan,nan,nan,nan,nan,nan,nan,nan,8.300000,11.800000,nan,nan,13.800000
nan,nan,nan,nan,nan,nan,nan,nan,nan,nan,nan,nan,nan,9.700000,1.000000,nan,nan,9.300000
nan,nan,nan,nan,nan,nan,nan,nan,nan,nan,nan,nan,nan,7.400000,9.500000,nan,nan,5.400000
nan,nan,nan,nan,nan,nan,nan,nan,nan,nan,nan,nan,nan,6.300000,1.000000,nan,nan,1.900000
