# Fisher Q=0.05
nan,nan,nan,nan,nan,nan,nan,nan,nan,nan,nan,nan,nan,0.452500,0.454545,nan,nan,0.448198
nan,nan,nan,nan,nan,nan,nan,nan,nan,nan,nan,nan,nan,0.402632,0.363636,nan,nan,0.231654
nan,nan,nan,nan,nan,nan,nan,nan,nan,nan,nan,nan,nan,0.382500,0.279351,nan,nan,0.464286
nan,nan,nan,nan,nan,nan,nan,nan,nan,nan,nan,nan,nan,0.324211,0.477273,nan,nan,0.213642
nan,nan,nan,nan,nan,nan,nan,nan,nan,nan,nan,nan,nan,0.364605,0.415584,nan,nan,0.379011
nan,nan,nan,nan,nan,nan,nan,nan,nan,nan,nan,nan,nan,0.450000,0.477273,nan,nan,0.387175
nan,nan,nan,nan,nan,nan,nan,nan,nan,nan,nan,nan,nan,0.364605,0.376299,nan,nan,0.266745
nan,nan,nan,nan,nan,nan,nan,nan,nan,nan,nan,nan,nan,0.475000,0.863636,nan,nan,0.466964
nan,nan,nan,nan,nan,nan,nan,nan,nan,nan,nan,nan,nan,0.377500,0.270130,nan,nan,0.466964
nan,nan,nan,nan,nan,nan,nan,nan,nan,nan,nan,nan,nan,0.425000,0.415909,nan,nan,0.264992
nan,nan,nan,nan,nan,nan,nan,nan,nan,nan,nan,nan,nan,0.427500,0.331169,nan,nan,0.491071
nan,nan,nan,nan,nan,nan,nan,nan,nan,nan,nan,nan,nan,0.475000,0.432324,nan,nan,0.482143
nan,nan,nan,nan,nan,nan,nan,nan,nan,nan,nan,nan,nan,0.875000,0.376299,nan,nan,0.434821
nan,nan,nan,nan,nan,nan,nan,nan,nan,nan,nan,nan,nan,0.450000,0.477273,nan,nan,0.378718
nan,nan,nan,nan,nan,nan,nan,nan,nan,nan,nan,nan,nan,0.425000,0.477273,nan,nan,0.466964
nan,nan,nan,nan,nan,nan,nan,nan,nan,nan,nan,nan,nan,0.452500,0.436364,nan,nan,0.491071
nan,nan,nan,nan,nan,nan,nan,nan,nan,nan,nan,nan,nan,0.385000,0.977273,nan,nan,0.449107
nan,nan,nan,nan,nan,nan,nan,nan,nan,nan,nan,nan,nan,0.475000,0.432324,nan,nan,0.483036
nan,nan,nan,nan,nan,nan,nan,nan,nan,nan,nan,nan,nan,0.475000,0.415584,nan,nan,0.451769
nan,nan,nan,nan,nan,nan,nan,nan,nan,nan,nan,nan,nan,0.475000,0.372727,nan,nan,0.450877
nan,nan,nan,nan,nan,nan,nan,nan,nan,nan,nan,nan,nan,0.375000,0.269903,nan,nan,0.499091
nan,nan,nan,nan,nan,nan,nan,nan,nan,nan,nan,nan,nan,0.452500,0.495455,nan,nan,0.431250
nan,nan,nan,nan,nan,nan,nan,nan,nan,nan,nan,nan,nan,0.450000,0.241883,nan,nan,0.482143
nan,nan,nan,nan,nan,nan,nan,nan,nan,nan,nan,nan,nan,0.475000,0.329545,nan,nan,0.483036
nan,nan,nan,nan,nan,nan,nan,nan,nan,nan,nan,nan,nan,0.475000,0.409091,nan,nan,0.483036
nan,nan,nan,nan,nan,nan,nan,nan,nan,nan,nan,nan,nan,0.430000,0.376299,nan,nan,0.518750
nan,nan,nan,nan,nan,nan,nan,nan,nan,nan,nan,nan,nan,0.452500,0.522727,nan,nan,0.260786
nan,nan,nan,nan,nan,nan,nan,nan,nan,nan,nan,nan,nan,0.475000,0.477273,nan,nan,0.407062
nan,nan,nan,nan,nan,nan,nan,nan,nan,nan,nan,nan,nan,0.400000,0.456818,nan,nan,0.474107
nan,nan,nan,nan,nan,nan,nan,nan,nan,nan,nan,nan,nan,0.475000,0.454545,nan,nan,0.531257
nan,nan,nan,nan,nan,nan,nan,nan,nan,nan,nan,nan,nan,0.475000,0.477273,nan,nan,0.475000
nan,nan,nan,nan,nan,nan,nan,nan,nan,nan,nan,nan,nan,0.475000,0.777273,nan,nan,0.364091
nan,nan,nan,nan,nan,nan,nan,nan,nan,nan,nan,nan,nan,0.329211,0.338961,nan,nan,0.269346
nan,nan,nan,nan,nan,nan,nan,nan,nan,nan,nan,nan,nan,0.425000,0.350000,nan,nan,0.483036
nan,nan,nan,nan,nan,nan,nan,nan,nan,nan,nan,nan,nan,0.329211,0.431818,nan,nan,0.424935
nan,nan,nan,nan,nan,nan,nan,nan,nan,nan,nan,nan,nan,0.475000,0.413636,nan,nan,0.465179
nan,nan,nan,nan,nan,nan,nan,nan,nan,nan,nan,nan,nan,0.475000,0.279221,nan,nan,0.474107
nan,nan,nan,nan,nan,nan,nan,nan,nan,nan,nan,nan,nan,0.357895,0.454545,nan,nan,0.465471
nan,nan,nan,nan,nan,nan,nan,nan,nan,nan,nan,nan,nan,0.450000,0.436364,nan,nan,0.483036
nan,nan,nan,nan,nan,nan,nan,nan,nan,nan,nan,nan,nan,0.450000,0.409091,nan,nan,0.483036
nan,nan,nan,nan,nan,nan,nan,nan,nan,nan,nan,nan,nan,0.452500,0.390909,nan,nan,0.464318
nan,nan,nan,nan,nan,nan,nan,nan,nan,nan,nan,nan,nan,0.430000,0.454545,nan,nan,0.458036
nan,nan,nan,nan,nan,nan,nan,nan,nan,nan,nan,nan,nan,0.324211,0.386364,nan,nan,0.482143
nan,nan,nan,nan,nan,nan,nan,nan,nan,nan,nan,nan,nan,0.450000,0.431818,nan,nan,0.533036
nan,nan,nan,nan,nan,nan,nan,nan,nan,nan,nan,nan,nan,0.450000,0.454545,nan,nan,0.385891
nan,nan,nan,nan,nan,nan,nan,nan,nan,nan,nan,nan,nan,0.375000,0.454545,nan,nan,0.417305
nan,nan,nan,nan,nan,nan,nan,nan,nan,nan,nan,nan,nan,0.475000,0.454545,nan,nan,0.501937
nan,nan,nan,nan,nan,nan,nan,nan,nan,nan,nan,nan,nan,0.452500,0.411364,nan,nan,0.263214
nan,nan,nan,nan,nan,nan,nan,nan,nan,nan,nan,nan,nan,0.430000,0.477273,nan,nan,0.297818
nan,nan,nan,nan,nan,nan,nan,nan,nan,nan,nan,nan,nan,0.450000,0.363636,nan,nan,0.476217
nan,nan,nan,nan,nan,nan,nan,nan,nan,nan,nan,nan,nan,0.450000,0.454545,nan,nan,0.435682
nan,nan,nan,nan,nan,nan,nan,nan,nan,nan,nan,nan,nan,0.400000,0.431818,nan,nan,0.419886
nan,nan,nan,nan,nan,nan,nan,nan,nan,nan,nan,nan,nan,0.430000,0.363636,nan,nan,0.475000
nan,nan,nan,nan,nan,nan,nan,nan,nan,nan,nan,nan,nan,0.430000,0.370455,nan,nan,0.197629
nan,nan,nan,nan,nan,nan,nan,nan,nan,nan,nan,nan,nan,0.950000,0.303571,nan,nan,0.390958
nan,nan,nan,nan,nan,nan,nan,nan,nan,nan,nan,nan,nan,0.475000,0.454545,nan,nan,0.229869
nan,nan,nan,nan,nan,nan,nan,nan,nan,nan,nan,nan,nan,0.475000,0.454545,nan,nan,0.466071
nan,nan,nan,nan,nan,nan,nan,nan,nan,nan,nan,nan,nan,0.407368,0.477273,nan,nan,0.421672
nan,nan,nan,nan,nan,nan,nan,nan,nan,nan,nan,nan,nan,0.475000,0.454545,nan,nan,0.376786
nan,nan,nan,nan,nan,nan,nan,nan,nan,nan,nan,nan,nan,0.450000,0.518182,nan,nan,0.379904
nan,nan,nan,nan,nan,nan,nan,nan,nan,nan,nan,nan,nan,0.407500,0.393182,nan,nan,0.475000
nan,nan,nan,nan,nan,nan,nan,nan,nan,nan,nan,nan,nan,0.475000,0.338961,nan,nan,0.328590
nan,nan,nan,nan,nan,nan,nan,nan,nan,nan,nan,nan,nan,0.475000,0.431818,nan,nan,0.392744
nan,nan,nan,nan,nan,nan,nan,nan,nan,nan,nan,nan,nan,0.425000,0.590619,nan,nan,0.298711
nan,nan,nan,nan,nan,nan,nan,nan,nan,nan,nan,nan,nan,0.475000,0.909091,nan,nan,0.483036
nan,nan,nan,nan,nan,nan,nan,nan,nan,nan,nan,nan,nan,0.450000,0.431818,nan,nan,0.473214
nan,nan,nan,nan,nan,nan,nan,nan,nan,nan,nan,nan,nan,0.452500,0.370130,nan,nan,0.411039
nan,nan,nan,nan,nan,nan,nan,nan,nan,nan,nan,nan,nan,0.430000,0.413636,nan,nan,0.377825
nan,nan,nan,nan,nan,nan,nan,nan,nan,nan,nan,nan,nan,0.475000,0.200000,nan,nan,0.310552
nan,nan,nan,nan,nan,nan,nan,nan,nan,nan,nan,nan,nan,0.400000,0.442857,nan,nan,0.418101
nan,nan,nan,nan,nan,nan,nan,nan,nan,nan,nan,nan,nan,0.475000,0.409091,nan,nan,0.296331
nan,nan,nan,nan,nan,nan,nan,nan,nan,nan,nan,nan,nan,0.382500,0.431818,nan,nan,0.491071
nan,nan,nan,nan,nan,nan,nan,nan,nan,nan,nan,nan,nan,0.452500,0.376299,nan,nan,0.354389
nan,nan,nan,nan,nan,nan,nan,nan,nan,nan,nan,nan,nan,0.490000,0.481818,nan,nan,0.432175
nan,nan,nan,nan,nan,nan,nan,nan,nan,nan,nan,nan,nan,0.475000,0.411255,nan,nan,0.420779
nan,nan,nan,nan,nan,nan,nan,nan,nan,nan,nan,nan,nan,0.475000,0.431818,nan,nan,0.458036
nan,nan,nan,nan,nan,nan,nan,nan,nan,nan,nan,nan,nan,0.475000,0.454545,nan,nan,0.507483
nan,nan,nan,nan,nan,nan,nan,nan,nan,nan,nan,nan,nan,0.475000,0.436364,nan,nan,0.370536
nan,nan,nan,nan,nan,nan,nan,nan,nan,nan,nan,nan,nan,0.475000,0.454545,nan,nan,0.273751
nan,nan,nan,nan,nan,nan,nan,nan,nan,nan,nan,nan,nan,0.450000,0.477273,nan,nan,0.376430
nan,nan,nan,nan,nan,nan,nan,nan,nan,nan,nan,nan,nan,0.407500,0.431818,nan,nan,0.533477
nan,nan,nan,nan,nan,nan,nan,nan,nan,nan,nan,nan,nan,0.450000,0.229152,nan,nan,0.394643
nan,nan,nan,nan,nan,nan,nan,nan,nan,nan,nan,nan,nan,0.400000,0.415909,nan,nan,0.458036
nan,nan,nan,nan,nan,nan,nan,nan,nan,nan,nan,nan,nan,0.452500,0.376299,nan,nan,0.435890
nan,nan,nan,nan,nan,nan,nan,nan,nan,nan,nan,nan,nan,0.475000,0.378571,nan,nan,0.457143
nan,nan,nan,nan,nan,nan,nan,nan,nan,nan,nan,nan,nan,0.425000,0.409091,nan,nan,0.483036
nan,nan,nan,nan,nan,nan,nan,nan,nan,nan,nan,nan,nan,0.357895,0.338961,nan,nan,0.327240
nan,nan,nan,nan,nan,nan,nan,nan,nan,nan,nan,nan,nan,0.452500,0.310390,nan,nan,0.433929
nan,nan,nan,nan,nan,nan,nan,nan,nan,nan,nan,nan,nan,0.475000,0.363636,nan,nan,0.483036
nan,nan,nan,nan,nan,nan,nan,nan,nan,nan,nan,nan,nan,0.475000,0.395455,nan,nan,0.451769
nan,nan,nan,nan,nan,nan,nan,nan,nan,nan,nan,nan,nan,0.367105,0.374481,nan,nan,0.503263
nan,nan,nan,nan,nan,nan,nan,nan,nan,nan,nan,nan,nan,0.450000,0.378571,nan,nan,0.482143
nan,nan,nan,nan,nan,nan,nan,nan,nan,nan,nan,nan,nan,0.452500,0.393182,nan,nan,0.277679
nan,nan,nan,nan,nan,nan,nan,nan,nan,nan,nan,nan,nan,0.475000,0.477273,nan,nan,0.483036
nan,nan,nan,nan,nan,nan,nan,nan,nan,nan,nan,nan,nan,0.450000,0.431818,nan,nan,0.491071
nan,nan,nan,nan,nan,nan,nan,nan,nan,nan,nan,nan,nan,0.450000,0.477273,nan,nan,0.431250
nan,nan,nan,nan,nan,nan,nan,nan,nan,nan,nan,nan,nan,0.405000,0.415584,nan,nan,0.466071
nan,nan,nan,nan,nan,nan,nan,nan,nan,nan,nan,nan,nan,0.364605,0.320162,nan,nan,0.325519
nan,nan,nan,nan,nan,nan,nan,nan,nan,nan,nan,nan,nan,0.475000,0.372648,nan,nan,0.435682
nan,nan,nan,nan,nan,nan,nan,nan,nan,nan,nan,nan,nan,0.450000,0.413636,nan,nan,0.323750
nan,nan,nan,nan,nan,nan,nan,nan,nan,nan,nan,nan,nan,0.450000,0.454545,nan,nan,0.449091
nan,nan,nan,nan,nan,nan,nan,nan,nan,nan,nan,nan,nan,0.430000,0.409091,nan,nan,0.376071
nan,nan,nan,nan,nan,nan,nan,nan,nan,nan,nan,nan,nan,0.407368,0.338961,nan,nan,0.475000
nan,nan,nan,nan,nan,nan,nan,nan,nan,nan,nan,nan,nan,0.450000,0.441039,nan,nan,0.296065
nan,nan,nan,nan,nan,nan,nan,nan,nan,nan,nan,nan,nan,0.407368,0.477273,nan,nan,0.466071
nan,nan,nan,nan,nan,nan,nan,nan,nan,nan,nan,nan,nan,0.450000,0.500000,nan,nan,0.385390
nan,nan,nan,nan,nan,nan,nan,nan,nan,nan,nan,nan,nan,0.452500,0.454545,nan,nan,0.434789
nan,nan,nan,nan,nan,nan,nan,nan,nan,nan,nan,nan,nan,0.407500,0.374242,nan,nan,0.354389
nan,nan,nan,nan,nan,nan,nan,nan,nan,nan,nan,nan,nan,0.450000,0.386364,nan,nan,0.491071
nan,nan,nan,nan,nan,nan,nan,nan,nan,nan,nan,nan,nan,0.400000,0.477273,nan,nan,0.483036
nan,nan,nan,nan,nan,nan,nan,nan,nan,nan,nan,nan,nan,0.324211,0.520455,nan,nan,0.403506
nan,nan,nan,nan,nan,nan,nan,nan,nan,nan,nan,nan,nan,0.400000,0.363636,nan,nan,0.483036
nan,nan,nan,nan,nan,nan,nan,nan,nan,nan,nan,nan,nan,0.450000,0.520455,nan,nan,0.400162
nan,nan,nan,nan,nan,nan,nan,nan,nan,nan,nan,nan,nan,0.405000,0.415584,nan,nan,0.420779
nan,nan,nan,nan,nan,nan,nan,nan,nan,nan,nan,nan,nan,0.405000,0.415584,nan,nan,0.491071
nan,nan,nan,nan,nan,nan,nan,nan,nan,nan,nan,nan,nan,0.475000,0.370130,nan,nan,0.393344
nan,nan,nan,nan,nan,nan,nan,nan,nan,nan,nan,nan,nan,0.452500,0.403503,nan,nan,0.474107
nan,nan,nan,nan,nan,nan,nan,nan,nan,nan,nan,nan,nan,0.475000,0.436364,nan,nan,0.491071
nan,nan,nan,nan,nan,nan,nan,nan,nan,nan,nan,nan,nan,0.364605,0.477273,nan,nan,0.464286
nan,nan,nan,nan,nan,nan,nan,nan,nan,nan,nan,nan,nan,0.475000,0.415584,nan,nan,0.421672
nan,nan,nan,nan,nan,nan,nan,nan,nan,nan,nan,nan,nan,0.475000,0.512440,nan,nan,0.387175
nan,nan,nan,nan,nan,nan,nan,nan,nan,nan,nan,nan,nan,0.490000,0.411255,nan,nan,0.432110
nan,nan,nan,nan,nan,nan,nan,nan,nan,nan,nan,nan,nan,0.475000,0.363636,nan,nan,0.464286
nan,nan,nan,nan,nan,nan,nan,nan,nan,nan,nan,nan,nan,0.452500,0.309091,nan,nan,0.483036
nan,nan,nan,nan,nan,nan,nan,nan,nan,nan,nan,nan,nan,0.475000,0.431818,nan,nan,0.281449
nan,nan,nan,nan,nan,nan,nan,nan,nan,nan,nan,nan,nan,0.450000,0.520455,nan,nan,0.458036
nan,nan,nan,nan,nan,nan,nan,nan,nan,nan,nan,nan,nan,0.475000,0.409091,nan,nan,0.366396
nan,nan,nan,nan,nan,nan,nan,nan,nan,nan,nan,nan,nan,0.475000,0.454545,nan,nan,0.426760
nan,nan,nan,nan,nan,nan,nan,nan,nan,nan,nan,nan,nan,0.450000,0.454545,nan,nan,0.482143
nan,nan,nan,nan,nan,nan,nan,nan,nan,nan,nan,nan,nan,0.475000,0.431818,nan,nan,0.405276
nan,nan,nan,nan,nan,nan,nan,nan,nan,nan,nan,nan,nan,0.475000,0.415909,nan,nan,0.364091
nan,nan,nan,nan,nan,nan,nan,nan,nan,nan,nan,nan,nan,0.402632,0.431818,nan,nan,0.516071
nan,nan,nan,nan,nan,nan,nan,nan,nan,nan,nan,nan,nan,0.427500,0.363636,nan,nan,0.475000
nan,nan,nan,nan,nan,nan,nan,nan,nan,nan,nan,nan,nan,0.380000,0.185048,nan,nan,0.483036
nan,nan,nan,nan,nan,nan,nan,nan,nan,nan,nan,nan,nan,0.400439,0.352273,nan,nan,0.466964
nan,nan,nan,nan,nan,nan,nan,nan,nan,nan,nan,nan,nan,0.364605,0.374522,nan,nan,0.166674
nan,nan,nan,nan,nan,nan,nan,nan,nan,nan,nan,nan,nan,0.450000,0.376299,nan,nan,0.458929
nan,nan,nan,nan,nan,nan,nan,nan,nan,nan,nan,nan,nan,0.450000,0.375000,nan,nan,0.405195
nan,nan,nan,nan,nan,nan,nan,nan,nan,nan,nan,nan,nan,0.450000,0.376299,nan,nan,0.264107
nan,nan,nan,nan,nan,nan,nan,nan,nan,nan,nan,nan,nan,0.450000,0.434091,nan,nan,0.425893
nan,nan,nan,nan,nan,nan,nan,nan,nan,nan,nan,nan,nan,0.452500,0.454545,nan,nan,0.362338
nan,nan,nan,nan,nan,nan,nan,nan,nan,nan,nan,nan,nan,0.385000,0.477273,nan,nan,0.502357
nan,nan,nan,nan,nan,nan,nan,nan,nan,nan,nan,nan,nan,0.367105,0.454545,nan,nan,0.249935
nan,nan,nan,nan,nan,nan,nan,nan,nan,nan,nan,nan,nan,0.407500,0.454545,nan,nan,0.483036
nan,nan,nan,nan,nan,nan,nan,nan,nan,nan,nan,nan,nan,0.452500,0.409091,nan,nan,0.325842
nan,nan,nan,nan,nan,nan,nan,nan,nan,nan,nan,nan,nan,0.475000,0.454545,nan,nan,0.435682
nan,nan,nan,nan,nan,nan,nan,nan,nan,nan,nan,nan,nan,0.475000,0.279221,nan,nan,0.306017
nan,nan,nan,nan,nan,nan,nan,nan,nan,nan,nan,nan,nan,0.452500,0.366234,nan,nan,0.482143
nan,nan,nan,nan,nan,nan,nan,nan,nan,nan,nan,nan,nan,0.452500,0.386364,nan,nan,0.464318
nan,nan,nan,nan,nan,nan,nan,nan,nan,nan,nan,nan,nan,0.400000,0.456818,nan,nan,0.348198
nan,nan,nan,nan,nan,nan,nan,nan,nan,nan,nan,nan,nan,0.475000,0.511364,nan,nan,0.416071
nan,nan,nan,nan,nan,nan,nan,nan,nan,nan,nan,nan,nan,0.400000,0.387013,nan,nan,0.491071
nan,nan,nan,nan,nan,nan,nan,nan,nan,nan,nan,nan,nan,0.475000,0.477273,nan,nan,0.464610
nan,nan,nan,nan,nan,nan,nan,nan,nan,nan,nan,nan,nan,0.364605,0.370455,nan,nan,0.385390
nan,nan,nan,nan,nan,nan,nan,nan,nan,nan,nan,nan,nan,0.450000,0.454545,nan,nan,0.360617
nan,nan,nan,nan,nan,nan,nan,nan,nan,nan,nan,nan,nan,0.402500,0.454545,nan,nan,0.491071
nan,nan,nan,nan,nan,nan,nan,nan,nan,nan,nan,nan,nan,0.475000,0.386364,nan,nan,0.457143
nan,nan,nan,nan,nan,nan,nan,nan,nan,nan,nan,nan,nan,0.475000,0.456818,nan,nan,0.474107
nan,nan,nan,nan,nan,nan,nan,nan,nan,nan,nan,nan,nan,0.475000,0.413961,nan,nan,0.271965
nan,nan,nan,nan,nan,nan,nan,nan,nan,nan,nan,nan,nan,0.475000,0.415909,nan,nan,0.475000
nan,nan,nan,nan,nan,nan,nan,nan,nan,nan,nan,nan,nan,0.450000,0.306061,nan,nan,0.343734
nan,nan,nan,nan,nan,nan,nan,nan,nan,nan,nan,nan,nan,0.217105,0.454870,nan,nan,0.360617
nan,nan,nan,nan,nan,nan,nan,nan,nan,nan,nan,nan,nan,0.425000,0.870455,nan,nan,0.449123
nan,nan,nan,nan,nan,nan,nan,nan,nan,nan,nan,nan,nan,0.490000,0.454545,nan,nan,0.428506
nan,nan,nan,nan,nan,nan,nan,nan,nan,nan,nan,nan,nan,0.450000,0.306061,nan,nan,0.449107
nan,nan,nan,nan,nan,nan,nan,nan,nan,nan,nan,nan,nan,0.430000,0.909091,nan,nan,0.466071
nan,nan,nan,nan,nan,nan,nan,nan,nan,nan,nan,nan,nan,0.402500,0.340909,nan,nan,0.287505
nan,nan,nan,nan,nan,nan,nan,nan,nan,nan,nan,nan,nan,0.475000,0.395455,nan,nan,0.475000
nan,nan,nan,nan,nan,nan,nan,nan,nan,nan,nan,nan,nan,0.711579,0.376299,nan,nan,0.433036
nan,nan,nan,nan,nan,nan,nan,nan,nan,nan,nan,nan,nan,0.475000,0.477273,nan,nan,0.474107
nan,nan,nan,nan,nan,nan,nan,nan,nan,nan,nan,nan,nan,0.407368,0.388636,nan,nan,0.482143
nan,nan,nan,nan,nan,nan,nan,nan,nan,nan,nan,nan,nan,0.475000,0.477273,nan,nan,0.343831
nan,nan,nan,nan,nan,nan,nan,nan,nan,nan,nan,nan,nan,0.310921,0.413636,nan,nan,0.406088
nan,nan,nan,nan,nan,nan,nan,nan,nan,nan,nan,nan,nan,0.425000,0.454545,nan,nan,0.407062
nan,nan,nan,nan,nan,nan,nan,nan,nan,nan,nan,nan,nan,0.425000,0.413636,nan,nan,0.360437
nan,nan,nan,nan,nan,nan,nan,nan,nan,nan,nan,nan,nan,0.407368,0.454545,nan,nan,0.467256
nan,nan,nan,nan,nan,nan,nan,nan,nan,nan,nan,nan,nan,0.402500,0.409091,nan,nan,0.345519
nan,nan,nan,nan,nan,nan,nan,nan,nan,nan,nan,nan,nan,0.475000,0.431818,nan,nan,0.474107
nan,nan,nan,nan,nan,nan,nan,nan,nan,nan,nan,nan,nan,0.790395,0.411364,nan,nan,0.406981
nan,nan,nan,nan,nan,nan,nan,nan,nan,nan,nan,nan,nan,0.407368,0.490909,nan,nan,0.483036
nan,nan,nan,nan,nan,nan,nan,nan,nan,nan,nan,nan,nan,0.475000,0.270130,nan,nan,0.418750
nan,nan,nan,nan,nan,nan,nan,nan,nan,nan,nan,nan,nan,0.407368,0.454545,nan,nan,0.377363
nan,nan,nan,nan,nan,nan,nan,nan,nan,nan,nan,nan,nan,0.450000,0.454545,nan,nan,0.475000
nan,nan,nan,nan,nan,nan,nan,nan,nan,nan,nan,nan,nan,0.475000,0.454545,nan,nan,0.475000
nan,nan,nan,nan,nan,nan,nan,nan,nan,nan,nan,nan,nan,0.405000,0.409091,nan,nan,0.309659
nan,nan,nan,nan,nan,nan,nan,nan,nan,nan,nan,nan,nan,0.450000,0.475000,nan,nan,0.400209
nan,nan,nan,nan,nan,nan,nan,nan,nan,nan,nan,nan,nan,0.427500,0.431818,nan,nan,0.483036
nan,nan,nan,nan,nan,nan,nan,nan,nan,nan,nan,nan,nan,0.450000,0.436364,nan,nan,0.240239
nan,nan,nan,nan,nan,nan,nan,nan,nan,nan,nan,nan,nan,0.450000,0.374242,nan,nan,0.422419
nan,nan,nan,nan,nan,nan,nan,nan,nan,nan,nan,nan,nan,0.475000,0.448377,nan,nan,0.483036
nan,nan,nan,nan,nan,nan,nan,nan,nan,nan,nan,nan,nan,0.452500,0.454545,nan,nan,0.417305
nan,nan,nan,nan,nan,nan,nan,nan,nan,nan,nan,nan,nan,0.450000,0.431818,nan,nan,0.385390
nan,nan,nan,nan,nan,nan,nan,nan,nan,nan,nan,nan,nan,0.286184,0.395455,nan,nan,0.377825
nan,nan,nan,nan,nan,nan,nan,nan,nan,nan,nan,nan,nan,0.450000,0.431818,nan,nan,0.311445
nan,nan,nan,nan,nan,nan,nan,nan,nan,nan,nan,nan,nan,0.475000,0.415909,nan,nan,0.378718
nan,nan,nan,nan,nan,nan,nan,nan,nan,nan,nan,nan,nan,0.475000,0.343506,nan,nan,0.464286
nan,nan,nan,nan,nan,nan,nan,nan,nan,nan,nan,nan,nan,0.425000,0.338961,nan,nan,0.491071
nan,nan,nan,nan,nan,nan,nan,nan,nan,nan,nan,nan,nan,0.450000,0.409091,nan,nan,0.474107
nan,nan,nan,nan,nan,nan,nan,nan,nan,nan,nan,nan,nan,0.450000,0.415909,nan,nan,0.473214
nan,nan,nan,nan,nan,nan,nan,nan,nan,nan,nan,nan,nan,0.452500,0.454545,nan,nan,0.475000
nan,nan,nan,nan,nan,nan,nan,nan,nan,nan,nan,nan,nan,0.450000,0.431818,nan,nan,0.467256
nan,nan,nan,nan,nan,nan,nan,nan,nan,nan,nan,nan,nan,0.427500,0.477273,nan,nan,0.465471
nan,nan,nan,nan,nan,nan,nan,nan,nan,nan,nan,nan,nan,0.490000,0.352273,nan,nan,0.307803
nan,nan,nan,nan,nan,nan,nan,nan,nan,nan,nan,nan,nan,0.400000,0.500000,nan,nan,0.409821
nan,nan,nan,nan,nan,nan,nan,nan,nan,nan,nan,nan,nan,0.475000,0.376299,nan,nan,0.401786
nan,nan,nan,nan,nan,nan,nan,nan,nan,nan,nan,nan,nan,0.380000,0.431818,nan,nan,0.287505
nan,nan,nan,nan,nan,nan,nan,nan,nan,nan,nan,nan,nan,0.475000,0.270130,nan,nan,0.483036
nan,nan,nan,nan,nan,nan,nan,nan,nan,nan,nan,nan,nan,0.485000,0.477273,nan,nan,0.367289
nan,nan,nan,nan,nan,nan,nan,nan,nan,nan,nan,nan,nan,0.364605,0.375000,nan,nan,0.377825
nan,nan,nan,nan,nan,nan,nan,nan,nan,nan,nan,nan,nan,0.450000,0.386364,nan,nan,0.428506
nan,nan,nan,nan,nan,nan,nan,nan,nan,nan,nan,nan,nan,0.475000,0.870455,nan,nan,0.237976
nan,nan,nan,nan,nan,nan,nan,nan,nan,nan,nan,nan,nan,0.430000,0.436364,nan,nan,0.483036
nan,nan,nan,nan,nan,nan,nan,nan,nan,nan,nan,nan,nan,0.450000,0.354545,nan,nan,0.450877
nan,nan,nan,nan,nan,nan,nan,nan,nan,nan,nan,nan,nan,0.430000,0.338961,nan,nan,0.491071
nan,nan,nan,nan,nan,nan,nan,nan,nan,nan,nan,nan,nan,0.427500,0.456818,nan,nan,0.449091
nan,nan,nan,nan,nan,nan,nan,nan,nan,nan,nan,nan,nan,0.427500,0.395455,nan,nan,0.414529
nan,nan,nan,nan,nan,nan,nan,nan,nan,nan,nan,nan,nan,0.425000,0.415909,nan,nan,0.242025
nan,nan,nan,nan,nan,nan,nan,nan,nan,nan,nan,nan,nan,0.450000,0.477273,nan,nan,0.329886
nan,nan,nan,nan,nan,nan,nan,nan,nan,nan,nan,nan,nan,0.475000,0.376299,nan,nan,0.440211
nan,nan,nan,nan,nan,nan,nan,nan,nan,nan,nan,nan,nan,0.430000,0.306494,nan,nan,0.467256
nan,nan,nan,nan,nan,nan,nan,nan,nan,nan,nan,nan,nan,0.450000,0.413636,nan,nan,0.364610
nan,nan,nan,nan,nan,nan,nan,nan,nan,nan,nan,nan,nan,0.475000,0.340909,nan,nan,0.433929
nan,nan,nan,nan,nan,nan,nan,nan,nan,nan,nan,nan,nan,0.450000,0.343506,nan,nan,0.371865
nan,nan,nan,nan,nan,nan,nan,nan,nan,nan,nan,nan,nan,0.925000,0.454545,nan,nan,0.515179
nan,nan,nan,nan,nan,nan,nan,nan,nan,nan,nan,nan,nan,0.407500,0.413636,nan,nan,0.466071
nan,nan,nan,nan,nan,nan,nan,nan,nan,nan,nan,nan,nan,0.475000,0.442045,nan,nan,0.482143
nan,nan,nan,nan,nan,nan,nan,nan,nan,nan,nan,nan,nan,0.475000,0.415584,nan,nan,0.307803
nan,nan,nan,nan,nan,nan,nan,nan,nan,nan,nan,nan,nan,0.475000,0.415584,nan,nan,0.416964
nan,nan,nan,nan,nan,nan,nan,nan,nan,nan,nan,nan,nan,0.450000,0.386364,nan,nan,0.449123
nan,nan,nan,nan,nan,nan,nan,nan,nan,nan,nan,nan,nan,0.400000,0.431818,nan,nan,0.473214
nan,nan,nan,nan,nan,nan,nan,nan,nan,nan,nan,nan,nan,0.385000,0.913636,nan,nan,0.266745
nan,nan,nan,nan,nan,nan,nan,nan,nan,nan,nan,nan,nan,0.475000,0.415584,nan,nan,0.418750
nan,nan,nan,nan,nan,nan,nan,nan,nan,nan,nan,nan,nan,0.430000,0.395455,nan,nan,0.329483
nan,nan,nan,nan,nan,nan,nan,nan,nan,nan,nan,nan,nan,0.450000,0.454545,nan,nan,0.434821
nan,nan,nan,nan,nan,nan,nan,nan,nan,nan,nan,nan,nan,0.430000,0.477273,nan,nan,0.450877
nan,nan,nan,nan,nan,nan,nan,nan,nan,nan,nan,nan,nan,0.364605,0.431818,nan,nan,0.450000
nan,nan,nan,nan,nan,nan,nan,nan,nan,nan,nan,nan,nan,0.402500,0.409091,nan,nan,0.458929
nan,nan,nan,nan,nan,nan,nan,nan,nan,nan,nan,nan,nan,0.475000,0.376299,nan,nan,0.235206
nan,nan,nan,nan,nan,nan,nan,nan,nan,nan,nan,nan,nan,0.450000,0.310390,nan,nan,0.366396
nan,nan,nan,nan,nan,nan,nan,nan,nan,nan,nan,nan,nan,0.450000,0.187321,nan,nan,0.458929
nan,nan,nan,nan,nan,nan,nan,nan,nan,nan,nan,nan,nan,0.450000,0.477273,nan,nan,0.491071
nan,nan,nan,nan,nan,nan,nan,nan,nan,nan,nan,nan,nan,0.427500,0.411364,nan,nan,0.456282
nan,nan,nan,nan,nan,nan,nan,nan,nan,nan,nan,nan,nan,0.475000,0.181494,nan,nan,0.450893
nan,nan,nan,nan,nan,nan,nan,nan,nan,nan,nan,nan,nan,0.382500,0.395455,nan,nan,0.406088
nan,nan,nan,nan,nan,nan,nan,nan,nan,nan,nan,nan,nan,0.475000,0.409091,nan,nan,0.367289
nan,nan,nan,nan,nan,nan,nan,nan,nan,nan,nan,nan,nan,0.407368,0.431818,nan,nan,0.475000
nan,nan,nan,nan,nan,nan,nan,nan,nan,nan,nan,nan,nan,0.475000,0.411364,nan,nan,0.405276
nan,nan,nan,nan,nan,nan,nan,nan,nan,nan,nan,nan,nan,0.425000,0.431818,nan,nan,0.466071
nan,nan,nan,nan,nan,nan,nan,nan,nan,nan,nan,nan,nan,0.425000,0.477273,nan,nan,0.483036
nan,nan,nan,nan,nan,nan,nan,nan,nan,nan,nan,nan,nan,0.399649,0.415584,nan,nan,0.515179
nan,nan,nan,nan,nan,nan,nan,nan,nan,nan,nan,nan,nan,0.407368,0.477273,nan,nan,0.467256
nan,nan,nan,nan,nan,nan,nan,nan,nan,nan,nan,nan,nan,0.382500,0.454545,nan,nan,0.483036
nan,nan,nan,nan,nan,nan,nan,nan,nan,nan,nan,nan,nan,0.425000,0.454545,nan,nan,0.421672
nan,nan,nan,nan,nan,nan,nan,nan,nan,nan,nan,nan,nan,0.375000,0.568216,nan,nan,0.464286
nan,nan,nan,nan,nan,nan,nan,nan,nan,nan,nan,nan,nan,0.475000,0.354545,nan,nan,0.419026
nan,nan,nan,nan,nan,nan,nan,nan,nan,nan,nan,nan,nan,0.407368,0.883442,nan,nan,0.479788
nan,nan,nan,nan,nan,nan,nan,nan,nan,nan,nan,nan,nan,0.475000,0.409091,nan,nan,0.322890
nan,nan,nan,nan,nan,nan,nan,nan,nan,nan,nan,nan,nan,0.450000,0.454545,nan,nan,0.491071
nan,nan,nan,nan,nan,nan,nan,nan,nan,nan,nan,nan,nan,0.425000,0.327273,nan,nan,0.465471
nan,nan,nan,nan,nan,nan,nan,nan,nan,nan,nan,nan,nan,0.450000,0.370130,nan,nan,0.474107
nan,nan,nan,nan,nan,nan,nan,nan,nan,nan,nan,nan,nan,0.475000,0.454545,nan,nan,0.457143
nan,nan,nan,nan,nan,nan,nan,nan,nan,nan,nan,nan,nan,0.286184,0.434091,nan,nan,0.509172
nan,nan,nan,nan,nan,nan,nan,nan,nan,nan,nan,nan,nan,0.430000,0.477273,nan,nan,0.429399
nan,nan,nan,nan,nan,nan,nan,nan,nan,nan,nan,nan,nan,0.407368,0.668961,nan,nan,0.482143
nan,nan,nan,nan,nan,nan,nan,nan,nan,nan,nan,nan,nan,0.653947,0.415584,nan,nan,0.350649
nan,nan,nan,nan,nan,nan,nan,nan,nan,nan,nan,nan,nan,0.450000,0.411364,nan,nan,0.511781
nan,nan,nan,nan,nan,nan,nan,nan,nan,nan,nan,nan,nan,0.364605,0.431818,nan,nan,0.466364
nan,nan,nan,nan,nan,nan,nan,nan,nan,nan,nan,nan,nan,0.430000,0.343506,nan,nan,0.309692
nan,nan,nan,nan,nan,nan,nan,nan,nan,nan,nan,nan,nan,0.329211,0.353828,nan,nan,0.483036
nan,nan,nan,nan,nan,nan,nan,nan,nan,nan,nan,nan,nan,0.427500,0.390909,nan,nan,0.467256
nan,nan,nan,nan,nan,nan,nan,nan,nan,nan,nan,nan,nan,0.430000,0.431818,nan,nan,0.482143
nan,nan,nan,nan,nan,nan,nan,nan,nan,nan,nan,nan,nan,0.324474,0.374242,nan,nan,0.425893
nan,nan,nan,nan,nan,nan,nan,nan,nan,nan,nan,nan,nan,0.402500,0.376299,nan,nan,0.491071
nan,nan,nan,nan,nan,nan,nan,nan,nan,nan,nan,nan,nan,0.430000,0.415584,nan,nan,0.369253
nan,nan,nan,nan,nan,nan,nan,nan,nan,nan,nan,nan,nan,0.450000,0.395455,nan,nan,0.364091
nan,nan,nan,nan,nan,nan,nan,nan,nan,nan,nan,nan,nan,0.430000,0.376299,nan,nan,0.466964
nan,nan,nan,nan,nan,nan,nan,nan,nan,nan,nan,nan,nan,0.450000,0.326331,nan,nan,0.418994
nan,nan,nan,nan,nan,nan,nan,nan,nan,nan,nan,nan,nan,0.475000,0.456818,nan,nan,0.349227
nan,nan,nan,nan,nan,nan,nan,nan,nan,nan,nan,nan,nan,0.475000,0.477273,nan,nan,0.386282
nan,nan,nan,nan,nan,nan,nan,nan,nan,nan,nan,nan,nan,0.400000,0.237338,nan,nan,0.474107
nan,nan,nan,nan,nan,nan,nan,nan,nan,nan,nan,nan,nan,0.475000,0.415584,nan,nan,0.466364
nan,nan,nan,nan,nan,nan,nan,nan,nan,nan,nan,nan,nan,0.475000,0.334091,nan,nan,0.379011
nan,nan,nan,nan,nan,nan,nan,nan,nan,nan,nan,nan,nan,0.475000,0.415584,nan,nan,0.466364
nan,nan,nan,nan,nan,nan,nan,nan,nan,nan,nan,nan,nan,0.425000,0.454545,nan,nan,0.249935
nan,nan,nan,nan,nan,nan,nan,nan,nan,nan,nan,nan,nan,0.427500,0.436364,nan,nan,0.458036
nan,nan,nan,nan,nan,nan,nan,nan,nan,nan,nan,nan,nan,0.510000,0.477273,nan,nan,0.428506
nan,nan,nan,nan,nan,nan,nan,nan,nan,nan,nan,nan,nan,0.425000,0.454545,nan,nan,0.517857
nan,nan,nan,nan,nan,nan,nan,nan,nan,nan,nan,nan,nan,0.475000,0.454545,nan,nan,0.450877
nan,nan,nan,nan,nan,nan,nan,nan,nan,nan,nan,nan,nan,0.364605,0.376299,nan,nan,0.482143
nan,nan,nan,nan,nan,nan,nan,nan,nan,nan,nan,nan,nan,0.475000,0.409091,nan,nan,0.440211
nan,nan,nan,nan,nan,nan,nan,nan,nan,nan,nan,nan,nan,0.450000,0.454545,nan,nan,0.482143
nan,nan,nan,nan,nan,nan,nan,nan,nan,nan,nan,nan,nan,0.452500,0.477273,nan,nan,0.382808
nan,nan,nan,nan,nan,nan,nan,nan,nan,nan,nan,nan,nan,0.450000,0.415584,nan,nan,0.406088
nan,nan,nan,nan,nan,nan,nan,nan,nan,nan,nan,nan,nan,0.475000,0.393182,nan,nan,0.466071
nan,nan,nan,nan,nan,nan,nan,nan,nan,nan,nan,nan,nan,0.364605,0.477273,nan,nan,0.242917
nan,nan,nan,nan,nan,nan,nan,nan,nan,nan,nan,nan,nan,0.407500,0.395455,nan,nan,0.473214
nan,nan,nan,nan,nan,nan,nan,nan,nan,nan,nan,nan,nan,0.367105,0.279351,nan,nan,0.309659
nan,nan,nan,nan,nan,nan,nan,nan,nan,nan,nan,nan,nan,0.425000,0.431818,nan,nan,0.482143
nan,nan,nan,nan,nan,nan,nan,nan,nan,nan,nan,nan,nan,0.450000,0.409091,nan,nan,0.483036
nan,nan,nan,nan,nan,nan,nan,nan,nan,nan,nan,nan,nan,0.425000,0.454545,nan,nan,0.458036
nan,nan,nan,nan,nan,nan,nan,nan,nan,nan,nan,nan,nan,0.315789,0.431818,nan,nan,0.483036
nan,nan,nan,nan,nan,nan,nan,nan,nan,nan,nan,nan,nan,0.427500,0.338961,nan,nan,0.404416
nan,nan,nan,nan,nan,nan,nan,nan,nan,nan,nan,nan,nan,0.452500,0.431818,nan,nan,0.366396
nan,nan,nan,nan,nan,nan,nan,nan,nan,nan,nan,nan,nan,0.407500,0.338961,nan,nan,0.458036
nan,nan,nan,nan,nan,nan,nan,nan,nan,nan,nan,nan,nan,0.475000,0.456818,nan,nan,0.466964
nan,nan,nan,nan,nan,nan,nan,nan,nan,nan,nan,nan,nan,0.425000,0.303571,nan,nan,0.483036
nan,nan,nan,nan,nan,nan,nan,nan,nan,nan,nan,nan,nan,0.407105,0.454545,nan,nan,0.419026
nan,nan,nan,nan,nan,nan,nan,nan,nan,nan,nan,nan,nan,0.475000,0.477273,nan,nan,0.474107
nan,nan,nan,nan,nan,nan,nan,nan,nan,nan,nan,nan,nan,0.475000,0.386364,nan,nan,0.466964
nan,nan,nan,nan,nan,nan,nan,nan,nan,nan,nan,nan,nan,0.452500,0.477273,nan,nan,0.491071
nan,nan,nan,nan,nan,nan,nan,nan,nan,nan,nan,nan,nan,0.475000,0.395455,nan,nan,0.466964
nan,nan,nan,nan,nan,nan,nan,nan,nan,nan,nan,nan,nan,0.475000,0.411364,nan,nan,0.433036
nan,nan,nan,nan,nan,nan,nan,nan,nan,nan,nan,nan,nan,0.475000,0.560260,nan,nan,0.364984
nan,nan,nan,nan,nan,nan,nan,nan,nan,nan,nan,nan,nan,0.452500,0.372727,nan,nan,0.465179
nan,nan,nan,nan,nan,nan,nan,nan,nan,nan,nan,nan,nan,0.475000,0.395455,nan,nan,0.376430
nan,nan,nan,nan,nan,nan,nan,nan,nan,nan,nan,nan,nan,0.364605,0.431818,nan,nan,0.483036
nan,nan,nan,nan,nan,nan,nan,nan,nan,nan,nan,nan,nan,0.905000,0.363636,nan,nan,0.432175
nan,nan,nan,nan,nan,nan,nan,nan,nan,nan,nan,nan,nan,0.407500,0.376299,nan,nan,0.455357
nan,nan,nan,nan,nan,nan,nan,nan,nan,nan,nan,nan,nan,0.407368,0.415909,nan,nan,0.393750
nan,nan,nan,nan,nan,nan,nan,nan,nan,nan,nan,nan,nan,0.450000,0.456818,nan,nan,0.483036
nan,nan,nan,nan,nan,nan,nan,nan,nan,nan,nan,nan,nan,0.382500,0.477273,nan,nan,0.449091
nan,nan,nan,nan,nan,nan,nan,nan,nan,nan,nan,nan,nan,0.364605,0.477273,nan,nan,0.496295
nan,nan,nan,nan,nan,nan,nan,nan,nan,nan,nan,nan,nan,0.425000,0.863636,nan,nan,0.383929
nan,nan,nan,nan,nan,nan,nan,nan,nan,nan,nan,nan,nan,0.450000,0.740909,nan,nan,0.466964
nan,nan,nan,nan,nan,nan,nan,nan,nan,nan,nan,nan,nan,0.407500,0.454545,nan,nan,0.434789
nan,nan,nan,nan,nan,nan,nan,nan,nan,nan,nan,nan,nan,0.950000,0.454545,nan,nan,0.229869
nan,nan,nan,nan,nan,nan,nan,nan,nan,nan,nan,nan,nan,0.364605,0.303571,nan,nan,0.425828
nan,nan,nan,nan,nan,nan,nan,nan,nan,nan,nan,nan,nan,0.475000,0.303571,nan,nan,0.483036
nan,nan,nan,nan,nan,nan,nan,nan,nan,nan,nan,nan,nan,0.450000,0.363636,nan,nan,0.473214
nan,nan,nan,nan,nan,nan,nan,nan,nan,nan,nan,nan,nan,0.407368,0.477273,nan,nan,0.328622
nan,nan,nan,nan,nan,nan,nan,nan,nan,nan,nan,nan,nan,0.362500,0.387013,nan,nan,0.878571
nan,nan,nan,nan,nan,nan,nan,nan,nan,nan,nan,nan,nan,0.400000,0.454545,nan,nan,0.173182
nan,nan,nan,nan,nan,nan,nan,nan,nan,nan,nan,nan,nan,0.324211,0.456818,nan,nan,0.379904
nan,nan,nan,nan,nan,nan,nan,nan,nan,nan,nan,nan,nan,0.475000,0.409091,nan,nan,0.406088
nan,nan,nan,nan,nan,nan,nan,nan,nan,nan,nan,nan,nan,0.515000,0.195097,nan,nan,0.390958
nan,nan,nan,nan,nan,nan,nan,nan,nan,nan,nan,nan,nan,0.475000,0.436364,nan,nan,0.433896
nan,nan,nan,nan,nan,nan,nan,nan,nan,nan,nan,nan,nan,0.288947,0.477273,nan,nan,0.491071
nan,nan,nan,nan,nan,nan,nan,nan,nan,nan,nan,nan,nan,0.475000,0.326331,nan,nan,0.483036
nan,nan,nan,nan,nan,nan,nan,nan,nan,nan,nan,nan,nan,0.407500,0.270779,nan,nan,0.474107
nan,nan,nan,nan,nan,nan,nan,nan,nan,nan,nan,nan,nan,0.467500,0.431818,nan,nan,0.435682
nan,nan,nan,nan,nan,nan,nan,nan,nan,nan,nan,nan,nan,0.450000,0.525000,nan,nan,0.406981
nan,nan,nan,nan,nan,nan,nan,nan,nan,nan,nan,nan,nan,0.452500,0.409091,nan,nan,0.328101
nan,nan,nan,nan,nan,nan,nan,nan,nan,nan,nan,nan,nan,0.385000,0.415909,nan,nan,0.377825
nan,nan,nan,nan,nan,nan,nan,nan,nan,nan,nan,nan,nan,0.450000,0.477273,nan,nan,0.377825
nan,nan,nan,nan,nan,nan,nan,nan,nan,nan,nan,nan,nan,0.450000,0.415909,nan,nan,0.466364
nan,nan,nan,nan,nan,nan,nan,nan,nan,nan,nan,nan,nan,0.450000,0.436364,nan,nan,0.296926
nan,nan,nan,nan,nan,nan,nan,nan,nan,nan,nan,nan,nan,0.636623,0.393182,nan,nan,0.367289
nan,nan,nan,nan,nan,nan,nan,nan,nan,nan,nan,nan,nan,0.450000,0.784091,nan,nan,0.483036
nan,nan,nan,nan,nan,nan,nan,nan,nan,nan,nan,nan,nan,0.475000,0.411364,nan,nan,0.475000
nan,nan,nan,nan,nan,nan,nan,nan,nan,nan,nan,nan,nan,0.425000,0.477273,nan,nan,0.463123
nan,nan,nan,nan,nan,nan,nan,nan,nan,nan,nan,nan,nan,0.475000,0.477273,nan,nan,0.450877
nan,nan,nan,nan,nan,nan,nan,nan,nan,nan,nan,nan,nan,0.430000,0.409091,nan,nan,0.433929
nan,nan,nan,nan,nan,nan,nan,nan,nan,nan,nan,nan,nan,0.407500,0.431818,nan,nan,0.483036
nan,nan,nan,nan,nan,nan,nan,nan,nan,nan,nan,nan,nan,0.452500,0.454545,nan,nan,0.310292
nan,nan,nan,nan,nan,nan,nan,nan,nan,nan,nan,nan,nan,0.475000,0.454545,nan,nan,0.330376
nan,nan,nan,nan,nan,nan,nan,nan,nan,nan,nan,nan,nan,0.350000,0.363636,nan,nan,0.466364
nan,nan,nan,nan,nan,nan,nan,nan,nan,nan,nan,nan,nan,0.450000,0.376299,nan,nan,0.408036
nan,nan,nan,nan,nan,nan,nan,nan,nan,nan,nan,nan,nan,0.452500,0.454545,nan,nan,0.197033
nan,nan,nan,nan,nan,nan,nan,nan,nan,nan,nan,nan,nan,0.475000,0.376299,nan,nan,0.483036
nan,nan,nan,nan,nan,nan,nan,nan,nan,nan,nan,nan,nan,0.475000,0.431818,nan,nan,0.390958
nan,nan,nan,nan,nan,nan,nan,nan,nan,nan,nan,nan,nan,0.475000,0.148325,nan,nan,0.425828
nan,nan,nan,nan,nan,nan,nan,nan,nan,nan,nan,nan,nan,0.475000,0.477273,nan,nan,0.491071
nan,nan,nan,nan,nan,nan,nan,nan,nan,nan,nan,nan,nan,0.490000,0.376299,nan,nan,0.457143
nan,nan,nan,nan,nan,nan,nan,nan,nan,nan,nan,nan,nan,0.475000,0.411364,nan,nan,0.418101
nan,nan,nan,nan,nan,nan,nan,nan,nan,nan,nan,nan,nan,0.450000,0.454545,nan,nan,0.346412
nan,nan,nan,nan,nan,nan,nan,nan,nan,nan,nan,nan,nan,0.407500,0.477273,nan,nan,0.402679
nan,nan,nan,nan,nan,nan,nan,nan,nan,nan,nan,nan,nan,0.475000,0.431818,nan,nan,0.457143
nan,nan,nan,nan,nan,nan,nan,nan,nan,nan,nan,nan,nan,0.407368,0.431818,nan,nan,0.283138
nan,nan,nan,nan,nan,nan,nan,nan,nan,nan,nan,nan,nan,0.450000,0.326331,nan,nan,0.226297
nan,nan,nan,nan,nan,nan,nan,nan,nan,nan,nan,nan,nan,0.450000,0.454545,nan,nan,0.378718
nan,nan,nan,nan,nan,nan,nan,nan,nan,nan,nan,nan,nan,0.452500,0.454545,nan,nan,0.483036
nan,nan,nan,nan,nan,nan,nan,nan,nan,nan,nan,nan,nan,0.450000,0.395455,nan,nan,0.403506
nan,nan,nan,nan,nan,nan,nan,nan,nan,nan,nan,nan,nan,0.425000,0.477273,nan,nan,0.434821
nan,nan,nan,nan,nan,nan,nan,nan,nan,nan,nan,nan,nan,0.460044,0.415584,nan,nan,0.491071
nan,nan,nan,nan,nan,nan,nan,nan,nan,nan,nan,nan,nan,0.452500,0.477273,nan,nan,0.417857
nan,nan,nan,nan,nan,nan,nan,nan,nan,nan,nan,nan,nan,0.324211,0.477273,nan,nan,0.386282
nan,nan,nan,nan,nan,nan,nan,nan,nan,nan,nan,nan,nan,0.400000,0.431818,nan,nan,0.466071
nan,nan,nan,nan,nan,nan,nan,nan,nan,nan,nan,nan,nan,0.407500,0.870455,nan,nan,0.433896
nan,nan,nan,nan,nan,nan,nan,nan,nan,nan,nan,nan,nan,0.450000,0.454545,nan,nan,0.329886
nan,nan,nan,nan,nan,nan,nan,nan,nan,nan,nan,nan,nan,0.324211,0.475000,nan,nan,0.491704
nan,nan,nan,nan,nan,nan,nan,nan,nan,nan,nan,nan,nan,0.475000,0.175849,nan,nan,0.348198
nan,nan,nan,nan,nan,nan,nan,nan,nan,nan,nan,nan,nan,0.475000,0.431818,nan,nan,0.448214
nan,nan,nan,nan,nan,nan,nan,nan,nan,nan,nan,nan,nan,0.425000,0.409091,nan,nan,0.475000
nan,nan,nan,nan,nan,nan,nan,nan,nan,nan,nan,nan,nan,0.475000,0.378571,nan,nan,0.438490
nan,nan,nan,nan,nan,nan,nan,nan,nan,nan,nan,nan,nan,0.450000,0.436364,nan,nan,0.475000
nan,nan,nan,nan,nan,nan,nan,nan,nan,nan,nan,nan,nan,0.450000,0.477273,nan,nan,0.352604
nan,nan,nan,nan,nan,nan,nan,nan,nan,nan,nan,nan,nan,0.475000,0.376299,nan,nan,0.483036
nan,nan,nan,nan,nan,nan,nan,nan,nan,nan,nan,nan,nan,0.402632,0.431818,nan,nan,0.467256
nan,nan,nan,nan,nan,nan,nan,nan,nan,nan,nan,nan,nan,0.475000,0.135179,nan,nan,0.327240
nan,nan,nan,nan,nan,nan,nan,nan,nan,nan,nan,nan,nan,0.450000,0.411255,nan,nan,0.442857
nan,nan,nan,nan,nan,nan,nan,nan,nan,nan,nan,nan,nan,0.452500,0.454545,nan,nan,0.364610
nan,nan,nan,nan,nan,nan,nan,nan,nan,nan,nan,nan,nan,0.430000,0.454545,nan,nan,0.466071
nan,nan,nan,nan,nan,nan,nan,nan,nan,nan,nan,nan,nan,0.475000,0.409091,nan,nan,0.483036
nan,nan,nan,nan,nan,nan,nan,nan,nan,nan,nan,nan,nan,0.425000,0.477273,nan,nan,0.483036
nan,nan,nan,nan,nan,nan,nan,nan,nan,nan,nan,nan,nan,0.450000,0.409091,nan,nan,0.442857
nan,nan,nan,nan,nan,nan,nan,nan,nan,nan,nan,nan,nan,0.450000,0.454545,nan,nan,0.475000
nan,nan,nan,nan,nan,nan,nan,nan,nan,nan,nan,nan,nan,0.327918,0.281623,nan,nan,0.458929
nan,nan,nan,nan,nan,nan,nan,nan,nan,nan,nan,nan,nan,0.450000,0.409091,nan,nan,0.491071
nan,nan,nan,nan,nan,nan,nan,nan,nan,nan,nan,nan,nan,0.475000,0.388636,nan,nan,0.261583
nan,nan,nan,nan,nan,nan,nan,nan,nan,nan,nan,nan,nan,0.450000,0.454545,nan,nan,0.538393
nan,nan,nan,nan,nan,nan,nan,nan,nan,nan,nan,nan,nan,0.450000,0.378571,nan,nan,0.491071
nan,nan,nan,nan,nan,nan,nan,nan,nan,nan,nan,nan,nan,0.364605,0.477273,nan,nan,0.466364
nan,nan,nan,nan,nan,nan,nan,nan,nan,nan,nan,nan,nan,0.475000,0.137936,nan,nan,0.416964
nan,nan,nan,nan,nan,nan,nan,nan,nan,nan,nan,nan,nan,0.364605,0.477273,nan,nan,0.328101
nan,nan,nan,nan,nan,nan,nan,nan,nan,nan,nan,nan,nan,0.475000,0.405974,nan,nan,0.482143
nan,nan,nan,nan,nan,nan,nan,nan,nan,nan,nan,nan,nan,0.450000,0.650137,nan,nan,0.449107
nan,nan,nan,nan,nan,nan,nan,nan,nan,nan,nan,nan,nan,0.375000,0.431818,nan,nan,0.296033
nan,nan,nan,nan,nan,nan,nan,nan,nan,nan,nan,nan,nan,0.475000,0.454545,nan,nan,0.366396
nan,nan,nan,nan,nan,nan,nan,nan,nan,nan,nan,nan,nan,0.425000,0.456818,nan,nan,0.466364
nan,nan,nan,nan,nan,nan,nan,nan,nan,nan,nan,nan,nan,0.407368,0.477273,nan,nan,0.431250
nan,nan,nan,nan,nan,nan,nan,nan,nan,nan,nan,nan,nan,0.950000,0.415584,nan,nan,0.435682
nan,nan,nan,nan,nan,nan,nan,nan,nan,nan,nan,nan,nan,0.475000,0.477273,nan,nan,0.309659
nan,nan,nan,nan,nan,nan,nan,nan,nan,nan,nan,nan,nan,0.452500,0.461494,nan,nan,0.414529
nan,nan,nan,nan,nan,nan,nan,nan,nan,nan,nan,nan,nan,0.385000,0.237338,nan,nan,0.328994
nan,nan,nan,nan,nan,nan,nan,nan,nan,nan,nan,nan,nan,0.450000,0.386364,nan,nan,0.351542
nan,nan,nan,nan,nan,nan,nan,nan,nan,nan,nan,nan,nan,0.430000,0.415584,nan,nan,0.433036
nan,nan,nan,nan,nan,nan,nan,nan,nan,nan,nan,nan,nan,0.362368,0.388636,nan,nan,0.307971
nan,nan,nan,nan,nan,nan,nan,nan,nan,nan,nan,nan,nan,0.450000,0.477273,nan,nan,0.423344
nan,nan,nan,nan,nan,nan,nan,nan,nan,nan,nan,nan,nan,0.425000,0.456818,nan,nan,0.297818
nan,nan,nan,nan,nan,nan,nan,nan,nan,nan,nan,nan,nan,0.425000,0.454545,nan,nan,0.496295
nan,nan,nan,nan,nan,nan,nan,nan,nan,nan,nan,nan,nan,0.450000,0.477273,nan,nan,0.474107
nan,nan,nan,nan,nan,nan,nan,nan,nan,nan,nan,nan,nan,0.407368,0.386364,nan,nan,0.483036
nan,nan,nan,nan,nan,nan,nan,nan,nan,nan,nan,nan,nan,0.425000,0.326331,nan,nan,0.491071
nan,nan,nan,nan,nan,nan,nan,nan,nan,nan,nan,nan,nan,0.400439,0.454545,nan,nan,0.464318
nan,nan,nan,nan,nan,nan,nan,nan,nan,nan,nan,nan,nan,0.425000,0.376299,nan,nan,0.242917
nan,nan,nan,nan,nan,nan,nan,nan,nan,nan,nan,nan,nan,0.430000,0.451948,nan,nan,0.286612
nan,nan,nan,nan,nan,nan,nan,nan,nan,nan,nan,nan,nan,0.375000,0.436364,nan,nan,0.450893
nan,nan,nan,nan,nan,nan,nan,nan,nan,nan,nan,nan,nan,0.475000,0.415909,nan,nan,0.491071
nan,nan,nan,nan,nan,nan,nan,nan,nan,nan,nan,nan,nan,0.338596,0.477273,nan,nan,0.483036
nan,nan,nan,nan,nan,nan,nan,nan,nan,nan,nan,nan,nan,0.475000,0.431818,nan,nan,0.467256
nan,nan,nan,nan,nan,nan,nan,nan,nan,nan,nan,nan,nan,0.452500,0.393182,nan,nan,0.424107
nan,nan,nan,nan,nan,nan,nan,nan,nan,nan,nan,nan,nan,0.450000,0.477273,nan,nan,0.474107
nan,nan,nan,nan,nan,nan,nan,nan,nan,nan,nan,nan,nan,0.400000,0.375000,nan,nan,0.275097
nan,nan,nan,nan,nan,nan,nan,nan,nan,nan,nan,nan,nan,0.450000,0.431818,nan,nan,0.436575
nan,nan,nan,nan,nan,nan,nan,nan,nan,nan,nan,nan,nan,0.450000,0.477273,nan,nan,0.433929
nan,nan,nan,nan,nan,nan,nan,nan,nan,nan,nan,nan,nan,0.450000,0.376299,nan,nan,0.450877
nan,nan,nan,nan,nan,nan,nan,nan,nan,nan,nan,nan,nan,0.375000,0.454545,nan,nan,0.456250
nan,nan,nan,nan,nan,nan,nan,nan,nan,nan,nan,nan,nan,0.425000,0.229152,nan,nan,0.287167
nan,nan,nan,nan,nan,nan,nan,nan,nan,nan,nan,nan,nan,0.475000,0.415584,nan,nan,0.362922
nan,nan,nan,nan,nan,nan,nan,nan,nan,nan,nan,nan,nan,0.402500,0.413636,nan,nan,0.491071
nan,nan,nan,nan,nan,nan,nan,nan,nan,nan,nan,nan,nan,0.475000,0.454545,nan,nan,0.366396
nan,nan,nan,nan,nan,nan,nan,nan,nan,nan,nan,nan,nan,0.512500,0.390909,nan,nan,0.379904
nan,nan,nan,nan,nan,nan,nan,nan,nan,nan,nan,nan,nan,0.475000,0.454545,nan,nan,0.413961
nan,nan,nan,nan,nan,nan,nan,nan,nan,nan,nan,nan,nan,0.402632,0.454545,nan,nan,0.378118
nan,nan,nan,nan,nan,nan,nan,nan,nan,nan,nan,nan,nan,0.362368,0.409091,nan,nan,0.466964
nan,nan,nan,nan,nan,nan,nan,nan,nan,nan,nan,nan,nan,0.407368,0.431818,nan,nan,0.465179
nan,nan,nan,nan,nan,nan,nan,nan,nan,nan,nan,nan,nan,0.407368,0.477273,nan,nan,0.483036
nan,nan,nan,nan,nan,nan,nan,nan,nan,nan,nan,nan,nan,0.475000,0.425000,nan,nan,0.386282
nan,nan,nan,nan,nan,nan,nan,nan,nan,nan,nan,nan,nan,0.450000,0.395455,nan,nan,0.450000
nan,nan,nan,nan,nan,nan,nan,nan,nan,nan,nan,nan,nan,0.367105,0.395455,nan,nan,0.328101
nan,nan,nan,nan,nan,nan,nan,nan,nan,nan,nan,nan,nan,0.450000,0.393182,nan,nan,0.491071
nan,nan,nan,nan,nan,nan,nan,nan,nan,nan,nan,nan,nan,0.452500,0.454545,nan,nan,0.147536
nan,nan,nan,nan,nan,nan,nan,nan,nan,nan,nan,nan,nan,0.425000,0.525000,nan,nan,0.230761
nan,nan,nan,nan,nan,nan,nan,nan,nan,nan,nan,nan,nan,0.450000,0.376299,nan,nan,0.407062
nan,nan,nan,nan,nan,nan,nan,nan,nan,nan,nan,nan,nan,0.400000,0.441039,nan,nan,0.432143
nan,nan,nan,nan,nan,nan,nan,nan,nan,nan,nan,nan,nan,0.407368,0.454545,nan,nan,0.466964
nan,nan,nan,nan,nan,nan,nan,nan,nan,nan,nan,nan,nan,0.407368,0.456818,nan,nan,0.465179
nan,nan,nan,nan,nan,nan,nan,nan,nan,nan,nan,nan,nan,0.475000,0.477273,nan,nan,0.405276
nan,nan,nan,nan,nan,nan,nan,nan,nan,nan,nan,nan,nan,0.450000,0.431818,nan,nan,0.363198
nan,nan,nan,nan,nan,nan,nan,nan,nan,nan,nan,nan,nan,0.450000,0.436364,nan,nan,0.327208
nan,nan,nan,nan,nan,nan,nan,nan,nan,nan,nan,nan,nan,0.425000,0.375000,nan,nan,0.429399
nan,nan,nan,nan,nan,nan,nan,nan,nan,nan,nan,nan,nan,0.475000,0.363636,nan,nan,0.329886
nan,nan,nan,nan,nan,nan,nan,nan,nan,nan,nan,nan,nan,0.475000,0.431818,nan,nan,0.364091
nan,nan,nan,nan,nan,nan,nan,nan,nan,nan,nan,nan,nan,0.407368,0.393182,nan,nan,0.456250
nan,nan,nan,nan,nan,nan,nan,nan,nan,nan,nan,nan,nan,0.407368,0.454545,nan,nan,0.366396
nan,nan,nan,nan,nan,nan,nan,nan,nan,nan,nan,nan,nan,0.450000,0.477273,nan,nan,0.451769
nan,nan,nan,nan,nan,nan,nan,nan,nan,nan,nan,nan,nan,0.400000,0.454545,nan,nan,0.473214
nan,nan,nan,nan,nan,nan,nan,nan,nan,nan,nan,nan,nan,0.405000,0.409091,nan,nan,0.483036
nan,nan,nan,nan,nan,nan,nan,nan,nan,nan,nan,nan,nan,0.407368,0.454545,nan,nan,0.486286
nan,nan,nan,nan,nan,nan,nan,nan,nan,nan,nan,nan,nan,0.430000,0.376299,nan,nan,0.406169
nan,nan,nan,nan,nan,nan,nan,nan,nan,nan,nan,nan,nan,0.475000,0.395455,nan,nan,0.435682
nan,nan,nan,nan,nan,nan,nan,nan,nan,nan,nan,nan,nan,0.304211,0.338961,nan,nan,0.449091
nan,nan,nan,nan,nan,nan,nan,nan,nan,nan,nan,nan,nan,0.450000,0.303571,nan,nan,0.436575
nan,nan,nan,nan,nan,nan,nan,nan,nan,nan,nan,nan,nan,0.425000,0.363636,nan,nan,0.350649
nan,nan,nan,nan,nan,nan,nan,nan,nan,nan,nan,nan,nan,0.450000,0.431818,nan,nan,0.451769
nan,nan,nan,nan,nan,nan,nan,nan,nan,nan,nan,nan,nan,0.475000,0.415909,nan,nan,0.433036
nan,nan,nan,nan,nan,nan,nan,nan,nan,nan,nan,nan,nan,0.711579,0.310390,nan,nan,0.465471
nan,nan,nan,nan,nan,nan,nan,nan,nan,nan,nan,nan,nan,0.425000,0.415909,nan,nan,0.500071
nan,nan,nan,nan,nan,nan,nan,nan,nan,nan,nan,nan,nan,0.475000,0.326331,nan,nan,0.420779
nan,nan,nan,nan,nan,nan,nan,nan,nan,nan,nan,nan,nan,0.475000,0.431818,nan,nan,0.491071
nan,nan,nan,nan,nan,nan,nan,nan,nan,nan,nan,nan,nan,0.430000,0.250000,nan,nan,0.425032
nan,nan,nan,nan,nan,nan,nan,nan,nan,nan,nan,nan,nan,0.364605,0.370130,nan,nan,0.450877
nan,nan,nan,nan,nan,nan,nan,nan,nan,nan,nan,nan,nan,0.475000,0.454545,nan,nan,0.302640
nan,nan,nan,nan,nan,nan,nan,nan,nan,nan,nan,nan,nan,0.407368,0.375000,nan,nan,0.432208
nan,nan,nan,nan,nan,nan,nan,nan,nan,nan,nan,nan,nan,0.320000,0.477273,nan,nan,0.433896
nan,nan,nan,nan,nan,nan,nan,nan,nan,nan,nan,nan,nan,0.425000,0.490909,nan,nan,0.279464
nan,nan,nan,nan,nan,nan,nan,nan,nan,nan,nan,nan,nan,0.450000,0.436364,nan,nan,0.442857
nan,nan,nan,nan,nan,nan,nan,nan,nan,nan,nan,nan,nan,0.450000,0.456818,nan,nan,0.491071
nan,nan,nan,nan,nan,nan,nan,nan,nan,nan,nan,nan,nan,0.515000,0.870455,nan,nan,0.491071
nan,nan,nan,nan,nan,nan,nan,nan,nan,nan,nan,nan,nan,0.375000,0.395455,nan,nan,0.464286
nan,nan,nan,nan,nan,nan,nan,nan,nan,nan,nan,nan,nan,0.450000,0.431818,nan,nan,0.387175
nan,nan,nan,nan,nan,nan,nan,nan,nan,nan,nan,nan,nan,0.475000,0.454545,nan,nan,0.242985
nan,nan,nan,nan,nan,nan,nan,nan,nan,nan,nan,nan,nan,0.407368,0.477273,nan,nan,0.491071
nan,nan,nan,nan,nan,nan,nan,nan,nan,nan,nan,nan,nan,0.475000,0.185048,nan,nan,0.347305
nan,nan,nan,nan,nan,nan,nan,nan,nan,nan,nan,nan,nan,0.475000,0.376299,nan,nan,0.385390
nan,nan,nan,nan,nan,nan,nan,nan,nan,nan,nan,nan,nan,0.425000,0.454545,nan,nan,0.510393
nan,nan,nan,nan,nan,nan,nan,nan,nan,nan,nan,nan,nan,0.425000,0.431818,nan,nan,0.228923
nan,nan,nan,nan,nan,nan,nan,nan,nan,nan,nan,nan,nan,0.475000,0.415909,nan,nan,0.458929
nan,nan,nan,nan,nan,nan,nan,nan,nan,nan,nan,nan,nan,0.362368,0.436364,nan,nan,0.483036
nan,nan,nan,nan,nan,nan,nan,nan,nan,nan,nan,nan,nan,0.310921,0.415584,nan,nan,0.287505
nan,nan,nan,nan,nan,nan,nan,nan,nan,nan,nan,nan,nan,0.407368,0.363636,nan,nan,0.324643
nan,nan,nan,nan,nan,nan,nan,nan,nan,nan,nan,nan,nan,0.450000,0.454545,nan,nan,0.474107
nan,nan,nan,nan,nan,nan,nan,nan,nan,nan,nan,nan,nan,0.450000,0.343506,nan,nan,0.328101
nan,nan,nan,nan,nan,nan,nan,nan,nan,nan,nan,nan,nan,0.385000,0.525000,nan,nan,0.466964
nan,nan,nan,nan,nan,nan,nan,nan,nan,nan,nan,nan,nan,0.475000,0.477273,nan,nan,0.491071
nan,nan,nan,nan,nan,nan,nan,nan,nan,nan,nan,nan,nan,0.407500,0.303571,nan,nan,0.312078
nan,nan,nan,nan,nan,nan,nan,nan,nan,nan,nan,nan,nan,0.425000,0.338961,nan,nan,0.482143
nan,nan,nan,nan,nan,nan,nan,nan,nan,nan,nan,nan,nan,0.425000,0.374242,nan,nan,0.376250
nan,nan,nan,nan,nan,nan,nan,nan,nan,nan,nan,nan,nan,0.427500,0.375000,nan,nan,0.392744
nan,nan,nan,nan,nan,nan,nan,nan,nan,nan,nan,nan,nan,0.450000,0.477273,nan,nan,0.466964
nan,nan,nan,nan,nan,nan,nan,nan,nan,nan,nan,nan,nan,0.167632,0.395455,nan,nan,0.431218
nan,nan,nan,nan,nan,nan,nan,nan,nan,nan,nan,nan,nan,0.475000,0.436364,nan,nan,0.433929
nan,nan,nan,nan,nan,nan,nan,nan,nan,nan,nan,nan,nan,0.256842,0.436364,nan,nan,0.473214
nan,nan,nan,nan,nan,nan,nan,nan,nan,nan,nan,nan,nan,0.452500,0.477273,nan,nan,0.475000
nan,nan,nan,nan,nan,nan,nan,nan,nan,nan,nan,nan,nan,0.850000,0.303571,nan,nan,0.482143
nan,nan,nan,nan,nan,nan,nan,nan,nan,nan,nan,nan,nan,0.407500,0.454545,nan,nan,0.350649
nan,nan,nan,nan,nan,nan,nan,nan,nan,nan,nan,nan,nan,0.362500,0.454545,nan,nan,0.353496
nan,nan,nan,nan,nan,nan,nan,nan,nan,nan,nan,nan,nan,0.450000,0.415909,nan,nan,0.416071
nan,nan,nan,nan,nan,nan,nan,nan,nan,nan,nan,nan,nan,0.324474,0.888636,nan,nan,0.475000
nan,nan,nan,nan,nan,nan,nan,nan,nan,nan,nan,nan,nan,0.402632,0.415584,nan,nan,0.436575
nan,nan,nan,nan,nan,nan,nan,nan,nan,nan,nan,nan,nan,0.450000,0.409091,nan,nan,0.311445
nan,nan,nan,nan,nan,nan,nan,nan,nan,nan,nan,nan,nan,0.475000,0.454545,nan,nan,0.448214
nan,nan,nan,nan,nan,nan,nan,nan,nan,nan,nan,nan,nan,0.475000,0.454545,nan,nan,0.393750
nan,nan,nan,nan,nan,nan,nan,nan,nan,nan,nan,nan,nan,0.364605,0.415909,nan,nan,0.482143
nan,nan,nan,nan,nan,nan,nan,nan,nan,nan,nan,nan,nan,0.425000,0.456818,nan,nan,0.319787
nan,nan,nan,nan,nan,nan,nan,nan,nan,nan,nan,nan,nan,0.467500,0.456494,nan,nan,0.228923
nan,nan,nan,nan,nan,nan,nan,nan,nan,nan,nan,nan,nan,0.450000,0.415584,nan,nan,0.482143
nan,nan,nan,nan,nan,nan,nan,nan,nan,nan,nan,nan,nan,0.450000,0.456818,nan,nan,0.267638
nan,nan,nan,nan,nan,nan,nan,nan,nan,nan,nan,nan,nan,0.629386,0.370455,nan,nan,0.384529
nan,nan,nan,nan,nan,nan,nan,nan,nan,nan,nan,nan,nan,0.475000,0.293182,nan,nan,0.326901
nan,nan,nan,nan,nan,nan,nan,nan,nan,nan,nan,nan,nan,0.475000,0.436364,nan,nan,0.475000
nan,nan,nan,nan,nan,nan,nan,nan,nan,nan,nan,nan,nan,0.450000,0.481818,nan,nan,0.436575
nan,nan,nan,nan,nan,nan,nan,nan,nan,nan,nan,nan,nan,0.450000,0.270130,nan,nan,0.355282
nan,nan,nan,nan,nan,nan,nan,nan,nan,nan,nan,nan,nan,0.475000,0.431818,nan,nan,0.483036
nan,nan,nan,nan,nan,nan,nan,nan,nan,nan,nan,nan,nan,0.357895,0.338961,nan,nan,0.464610
nan,nan,nan,nan,nan,nan,nan,nan,nan,nan,nan,nan,nan,0.430000,0.827273,nan,nan,0.384529
nan,nan,nan,nan,nan,nan,nan,nan,nan,nan,nan,nan,nan,0.475000,0.468214,nan,nan,0.524107
nan,nan,nan,nan,nan,nan,nan,nan,nan,nan,nan,nan,nan,0.402500,0.395455,nan,nan,0.483036
nan,nan,nan,nan,nan,nan,nan,nan,nan,nan,nan,nan,nan,0.450000,0.827273,nan,nan,0.350649
nan,nan,nan,nan,nan,nan,nan,nan,nan,nan,nan,nan,nan,0.450000,0.477273,nan,nan,0.235471
nan,nan,nan,nan,nan,nan,nan,nan,nan,nan,nan,nan,nan,0.425000,0.354545,nan,nan,0.425032
nan,nan,nan,nan,nan,nan,nan,nan,nan,nan,nan,nan,nan,0.407500,0.354545,nan,nan,0.425893
nan,nan,nan,nan,nan,nan,nan,nan,nan,nan,nan,nan,nan,0.475000,0.431818,nan,nan,0.366396
nan,nan,nan,nan,nan,nan,nan,nan,nan,nan,nan,nan,nan,0.407368,0.279351,nan,nan,0.420779
nan,nan,nan,nan,nan,nan,nan,nan,nan,nan,nan,nan,nan,0.475000,0.409091,nan,nan,0.432175
nan,nan,nan,nan,nan,nan,nan,nan,nan,nan,nan,nan,nan,0.450000,0.415584,nan,nan,0.458036
nan,nan,nan,nan,nan,nan,nan,nan,nan,nan,nan,nan,nan,0.450000,0.409091,nan,nan,0.271105
nan,nan,nan,nan,nan,nan,nan,nan,nan,nan,nan,nan,nan,0.430000,0.454545,nan,nan,0.410714
nan,nan,nan,nan,nan,nan,nan,nan,nan,nan,nan,nan,nan,0.407500,0.477273,nan,nan,0.347305
nan,nan,nan,nan,nan,nan,nan,nan,nan,nan,nan,nan,nan,0.475000,0.415584,nan,nan,0.457143
nan,nan,nan,nan,nan,nan,nan,nan,nan,nan,nan,nan,nan,0.407368,0.363636,nan,nan,0.364610
nan,nan,nan,nan,nan,nan,nan,nan,nan,nan,nan,nan,nan,0.375000,0.222727,nan,nan,0.331268
nan,nan,nan,nan,nan,nan,nan,nan,nan,nan,nan,nan,nan,0.450000,0.870455,nan,nan,0.407873
nan,nan,nan,nan,nan,nan,nan,nan,nan,nan,nan,nan,nan,0.782895,0.386364,nan,nan,0.466071
nan,nan,nan,nan,nan,nan,nan,nan,nan,nan,nan,nan,nan,0.364605,0.326331,nan,nan,0.363718
nan,nan,nan,nan,nan,nan,nan,nan,nan,nan,nan,nan,nan,0.450000,0.395455,nan,nan,0.491071
nan,nan,nan,nan,nan,nan,nan,nan,nan,nan,nan,nan,nan,0.430000,0.350000,nan,nan,0.451769
nan,nan,nan,nan,nan,nan,nan,nan,nan,nan,nan,nan,nan,0.450000,0.363636,nan,nan,0.494878
nan,nan,nan,nan,nan,nan,nan,nan,nan,nan,nan,nan,nan,0.475000,0.376299,nan,nan,0.379904
nan,nan,nan,nan,nan,nan,nan,nan,nan,nan,nan,nan,nan,0.452500,0.386364,nan,nan,0.379904
nan,nan,nan,nan,nan,nan,nan,nan,nan,nan,nan,nan,nan,0.475000,0.436364,nan,nan,0.483036
nan,nan,nan,nan,nan,nan,nan,nan,nan,nan,nan,nan,nan,0.425000,0.431818,nan,nan,0.425893
nan,nan,nan,nan,nan,nan,nan,nan,nan,nan,nan,nan,nan,0.324211,0.477273,nan,nan,0.347305
nan,nan,nan,nan,nan,nan,nan,nan,nan,nan,nan,nan,nan,0.364605,0.477273,nan,nan,0.432175
nan,nan,nan,nan,nan,nan,nan,nan,nan,nan,nan,nan,nan,0.475000,0.376299,nan,nan,0.434821
nan,nan,nan,nan,nan,nan,nan,nan,nan,nan,nan,nan,nan,0.450000,0.415584,nan,nan,0.474107
nan,nan,nan,nan,nan,nan,nan,nan,nan,nan,nan,nan,nan,0.405000,0.370455,nan,nan,0.407873
nan,nan,nan,nan,nan,nan,nan,nan,nan,nan,nan,nan,nan,0.375000,0.374242,nan,nan,0.482143
nan,nan,nan,nan,nan,nan,nan,nan,nan,nan,nan,nan,nan,0.400000,0.415909,nan,nan,0.458036
nan,nan,nan,nan,nan,nan,nan,nan,nan,nan,nan,nan,nan,0.427500,0.454545,nan,nan,0.474107
nan,nan,nan,nan,nan,nan,nan,nan,nan,nan,nan,nan,nan,0.452500,0.218398,nan,nan,0.402516
nan,nan,nan,nan,nan,nan,nan,nan,nan,nan,nan,nan,nan,0.407500,0.376299,nan,nan,0.366396
nan,nan,nan,nan,nan,nan,nan,nan,nan,nan,nan,nan,nan,0.425000,0.436364,nan,nan,0.420779
nan,nan,nan,nan,nan,nan,nan,nan,nan,nan,nan,nan,nan,0.425000,0.431818,nan,nan,0.475000
nan,nan,nan,nan,nan,nan,nan,nan,nan,nan,nan,nan,nan,0.475000,0.409091,nan,nan,0.446526
nan,nan,nan,nan,nan,nan,nan,nan,nan,nan,nan,nan,nan,0.402500,0.390909,nan,nan,0.353496
nan,nan,nan,nan,nan,nan,nan,nan,nan,nan,nan,nan,nan,0.950000,0.343506,nan,nan,0.475000
nan,nan,nan,nan,nan,nan,nan,nan,nan,nan,nan,nan,nan,0.357500,0.303571,nan,nan,0.376932
nan,nan,nan,nan,nan,nan,nan,nan,nan,nan,nan,nan,nan,0.475000,0.431818,nan,nan,0.436575
nan,nan,nan,nan,nan,nan,nan,nan,nan,nan,nan,nan,nan,0.452500,0.415909,nan,nan,0.247254
nan,nan,nan,nan,nan,nan,nan,nan,nan,nan,nan,nan,nan,0.475000,0.454545,nan,nan,0.228923
nan,nan,nan,nan,nan,nan,nan,nan,nan,nan,nan,nan,nan,0.490000,0.431818,nan,nan,0.475000
nan,nan,nan,nan,nan,nan,nan,nan,nan,nan,nan,nan,nan,0.975000,0.477273,nan,nan,0.434789
nan,nan,nan,nan,nan,nan,nan,nan,nan,nan,nan,nan,nan,0.430000,0.477273,nan,nan,0.404302
nan,nan,nan,nan,nan,nan,nan,nan,nan,nan,nan,nan,nan,0.450000,0.477273,nan,nan,0.429775
nan,nan,nan,nan,nan,nan,nan,nan,nan,nan,nan,nan,nan,0.475000,0.431818,nan,nan,0.398312
nan,nan,nan,nan,nan,nan,nan,nan,nan,nan,nan,nan,nan,0.364605,0.454545,nan,nan,0.387175
nan,nan,nan,nan,nan,nan,nan,nan,nan,nan,nan,nan,nan,0.400000,0.413636,nan,nan,0.475000
nan,nan,nan,nan,nan,nan,nan,nan,nan,nan,nan,nan,nan,0.430000,0.454545,nan,nan,0.475000
nan,nan,nan,nan,nan,nan,nan,nan,nan,nan,nan,nan,nan,0.475000,0.376299,nan,nan,0.433896
nan,nan,nan,nan,nan,nan,nan,nan,nan,nan,nan,nan,nan,0.360000,0.386364,nan,nan,0.474107
nan,nan,nan,nan,nan,nan,nan,nan,nan,nan,nan,nan,nan,0.450000,0.376299,nan,nan,0.386282
nan,nan,nan,nan,nan,nan,nan,nan,nan,nan,nan,nan,nan,0.475000,0.338961,nan,nan,0.457143
nan,nan,nan,nan,nan,nan,nan,nan,nan,nan,nan,nan,nan,0.402500,0.241883,nan,nan,0.475000
nan,nan,nan,nan,nan,nan,nan,nan,nan,nan,nan,nan,nan,0.475000,0.363636,nan,nan,0.447321
nan,nan,nan,nan,nan,nan,nan,nan,nan,nan,nan,nan,nan,0.450000,0.363636,nan,nan,0.451769
nan,nan,nan,nan,nan,nan,nan,nan,nan,nan,nan,nan,nan,0.450000,0.409091,nan,nan,0.441964
nan,nan,nan,nan,nan,nan,nan,nan,nan,nan,nan,nan,nan,0.475000,0.431818,nan,nan,0.405227
nan,nan,nan,nan,nan,nan,nan,nan,nan,nan,nan,nan,nan,0.450000,0.477273,nan,nan,0.363198
nan,nan,nan,nan,nan,nan,nan,nan,nan,nan,nan,nan,nan,0.320000,0.372727,nan,nan,0.390958
nan,nan,nan,nan,nan,nan,nan,nan,nan,nan,nan,nan,nan,0.430000,0.415584,nan,nan,0.482143
nan,nan,nan,nan,nan,nan,nan,nan,nan,nan,nan,nan,nan,0.375000,0.477273,nan,nan,0.343831
nan,nan,nan,nan,nan,nan,nan,nan,nan,nan,nan,nan,nan,0.475000,0.393182,nan,nan,0.449984
nan,nan,nan,nan,nan,nan,nan,nan,nan,nan,nan,nan,nan,0.475000,0.454545,nan,nan,0.456250
nan,nan,nan,nan,nan,nan,nan,nan,nan,nan,nan,nan,nan,0.425000,0.477273,nan,nan,0.426721
nan,nan,nan,nan,nan,nan,nan,nan,nan,nan,nan,nan,nan,0.400000,0.271558,nan,nan,0.228923
nan,nan,nan,nan,nan,nan,nan,nan,nan,nan,nan,nan,nan,0.425000,0.395455,nan,nan,0.227169
nan,nan,nan,nan,nan,nan,nan,nan,nan,nan,nan,nan,nan,0.475000,0.977273,nan,nan,0.446526
nan,nan,nan,nan,nan,nan,nan,nan,nan,nan,nan,nan,nan,0.310921,0.392857,nan,nan,0.403409
nan,nan,nan,nan,nan,nan,nan,nan,nan,nan,nan,nan,nan,0.475000,0.386364,nan,nan,0.388377
nan,nan,nan,nan,nan,nan,nan,nan,nan,nan,nan,nan,nan,0.385000,0.303571,nan,nan,0.458036
nan,nan,nan,nan,nan,nan,nan,nan,nan,nan,nan,nan,nan,0.450000,0.477273,nan,nan,0.425828
nan,nan,nan,nan,nan,nan,nan,nan,nan,nan,nan,nan,nan,0.475000,0.343506,nan,nan,0.458929
nan,nan,nan,nan,nan,nan,nan,nan,nan,nan,nan,nan,nan,0.425000,0.376299,nan,nan,0.531151
nan,nan,nan,nan,nan,nan,nan,nan,nan,nan,nan,nan,nan,0.475000,0.468214,nan,nan,0.491071
nan,nan,nan,nan,nan,nan,nan,nan,nan,nan,nan,nan,nan,0.425000,0.454545,nan,nan,0.466964
nan,nan,nan,nan,nan,nan,nan,nan,nan,nan,nan,nan,nan,0.450000,0.454545,nan,nan,0.419886
nan,nan,nan,nan,nan,nan,nan,nan,nan,nan,nan,nan,nan,0.407500,0.500000,nan,nan,0.491071
nan,nan,nan,nan,nan,nan,nan,nan,nan,nan,nan,nan,nan,0.475000,0.477273,nan,nan,0.474107
nan,nan,nan,nan,nan,nan,nan,nan,nan,nan,nan,nan,nan,0.450000,0.668189,nan,nan,0.458036
nan,nan,nan,nan,nan,nan,nan,nan,nan,nan,nan,nan,nan,0.400000,0.454545,nan,nan,0.467256
nan,nan,nan,nan,nan,nan,nan,nan,nan,nan,nan,nan,nan,0.427500,0.376299,nan,nan,0.536607
nan,nan,nan,nan,nan,nan,nan,nan,nan,nan,nan,nan,nan,0.425000,0.431818,nan,nan,0.482143
nan,nan,nan,nan,nan,nan,nan,nan,nan,nan,nan,nan,nan,0.450000,0.415909,nan,nan,0.466964
nan,nan,nan,nan,nan,nan,nan,nan,nan,nan,nan,nan,nan,0.467500,0.431818,nan,nan,0.406981
nan,nan,nan,nan,nan,nan,nan,nan,nan,nan,nan,nan,nan,0.450000,0.431818,nan,nan,0.296065
nan,nan,nan,nan,nan,nan,nan,nan,nan,nan,nan,nan,nan,0.425000,0.376299,nan,nan,0.347305
nan,nan,nan,nan,nan,nan,nan,nan,nan,nan,nan,nan,nan,0.450000,0.431818,nan,nan,0.483036
nan,nan,nan,nan,nan,nan,nan,nan,nan,nan,nan,nan,nan,0.450000,0.431818,nan,nan,0.374351
nan,nan,nan,nan,nan,nan,nan,nan,nan,nan,nan,nan,nan,0.364605,0.454545,nan,nan,0.451769
nan,nan,nan,nan,nan,nan,nan,nan,nan,nan,nan,nan,nan,0.425000,0.219269,nan,nan,0.467256
nan,nan,nan,nan,nan,nan,nan,nan,nan,nan,nan,nan,nan,0.427500,0.431818,nan,nan,0.466364
nan,nan,nan,nan,nan,nan,nan,nan,nan,nan,nan,nan,nan,0.353421,0.454545,nan,nan,0.531250
nan,nan,nan,nan,nan,nan,nan,nan,nan,nan,nan,nan,nan,0.375000,0.413636,nan,nan,0.323750
nan,nan,nan,nan,nan,nan,nan,nan,nan,nan,nan,nan,nan,0.450000,0.870455,nan,nan,0.434789
nan,nan,nan,nan,nan,nan,nan,nan,nan,nan,nan,nan,nan,0.407368,0.477273,nan,nan,0.442857
nan,nan,nan,nan,nan,nan,nan,nan,nan,nan,nan,nan,nan,0.475000,0.378571,nan,nan,0.435682
nan,nan,nan,nan,nan,nan,nan,nan,nan,nan,nan,nan,nan,0.450000,0.409091,nan,nan,0.491071
nan,nan,nan,nan,nan,nan,nan,nan,nan,nan,nan,nan,nan,0.475000,0.409091,nan,nan,0.246394
nan,nan,nan,nan,nan,nan,nan,nan,nan,nan,nan,nan,nan,0.450000,0.431818,nan,nan,0.289481
nan,nan,nan,nan,nan,nan,nan,nan,nan,nan,nan,nan,nan,0.475000,0.409091,nan,nan,0.483036
nan,nan,nan,nan,nan,nan,nan,nan,nan,nan,nan,nan,nan,0.450000,0.411364,nan,nan,0.433003
nan,nan,nan,nan,nan,nan,nan,nan,nan,nan,nan,nan,nan,0.430000,0.413636,nan,nan,0.475000
nan,nan,nan,nan,nan,nan,nan,nan,nan,nan,nan,nan,nan,0.452500,0.431818,nan,nan,0.467256
nan,nan,nan,nan,nan,nan,nan,nan,nan,nan,nan,nan,nan,0.450000,0.415584,nan,nan,0.276786
nan,nan,nan,nan,nan,nan,nan,nan,nan,nan,nan,nan,nan,0.407368,0.477273,nan,nan,0.440179
nan,nan,nan,nan,nan,nan,nan,nan,nan,nan,nan,nan,nan,0.382500,0.431818,nan,nan,0.432143
nan,nan,nan,nan,nan,nan,nan,nan,nan,nan,nan,nan,nan,0.475000,0.370455,nan,nan,0.272858
nan,nan,nan,nan,nan,nan,nan,nan,nan,nan,nan,nan,nan,0.425000,0.477273,nan,nan,0.466964
nan,nan,nan,nan,nan,nan,nan,nan,nan,nan,nan,nan,nan,0.430000,0.454545,nan,nan,0.377825
nan,nan,nan,nan,nan,nan,nan,nan,nan,nan,nan,nan,nan,0.450000,0.823018,nan,nan,0.514054
nan,nan,nan,nan,nan,nan,nan,nan,nan,nan,nan,nan,nan,0.382500,0.931818,nan,nan,0.354389
nan,nan,nan,nan,nan,nan,nan,nan,nan,nan,nan,nan,nan,0.450000,0.454545,nan,nan,0.436575
nan,nan,nan,nan,nan,nan,nan,nan,nan,nan,nan,nan,nan,0.452500,0.436364,nan,nan,0.360617
nan,nan,nan,nan,nan,nan,nan,nan,nan,nan,nan,nan,nan,0.364605,0.477273,nan,nan,0.266745
nan,nan,nan,nan,nan,nan,nan,nan,nan,nan,nan,nan,nan,0.452500,0.415909,nan,nan,0.436575
nan,nan,nan,nan,nan,nan,nan,nan,nan,nan,nan,nan,nan,0.450000,0.415584,nan,nan,0.297818
nan,nan,nan,nan,nan,nan,nan,nan,nan,nan,nan,nan,nan,0.475000,0.338961,nan,nan,0.406169
nan,nan,nan,nan,nan,nan,nan,nan,nan,nan,nan,nan,nan,0.450000,0.409091,nan,nan,0.483036
nan,nan,nan,nan,nan,nan,nan,nan,nan,nan,nan,nan,nan,0.450000,0.431818,nan,nan,0.348864
nan,nan,nan,nan,nan,nan,nan,nan,nan,nan,nan,nan,nan,0.450000,0.477273,nan,nan,0.483036
nan,nan,nan,nan,nan,nan,nan,nan,nan,nan,nan,nan,nan,0.407368,0.431818,nan,nan,0.489963
nan,nan,nan,nan,nan,nan,nan,nan,nan,nan,nan,nan,nan,0.475000,0.340909,nan,nan,0.483036
nan,nan,nan,nan,nan,nan,nan,nan,nan,nan,nan,nan,nan,0.475000,0.454545,nan,nan,0.483036
nan,nan,nan,nan,nan,nan,nan,nan,nan,nan,nan,nan,nan,0.425000,0.477273,nan,nan,0.324643
nan,nan,nan,nan,nan,nan,nan,nan,nan,nan,nan,nan,nan,0.329211,0.376299,nan,nan,0.223760
nan,nan,nan,nan,nan,nan,nan,nan,nan,nan,nan,nan,nan,0.762500,0.454545,nan,nan,0.417305
nan,nan,nan,nan,nan,nan,nan,nan,nan,nan,nan,nan,nan,0.475000,0.863636,nan,nan,0.399838
nan,nan,nan,nan,nan,nan,nan,nan,nan,nan,nan,nan,nan,0.475000,0.411364,nan,nan,0.430455
nan,nan,nan,nan,nan,nan,nan,nan,nan,nan,nan,nan,nan,0.400000,0.409091,nan,nan,0.364610
nan,nan,nan,nan,nan,nan,nan,nan,nan,nan,nan,nan,nan,0.367105,0.490909,nan,nan,0.483036
nan,nan,nan,nan,nan,nan,nan,nan,nan,nan,nan,nan,nan,0.475000,0.363636,nan,nan,0.415422
nan,nan,nan,nan,nan,nan,nan,nan,nan,nan,nan,nan,nan,0.407500,0.237338,nan,nan,0.385390
nan,nan,nan,nan,nan,nan,nan,nan,nan,nan,nan,nan,nan,0.475000,0.477273,nan,nan,0.451769
nan,nan,nan,nan,nan,nan,nan,nan,nan,nan,nan,nan,nan,0.364211,0.431818,nan,nan,0.406169
nan,nan,nan,nan,nan,nan,nan,nan,nan,nan,nan,nan,nan,0.475000,0.409091,nan,nan,0.309692
nan,nan,nan,nan,nan,nan,nan,nan,nan,nan,nan,nan,nan,0.407368,0.431818,nan,nan,0.534821
nan,nan,nan,nan,nan,nan,nan,nan,nan,nan,nan,nan,nan,0.475000,0.415584,nan,nan,0.449984
nan,nan,nan,nan,nan,nan,nan,nan,nan,nan,nan,nan,nan,0.407368,0.522727,nan,nan,0.312338
nan,nan,nan,nan,nan,nan,nan,nan,nan,nan,nan,nan,nan,0.475000,0.415584,nan,nan,0.310552
nan,nan,nan,nan,nan,nan,nan,nan,nan,nan,nan,nan,nan,0.324211,0.431818,nan,nan,0.367289
nan,nan,nan,nan,nan,nan,nan,nan,nan,nan,nan,nan,nan,0.430000,0.415584,nan,nan,0.483036
nan,nan,nan,nan,nan,nan,nan,nan,nan,nan,nan,nan,nan,0.402632,0.270130,nan,nan,0.249042
nan,nan,nan,nan,nan,nan,nan,nan,nan,nan,nan,nan,nan,0.475000,0.456818,nan,nan,0.355745
nan,nan,nan,nan,nan,nan,nan,nan,nan,nan,nan,nan,nan,0.450000,0.477273,nan,nan,0.491071
nan,nan,nan,nan,nan,nan,nan,nan,nan,nan,nan,nan,nan,0.362500,0.376299,nan,nan,0.451769
nan,nan,nan,nan,nan,nan,nan,nan,nan,nan,nan,nan,nan,0.430000,0.477273,nan,nan,0.475000
nan,nan,nan,nan,nan,nan,nan,nan,nan,nan,nan,nan,nan,0.450000,0.376299,nan,nan,0.474107
nan,nan,nan,nan,nan,nan,nan,nan,nan,nan,nan,nan,nan,0.452500,0.477273,nan,nan,0.466364
nan,nan,nan,nan,nan,nan,nan,nan,nan,nan,nan,nan,nan,0.407500,0.338961,nan,nan,0.325842
nan,nan,nan,nan,nan,nan,nan,nan,nan,nan,nan,nan,nan,0.430000,0.376299,nan,nan,0.343831
nan,nan,nan,nan,nan,nan,nan,nan,nan,nan,nan,nan,nan,0.721579,0.415584,nan,nan,0.457143
nan,nan,nan,nan,nan,nan,nan,nan,nan,nan,nan,nan,nan,0.475000,0.376299,nan,nan,0.483036
nan,nan,nan,nan,nan,nan,nan,nan,nan,nan,nan,nan,nan,0.450000,0.229152,nan,nan,0.440179
nan,nan,nan,nan,nan,nan,nan,nan,nan,nan,nan,nan,nan,0.310921,0.350000,nan,nan,0.460253
nan,nan,nan,nan,nan,nan,nan,nan,nan,nan,nan,nan,nan,0.475000,0.454545,nan,nan,0.449984
nan,nan,nan,nan,nan,nan,nan,nan,nan,nan,nan,nan,nan,0.450000,0.477273,nan,nan,0.377841
nan,nan,nan,nan,nan,nan,nan,nan,nan,nan,nan,nan,nan,0.425000,0.175849,nan,nan,0.351542
nan,nan,nan,nan,nan,nan,nan,nan,nan,nan,nan,nan,nan,0.411651,0.399351,nan,nan,0.450877
nan,nan,nan,nan,nan,nan,nan,nan,nan,nan,nan,nan,nan,0.450000,0.436364,nan,nan,0.401623
nan,nan,nan,nan,nan,nan,nan,nan,nan,nan,nan,nan,nan,0.324211,0.393182,nan,nan,0.483036
nan,nan,nan,nan,nan,nan,nan,nan,nan,nan,nan,nan,nan,0.364605,0.415584,nan,nan,0.327697
nan,nan,nan,nan,nan,nan,nan,nan,nan,nan,nan,nan,nan,0.510000,0.279351,nan,nan,0.450877
nan,nan,nan,nan,nan,nan,nan,nan,nan,nan,nan,nan,nan,0.430000,0.477273,nan,nan,0.491071
nan,nan,nan,nan,nan,nan,nan,nan,nan,nan,nan,nan,nan,0.905000,0.445455,nan,nan,0.466964
nan,nan,nan,nan,nan,nan,nan,nan,nan,nan,nan,nan,nan,0.402500,0.684740,nan,nan,0.330376
nan,nan,nan,nan,nan,nan,nan,nan,nan,nan,nan,nan,nan,0.407368,0.339177,nan,nan,0.474107
nan,nan,nan,nan,nan,nan,nan,nan,nan,nan,nan,nan,nan,0.490000,0.477273,nan,nan,0.415617
nan,nan,nan,nan,nan,nan,nan,nan,nan,nan,nan,nan,nan,0.450000,0.456818,nan,nan,0.441071
nan,nan,nan,nan,nan,nan,nan,nan,nan,nan,nan,nan,nan,0.407368,0.415584,nan,nan,0.419886
nan,nan,nan,nan,nan,nan,nan,nan,nan,nan,nan,nan,nan,0.324211,0.376299,nan,nan,0.328994
nan,nan,nan,nan,nan,nan,nan,nan,nan,nan,nan,nan,nan,0.261053,0.338961,nan,nan,0.303093
nan,nan,nan,nan,nan,nan,nan,nan,nan,nan,nan,nan,nan,0.475000,0.409091,nan,nan,0.523277
nan,nan,nan,nan,nan,nan,nan,nan,nan,nan,nan,nan,nan,0.452500,0.431818,nan,nan,0.425000
nan,nan,nan,nan,nan,nan,nan,nan,nan,nan,nan,nan,nan,0.310921,0.477273,nan,nan,0.458929
nan,nan,nan,nan,nan,nan,nan,nan,nan,nan,nan,nan,nan,0.427500,0.697727,nan,nan,0.433896
nan,nan,nan,nan,nan,nan,nan,nan,nan,nan,nan,nan,nan,0.475000,0.279351,nan,nan,0.471432
nan,nan,nan,nan,nan,nan,nan,nan,nan,nan,nan,nan,nan,0.475000,0.386364,nan,nan,0.467256
nan,nan,nan,nan,nan,nan,nan,nan,nan,nan,nan,nan,nan,0.425000,0.454545,nan,nan,0.421672
nan,nan,nan,nan,nan,nan,nan,nan,nan,nan,nan,nan,nan,0.475000,0.409091,nan,nan,0.450877
nan,nan,nan,nan,nan,nan,nan,nan,nan,nan,nan,nan,nan,0.475000,0.409091,nan,nan,0.425398
nan,nan,nan,nan,nan,nan,nan,nan,nan,nan,nan,nan,nan,0.407368,0.818182,nan,nan,0.483036
nan,nan,nan,nan,nan,nan,nan,nan,nan,nan,nan,nan,nan,0.425000,0.477273,nan,nan,0.433896
nan,nan,nan,nan,nan,nan,nan,nan,nan,nan,nan,nan,nan,0.425000,0.456818,nan,nan,0.483036
nan,nan,nan,nan,nan,nan,nan,nan,nan,nan,nan,nan,nan,0.364605,0.477273,nan,nan,0.464610
nan,nan,nan,nan,nan,nan,nan,nan,nan,nan,nan,nan,nan,0.452500,0.431818,nan,nan,0.441964
nan,nan,nan,nan,nan,nan,nan,nan,nan,nan,nan,nan,nan,0.405000,0.393820,nan,nan,0.475000
nan,nan,nan,nan,nan,nan,nan,nan,nan,nan,nan,nan,nan,0.452500,0.415909,nan,nan,0.432208
nan,nan,nan,nan,nan,nan,nan,nan,nan,nan,nan,nan,nan,0.450000,0.931818,nan,nan,0.195280
nan,nan,nan,nan,nan,nan,nan,nan,nan,nan,nan,nan,nan,0.721579,0.415584,nan,nan,0.520637
nan,nan,nan,nan,nan,nan,nan,nan,nan,nan,nan,nan,nan,0.324211,0.409091,nan,nan,0.403490
nan,nan,nan,nan,nan,nan,nan,nan,nan,nan,nan,nan,nan,0.475000,0.386364,nan,nan,0.475000
nan,nan,nan,nan,nan,nan,nan,nan,nan,nan,nan,nan,nan,0.427500,0.477273,nan,nan,0.458036
nan,nan,nan,nan,nan,nan,nan,nan,nan,nan,nan,nan,nan,0.430000,0.229152,nan,nan,0.466071
nan,nan,nan,nan,nan,nan,nan,nan,nan,nan,nan,nan,nan,0.475000,0.454545,nan,nan,0.420779
nan,nan,nan,nan,nan,nan,nan,nan,nan,nan,nan,nan,nan,0.430000,0.477273,nan,nan,0.355282
nan,nan,nan,nan,nan,nan,nan,nan,nan,nan,nan,nan,nan,0.364605,0.386364,nan,nan,0.456282
nan,nan,nan,nan,nan,nan,nan,nan,nan,nan,nan,nan,nan,0.452500,0.326331,nan,nan,0.353496
nan,nan,nan,nan,nan,nan,nan,nan,nan,nan,nan,nan,nan,0.475000,0.279221,nan,nan,0.421672
nan,nan,nan,nan,nan,nan,nan,nan,nan,nan,nan,nan,nan,0.357895,0.477273,nan,nan,0.474107
nan,nan,nan,nan,nan,nan,nan,nan,nan,nan,nan,nan,nan,0.450000,0.386364,nan,nan,0.483036
nan,nan,nan,nan,nan,nan,nan,nan,nan,nan,nan,nan,nan,0.310921,0.454545,nan,nan,0.348864
nan,nan,nan,nan,nan,nan,nan,nan,nan,nan,nan,nan,nan,0.450000,0.454545,nan,nan,0.483036
nan,nan,nan,nan,nan,nan,nan,nan,nan,nan,nan,nan,nan,0.475000,0.415909,nan,nan,0.377825
nan,nan,nan,nan,nan,nan,nan,nan,nan,nan,nan,nan,nan,0.425000,0.326331,nan,nan,0.474107
nan,nan,nan,nan,nan,nan,nan,nan,nan,nan,nan,nan,nan,0.450000,0.409091,nan,nan,0.523277
nan,nan,nan,nan,nan,nan,nan,nan,nan,nan,nan,nan,nan,0.425000,0.456818,nan,nan,0.451769
nan,nan,nan,nan,nan,nan,nan,nan,nan,nan,nan,nan,nan,0.452500,0.386364,nan,nan,0.448214
nan,nan,nan,nan,nan,nan,nan,nan,nan,nan,nan,nan,nan,0.450000,0.454545,nan,nan,0.466071
nan,nan,nan,nan,nan,nan,nan,nan,nan,nan,nan,nan,nan,0.400000,0.434091,nan,nan,0.448247
nan,nan,nan,nan,nan,nan,nan,nan,nan,nan,nan,nan,nan,0.475000,0.454545,nan,nan,0.337500
nan,nan,nan,nan,nan,nan,nan,nan,nan,nan,nan,nan,nan,0.475000,0.390909,nan,nan,0.466071
nan,nan,nan,nan,nan,nan,nan,nan,nan,nan,nan,nan,nan,0.475000,0.477273,nan,nan,0.422419
nan,nan,nan,nan,nan,nan,nan,nan,nan,nan,nan,nan,nan,0.450000,0.456818,nan,nan,0.466364
nan,nan,nan,nan,nan,nan,nan,nan,nan,nan,nan,nan,nan,0.364605,0.393182,nan,nan,0.475000
nan,nan,nan,nan,nan,nan,nan,nan,nan,nan,nan,nan,nan,0.425000,0.376299,nan,nan,0.317825
nan,nan,nan,nan,nan,nan,nan,nan,nan,nan,nan,nan,nan,0.362500,0.415584,nan,nan,0.508929
nan,nan,nan,nan,nan,nan,nan,nan,nan,nan,nan,nan,nan,0.400000,0.327273,nan,nan,0.483036
nan,nan,nan,nan,nan,nan,nan,nan,nan,nan,nan,nan,nan,0.425000,0.386364,nan,nan,0.387175
nan,nan,nan,nan,nan,nan,nan,nan,nan,nan,nan,nan,nan,0.400000,0.376299,nan,nan,0.394643
nan,nan,nan,nan,nan,nan,nan,nan,nan,nan,nan,nan,nan,0.450000,0.454545,nan,nan,0.433929
nan,nan,nan,nan,nan,nan,nan,nan,nan,nan,nan,nan,nan,0.450000,0.454545,nan,nan,0.482143
nan,nan,nan,nan,nan,nan,nan,nan,nan,nan,nan,nan,nan,0.882500,0.447403,nan,nan,0.414383
nan,nan,nan,nan,nan,nan,nan,nan,nan,nan,nan,nan,nan,0.475000,0.456818,nan,nan,0.467256
nan,nan,nan,nan,nan,nan,nan,nan,nan,nan,nan,nan,nan,0.402500,0.454545,nan,nan,0.266745
nan,nan,nan,nan,nan,nan,nan,nan,nan,nan,nan,nan,nan,0.427500,0.388636,nan,nan,0.384529
nan,nan,nan,nan,nan,nan,nan,nan,nan,nan,nan,nan,nan,0.450000,0.376299,nan,nan,0.425828
nan,nan,nan,nan,nan,nan,nan,nan,nan,nan,nan,nan,nan,0.402632,0.500000,nan,nan,0.352636
nan,nan,nan,nan,nan,nan,nan,nan,nan,nan,nan,nan,nan,0.475000,0.376299,nan,nan,0.458036
nan,nan,nan,nan,nan,nan,nan,nan,nan,nan,nan,nan,nan,0.407368,0.447403,nan,nan,0.307803
nan,nan,nan,nan,nan,nan,nan,nan,nan,nan,nan,nan,nan,0.460044,0.870455,nan,nan,0.382808
nan,nan,nan,nan,nan,nan,nan,nan,nan,nan,nan,nan,nan,0.452500,0.431818,nan,nan,0.520676
nan,nan,nan,nan,nan,nan,nan,nan,nan,nan,nan,nan,nan,0.427500,0.454545,nan,nan,0.449107
nan,nan,nan,nan,nan,nan,nan,nan,nan,nan,nan,nan,nan,0.425000,0.454545,nan,nan,0.402695
nan,nan,nan,nan,nan,nan,nan,nan,nan,nan,nan,nan,nan,0.522500,0.431818,nan,nan,0.425000
nan,nan,nan,nan,nan,nan,nan,nan,nan,nan,nan,nan,nan,0.475000,0.370455,nan,nan,0.449107
nan,nan,nan,nan,nan,nan,nan,nan,nan,nan,nan,nan,nan,0.450000,0.352273,nan,nan,0.475000
nan,nan,nan,nan,nan,nan,nan,nan,nan,nan,nan,nan,nan,0.800000,0.477273,nan,nan,0.377225
nan,nan,nan,nan,nan,nan,nan,nan,nan,nan,nan,nan,nan,0.425000,0.477273,nan,nan,0.450877
nan,nan,nan,nan,nan,nan,nan,nan,nan,nan,nan,nan,nan,0.475000,0.454545,nan,nan,0.449107
nan,nan,nan,nan,nan,nan,nan,nan,nan,nan,nan,nan,nan,0.450000,0.454545,nan,nan,0.473214
nan,nan,nan,nan,nan,nan,nan,nan,nan,nan,nan,nan,nan,0.430000,0.868182,nan,nan,0.474107
nan,nan,nan,nan,nan,nan,nan,nan,nan,nan,nan,nan,nan,0.367105,0.456818,nan,nan,0.458036
nan,nan,nan,nan,nan,nan,nan,nan,nan,nan,nan,nan,nan,0.385000,0.436364,nan,nan,0.422419
nan,nan,nan,nan,nan,nan,nan,nan,nan,nan,nan,nan,nan,0.475000,0.454545,nan,nan,0.360617
nan,nan,nan,nan,nan,nan,nan,nan,nan,nan,nan,nan,nan,0.475000,0.375000,nan,nan,0.482143
nan,nan,nan,nan,nan,nan,nan,nan,nan,nan,nan,nan,nan,0.430000,0.495455,nan,nan,0.407873
nan,nan,nan,nan,nan,nan,nan,nan,nan,nan,nan,nan,nan,0.407368,0.954545,nan,nan,0.483036
nan,nan,nan,nan,nan,nan,nan,nan,nan,nan,nan,nan,nan,0.385000,0.409091,nan,nan,0.466964
nan,nan,nan,nan,nan,nan,nan,nan,nan,nan,nan,nan,nan,0.425000,0.477273,nan,nan,0.387175
nan,nan,nan,nan,nan,nan,nan,nan,nan,nan,nan,nan,nan,0.324211,0.340909,nan,nan,0.248149
nan,nan,nan,nan,nan,nan,nan,nan,nan,nan,nan,nan,nan,0.452500,0.338961,nan,nan,0.475000
nan,nan,nan,nan,nan,nan,nan,nan,nan,nan,nan,nan,nan,0.475000,0.495455,nan,nan,0.406981
nan,nan,nan,nan,nan,nan,nan,nan,nan,nan,nan,nan,nan,0.475000,0.477273,nan,nan,0.387175
nan,nan,nan,nan,nan,nan,nan,nan,nan,nan,nan,nan,nan,0.452500,0.338961,nan,nan,0.458036
nan,nan,nan,nan,nan,nan,nan,nan,nan,nan,nan,nan,nan,0.475000,0.436364,nan,nan,0.465179
nan,nan,nan,nan,nan,nan,nan,nan,nan,nan,nan,nan,nan,0.475000,0.363636,nan,nan,0.379011
nan,nan,nan,nan,nan,nan,nan,nan,nan,nan,nan,nan,nan,0.475000,0.409091,nan,nan,0.433896
nan,nan,nan,nan,nan,nan,nan,nan,nan,nan,nan,nan,nan,0.452500,0.228139,nan,nan,0.491071
nan,nan,nan,nan,nan,nan,nan,nan,nan,nan,nan,nan,nan,0.475000,0.415584,nan,nan,0.329886
nan,nan,nan,nan,nan,nan,nan,nan,nan,nan,nan,nan,nan,0.452500,0.477273,nan,nan,0.491071
nan,nan,nan,nan,nan,nan,nan,nan,nan,nan,nan,nan,nan,0.430000,0.338961,nan,nan,0.417857
nan,nan,nan,nan,nan,nan,nan,nan,nan,nan,nan,nan,nan,0.425000,0.434091,nan,nan,0.450893
nan,nan,nan,nan,nan,nan,nan,nan,nan,nan,nan,nan,nan,0.475000,0.431818,nan,nan,0.312078
nan,nan,nan,nan,nan,nan,nan,nan,nan,nan,nan,nan,nan,0.450000,0.415584,nan,nan,0.483036
nan,nan,nan,nan,nan,nan,nan,nan,nan,nan,nan,nan,nan,0.385000,0.303571,nan,nan,0.436575
nan,nan,nan,nan,nan,nan,nan,nan,nan,nan,nan,nan,nan,0.450000,0.477273,nan,nan,0.330376
nan,nan,nan,nan,nan,nan,nan,nan,nan,nan,nan,nan,nan,0.475000,0.374242,nan,nan,0.482143
nan,nan,nan,nan,nan,nan,nan,nan,nan,nan,nan,nan,nan,0.450000,0.477273,nan,nan,0.367289
nan,nan,nan,nan,nan,nan,nan,nan,nan,nan,nan,nan,nan,0.405000,0.477273,nan,nan,0.392744
nan,nan,nan,nan,nan,nan,nan,nan,nan,nan,nan,nan,nan,0.475000,0.409091,nan,nan,0.491071
nan,nan,nan,nan,nan,nan,nan,nan,nan,nan,nan,nan,nan,0.475000,0.409091,nan,nan,0.466071
nan,nan,nan,nan,nan,nan,nan,nan,nan,nan,nan,nan,nan,0.450000,0.338961,nan,nan,0.364643
nan,nan,nan,nan,nan,nan,nan,nan,nan,nan,nan,nan,nan,0.407368,0.477273,nan,nan,0.329483
nan,nan,nan,nan,nan,nan,nan,nan,nan,nan,nan,nan,nan,0.425000,0.456818,nan,nan,0.442857
nan,nan,nan,nan,nan,nan,nan,nan,nan,nan,nan,nan,nan,0.425000,0.409091,nan,nan,0.324056
nan,nan,nan,nan,nan,nan,nan,nan,nan,nan,nan,nan,nan,0.475000,0.454545,nan,nan,0.474107
nan,nan,nan,nan,nan,nan,nan,nan,nan,nan,nan,nan,nan,0.425000,0.456818,nan,nan,0.446526
nan,nan,nan,nan,nan,nan,nan,nan,nan,nan,nan,nan,nan,0.450000,0.363636,nan,nan,0.363198
nan,nan,nan,nan,nan,nan,nan,nan,nan,nan,nan,nan,nan,0.364605,0.395455,nan,nan,0.394643
nan,nan,nan,nan,nan,nan,nan,nan,nan,nan,nan,nan,nan,0.407368,0.411255,nan,nan,0.347305
nan,nan,nan,nan,nan,nan,nan,nan,nan,nan,nan,nan,nan,0.407368,0.386364,nan,nan,0.306910
nan,nan,nan,nan,nan,nan,nan,nan,nan,nan,nan,nan,nan,0.475000,0.376299,nan,nan,0.473214
nan,nan,nan,nan,nan,nan,nan,nan,nan,nan,nan,nan,nan,0.405000,0.431818,nan,nan,0.385714
nan,nan,nan,nan,nan,nan,nan,nan,nan,nan,nan,nan,nan,0.402632,0.477273,nan,nan,0.420779
nan,nan,nan,nan,nan,nan,nan,nan,nan,nan,nan,nan,nan,0.362500,0.395455,nan,nan,0.267696
nan,nan,nan,nan,nan,nan,nan,nan,nan,nan,nan,nan,nan,0.425000,0.395455,nan,nan,0.241132
nan,nan,nan,nan,nan,nan,nan,nan,nan,nan,nan,nan,nan,0.407368,0.456818,nan,nan,0.458929
nan,nan,nan,nan,nan,nan,nan,nan,nan,nan,nan,nan,nan,0.450000,0.468214,nan,nan,0.467256
nan,nan,nan,nan,nan,nan,nan,nan,nan,nan,nan,nan,nan,0.475000,0.413636,nan,nan,0.406169
nan,nan,nan,nan,nan,nan,nan,nan,nan,nan,nan,nan,nan,0.425000,0.456818,nan,nan,0.338954
nan,nan,nan,nan,nan,nan,nan,nan,nan,nan,nan,nan,nan,0.450000,0.395455,nan,nan,0.511299
nan,nan,nan,nan,nan,nan,nan,nan,nan,nan,nan,nan,nan,0.475000,0.416029,nan,nan,0.416964
nan,nan,nan,nan,nan,nan,nan,nan,nan,nan,nan,nan,nan,0.400000,0.477273,nan,nan,0.450877
nan,nan,nan,nan,nan,nan,nan,nan,nan,nan,nan,nan,nan,0.425000,0.477273,nan,nan,0.432175
nan,nan,nan,nan,nan,nan,nan,nan,nan,nan,nan,nan,nan,0.450000,0.495455,nan,nan,0.457143
nan,nan,nan,nan,nan,nan,nan,nan,nan,nan,nan,nan,nan,0.425000,0.477273,nan,nan,0.483036
nan,nan,nan,nan,nan,nan,nan,nan,nan,nan,nan,nan,nan,0.450000,0.363636,nan,nan,0.319787
nan,nan,nan,nan,nan,nan,nan,nan,nan,nan,nan,nan,nan,0.475000,0.374242,nan,nan,0.367289
nan,nan,nan,nan,nan,nan,nan,nan,nan,nan,nan,nan,nan,0.364605,0.477273,nan,nan,0.457143
nan,nan,nan,nan,nan,nan,nan,nan,nan,nan,nan,nan,nan,0.364605,0.376299,nan,nan,0.418750
nan,nan,nan,nan,nan,nan,nan,nan,nan,nan,nan,nan,nan,0.364605,0.415584,nan,nan,0.421672
nan,nan,nan,nan,nan,nan,nan,nan,nan,nan,nan,nan,nan,0.450000,0.454545,nan,nan,0.377825
nan,nan,nan,nan,nan,nan,nan,nan,nan,nan,nan,nan,nan,0.400000,0.409091,nan,nan,0.265775
nan,nan,nan,nan,nan,nan,nan,nan,nan,nan,nan,nan,nan,0.452500,0.338961,nan,nan,0.420779
nan,nan,nan,nan,nan,nan,nan,nan,nan,nan,nan,nan,nan,0.405000,0.279351,nan,nan,0.385390
nan,nan,nan,nan,nan,nan,nan,nan,nan,nan,nan,nan,nan,0.250526,0.454545,nan,nan,0.433929
nan,nan,nan,nan,nan,nan,nan,nan,nan,nan,nan,nan,nan,0.475000,0.454545,nan,nan,0.308766
nan,nan,nan,nan,nan,nan,nan,nan,nan,nan,nan,nan,nan,0.450000,0.409091,nan,nan,0.227169
nan,nan,nan,nan,nan,nan,nan,nan,nan,nan,nan,nan,nan,0.324211,0.454545,nan,nan,0.466071
nan,nan,nan,nan,nan,nan,nan,nan,nan,nan,nan,nan,nan,0.475000,0.386364,nan,nan,0.451769
nan,nan,nan,nan,nan,nan,nan,nan,nan,nan,nan,nan,nan,0.475000,0.415584,nan,nan,0.383604
nan,nan,nan,nan,nan,nan,nan,nan,nan,nan,nan,nan,nan,0.475000,0.376299,nan,nan,0.441964
nan,nan,nan,nan,nan,nan,nan,nan,nan,nan,nan,nan,nan,0.475000,0.436364,nan,nan,0.354389
nan,nan,nan,nan,nan,nan,nan,nan,nan,nan,nan,nan,nan,0.400000,0.477273,nan,nan,0.354389
nan,nan,nan,nan,nan,nan,nan,nan,nan,nan,nan,nan,nan,0.452500,0.386364,nan,nan,0.458929
nan,nan,nan,nan,nan,nan,nan,nan,nan,nan,nan,nan,nan,0.427500,0.477273,nan,nan,0.465179
nan,nan,nan,nan,nan,nan,nan,nan,nan,nan,nan,nan,nan,0.430000,0.454545,nan,nan,0.483036
nan,nan,nan,nan,nan,nan,nan,nan,nan,nan,nan,nan,nan,0.407368,0.415909,nan,nan,0.474107
nan,nan,nan,nan,nan,nan,nan,nan,nan,nan,nan,nan,nan,0.407368,0.454545,nan,nan,0.475000
nan,nan,nan,nan,nan,nan,nan,nan,nan,nan,nan,nan,nan,0.450000,0.376299,nan,nan,0.407062
nan,nan,nan,nan,nan,nan,nan,nan,nan,nan,nan,nan,nan,0.475000,0.375000,nan,nan,0.227169
nan,nan,nan,nan,nan,nan,nan,nan,nan,nan,nan,nan,nan,0.427500,0.386364,nan,nan,0.482143
nan,nan,nan,nan,nan,nan,nan,nan,nan,nan,nan,nan,nan,0.450000,0.434091,nan,nan,0.263214
nan,nan,nan,nan,nan,nan,nan,nan,nan,nan,nan,nan,nan,0.450000,0.431818,nan,nan,0.376932
nan,nan,nan,nan,nan,nan,nan,nan,nan,nan,nan,nan,nan,0.475000,0.454545,nan,nan,0.435682
nan,nan,nan,nan,nan,nan,nan,nan,nan,nan,nan,nan,nan,0.450000,0.454545,nan,nan,0.456250
nan,nan,nan,nan,nan,nan,nan,nan,nan,nan,nan,nan,nan,0.450000,0.454545,nan,nan,0.310552
nan,nan,nan,nan,nan,nan,nan,nan,nan,nan,nan,nan,nan,0.430000,0.454545,nan,nan,0.432143
nan,nan,nan,nan,nan,nan,nan,nan,nan,nan,nan,nan,nan,0.475000,0.697727,nan,nan,0.264992
nan,nan,nan,nan,nan,nan,nan,nan,nan,nan,nan,nan,nan,0.450000,0.326331,nan,nan,0.340487
nan,nan,nan,nan,nan,nan,nan,nan,nan,nan,nan,nan,nan,0.475000,0.477273,nan,nan,0.330376
nan,nan,nan,nan,nan,nan,nan,nan,nan,nan,nan,nan,nan,0.450000,0.456818,nan,nan,0.482143
nan,nan,nan,nan,nan,nan,nan,nan,nan,nan,nan,nan,nan,0.475000,0.477273,nan,nan,0.292857
nan,nan,nan,nan,nan,nan,nan,nan,nan,nan,nan,nan,nan,0.475000,0.281623,nan,nan,0.147832
nan,nan,nan,nan,nan,nan,nan,nan,nan,nan,nan,nan,nan,0.475000,0.436364,nan,nan,0.475000
nan,nan,nan,nan,nan,nan,nan,nan,nan,nan,nan,nan,nan,0.450000,0.409091,nan,nan,0.390958
nan,nan,nan,nan,nan,nan,nan,nan,nan,nan,nan,nan,nan,0.450000,0.415584,nan,nan,0.433003
nan,nan,nan,nan,nan,nan,nan,nan,nan,nan,nan,nan,nan,0.364605,0.319952,nan,nan,0.483036
nan,nan,nan,nan,nan,nan,nan,nan,nan,nan,nan,nan,nan,0.800000,0.386364,nan,nan,0.387175
nan,nan,nan,nan,nan,nan,nan,nan,nan,nan,nan,nan,nan,0.475000,0.413636,nan,nan,0.464909
nan,nan,nan,nan,nan,nan,nan,nan,nan,nan,nan,nan,nan,0.367105,0.395455,nan,nan,0.449091
nan,nan,nan,nan,nan,nan,nan,nan,nan,nan,nan,nan,nan,0.475000,0.431818,nan,nan,0.277679
nan,nan,nan,nan,nan,nan,nan,nan,nan,nan,nan,nan,nan,0.475000,0.395455,nan,nan,0.483036
nan,nan,nan,nan,nan,nan,nan,nan,nan,nan,nan,nan,nan,0.475000,0.354545,nan,nan,0.407873
nan,nan,nan,nan,nan,nan,nan,nan,nan,nan,nan,nan,nan,0.430000,0.448377,nan,nan,0.390958
nan,nan,nan,nan,nan,nan,nan,nan,nan,nan,nan,nan,nan,0.400000,0.376299,nan,nan,0.347971
nan,nan,nan,nan,nan,nan,nan,nan,nan,nan,nan,nan,nan,0.475000,0.376299,nan,nan,0.298052
nan,nan,nan,nan,nan,nan,nan,nan,nan,nan,nan,nan,nan,0.450000,0.338961,nan,nan,0.458036
nan,nan,nan,nan,nan,nan,nan,nan,nan,nan,nan,nan,nan,0.485000,0.376299,nan,nan,0.391851
nan,nan,nan,nan,nan,nan,nan,nan,nan,nan,nan,nan,nan,0.407368,0.477273,nan,nan,0.436575
nan,nan,nan,nan,nan,nan,nan,nan,nan,nan,nan,nan,nan,0.407500,0.415584,nan,nan,0.537500
nan,nan,nan,nan,nan,nan,nan,nan,nan,nan,nan,nan,nan,0.407500,0.386364,nan,nan,0.376071
nan,nan,nan,nan,nan,nan,nan,nan,nan,nan,nan,nan,nan,0.209040,0.454545,nan,nan,0.455357
nan,nan,nan,nan,nan,nan,nan,nan,nan,nan,nan,nan,nan,0.475000,0.415909,nan,nan,0.225449
nan,nan,nan,nan,nan,nan,nan,nan,nan,nan,nan,nan,nan,0.475000,0.477273,nan,nan,0.359627
nan,nan,nan,nan,nan,nan,nan,nan,nan,nan,nan,nan,nan,0.452500,0.352273,nan,nan,0.349756
nan,nan,nan,nan,nan,nan,nan,nan,nan,nan,nan,nan,nan,0.450000,0.390909,nan,nan,0.272858
nan,nan,nan,nan,nan,nan,nan,nan,nan,nan,nan,nan,nan,0.450000,0.977273,nan,nan,0.420779
nan,nan,nan,nan,nan,nan,nan,nan,nan,nan,nan,nan,nan,0.430000,0.370130,nan,nan,0.483036
nan,nan,nan,nan,nan,nan,nan,nan,nan,nan,nan,nan,nan,0.475000,0.450000,nan,nan,0.491071
nan,nan,nan,nan,nan,nan,nan,nan,nan,nan,nan,nan,nan,0.475000,0.415584,nan,nan,0.284351
nan,nan,nan,nan,nan,nan,nan,nan,nan,nan,nan,nan,nan,0.450000,0.415909,nan,nan,0.387175
nan,nan,nan,nan,nan,nan,nan,nan,nan,nan,nan,nan,nan,0.407500,0.415909,nan,nan,0.392744
nan,nan,nan,nan,nan,nan,nan,nan,nan,nan,nan,nan,nan,0.400000,0.500000,nan,nan,0.491071
nan,nan,nan,nan,nan,nan,nan,nan,nan,nan,nan,nan,nan,0.364605,0.477273,nan,nan,0.426753
nan,nan,nan,nan,nan,nan,nan,nan,nan,nan,nan,nan,nan,0.475000,0.431818,nan,nan,0.449107
nan,nan,nan,nan,nan,nan,nan,nan,nan,nan,nan,nan,nan,0.475000,0.454545,nan,nan,0.291964
nan,nan,nan,nan,nan,nan,nan,nan,nan,nan,nan,nan,nan,0.475000,0.456818,nan,nan,0.390958
nan,nan,nan,nan,nan,nan,nan,nan,nan,nan,nan,nan,nan,0.425000,0.415584,nan,nan,0.483036
nan,nan,nan,nan,nan,nan,nan,nan,nan,nan,nan,nan,nan,0.425000,0.237338,nan,nan,0.473214
nan,nan,nan,nan,nan,nan,nan,nan,nan,nan,nan,nan,nan,0.475000,0.413636,nan,nan,0.466964
nan,nan,nan,nan,nan,nan,nan,nan,nan,nan,nan,nan,nan,0.475000,0.454545,nan,nan,0.379904
nan,nan,nan,nan,nan,nan,nan,nan,nan,nan,nan,nan,nan,0.407500,0.454545,nan,nan,0.285719
nan,nan,nan,nan,nan,nan,nan,nan,nan,nan,nan,nan,nan,0.405000,0.338961,nan,nan,0.474107
nan,nan,nan,nan,nan,nan,nan,nan,nan,nan,nan,nan,nan,0.475000,0.431818,nan,nan,0.349756
nan,nan,nan,nan,nan,nan,nan,nan,nan,nan,nan,nan,nan,0.402632,0.431818,nan,nan,0.466364
nan,nan,nan,nan,nan,nan,nan,nan,nan,nan,nan,nan,nan,0.425000,0.454545,nan,nan,0.502357
nan,nan,nan,nan,nan,nan,nan,nan,nan,nan,nan,nan,nan,0.430000,0.477273,nan,nan,0.343831
nan,nan,nan,nan,nan,nan,nan,nan,nan,nan,nan,nan,nan,0.450000,0.954545,nan,nan,0.380797
nan,nan,nan,nan,nan,nan,nan,nan,nan,nan,nan,nan,nan,0.400000,0.354545,nan,nan,0.483036
nan,nan,nan,nan,nan,nan,nan,nan,nan,nan,nan,nan,nan,0.450000,0.411364,nan,nan,0.406981
nan,nan,nan,nan,nan,nan,nan,nan,nan,nan,nan,nan,nan,0.400000,0.522727,nan,nan,0.441964
nan,nan,nan,nan,nan,nan,nan,nan,nan,nan,nan,nan,nan,0.450000,0.772727,nan,nan,0.497706
nan,nan,nan,nan,nan,nan,nan,nan,nan,nan,nan,nan,nan,0.427500,0.368182,nan,nan,0.330376
nan,nan,nan,nan,nan,nan,nan,nan,nan,nan,nan,nan,nan,0.485000,0.477273,nan,nan,0.531788
nan,nan,nan,nan,nan,nan,nan,nan,nan,nan,nan,nan,nan,0.400000,0.303571,nan,nan,0.345487
nan,nan,nan,nan,nan,nan,nan,nan,nan,nan,nan,nan,nan,0.286184,0.375000,nan,nan,0.386688
nan,nan,nan,nan,nan,nan,nan,nan,nan,nan,nan,nan,nan,0.364605,0.477273,nan,nan,0.473846
nan,nan,nan,nan,nan,nan,nan,nan,nan,nan,nan,nan,nan,0.452500,0.411255,nan,nan,0.406169
nan,nan,nan,nan,nan,nan,nan,nan,nan,nan,nan,nan,nan,0.475000,0.376299,nan,nan,0.329483
nan,nan,nan,nan,nan,nan,nan,nan,nan,nan,nan,nan,nan,0.450000,0.461494,nan,nan,0.405276
nan,nan,nan,nan,nan,nan,nan,nan,nan,nan,nan,nan,nan,0.447368,0.279221,nan,nan,0.330376
nan,nan,nan,nan,nan,nan,nan,nan,nan,nan,nan,nan,nan,0.450000,0.477273,nan,nan,0.483036
nan,nan,nan,nan,nan,nan,nan,nan,nan,nan,nan,nan,nan,0.364605,0.413636,nan,nan,0.228923
nan,nan,nan,nan,nan,nan,nan,nan,nan,nan,nan,nan,nan,0.900000,0.386364,nan,nan,0.361932
nan,nan,nan,nan,nan,nan,nan,nan,nan,nan,nan,nan,nan,0.450000,0.370455,nan,nan,0.467256
nan,nan,nan,nan,nan,nan,nan,nan,nan,nan,nan,nan,nan,0.475000,0.238636,nan,nan,0.390958
nan,nan,nan,nan,nan,nan,nan,nan,nan,nan,nan,nan,nan,0.452500,0.376299,nan,nan,0.491071
nan,nan,nan,nan,nan,nan,nan,nan,nan,nan,nan,nan,nan,0.475000,0.326331,nan,nan,0.483036
nan,nan,nan,nan,nan,nan,nan,nan,nan,nan,nan,nan,nan,0.407368,0.415584,nan,nan,0.366396
nan,nan,nan,nan,nan,nan,nan,nan,nan,nan,nan,nan,nan,0.475000,0.522727,nan,nan,0.409821
nan,nan,nan,nan,nan,nan,nan,nan,nan,nan,nan,nan,nan,0.475000,0.415909,nan,nan,0.475000
nan,nan,nan,nan,nan,nan,nan,nan,nan,nan,nan,nan,nan,0.400000,0.431818,nan,nan,0.376430
nan,nan,nan,nan,nan,nan,nan,nan,nan,nan,nan,nan,nan,0.452500,0.481818,nan,nan,0.386688
nan,nan,nan,nan,nan,nan,nan,nan,nan,nan,nan,nan,nan,0.450000,0.477273,nan,nan,0.458036
nan,nan,nan,nan,nan,nan,nan,nan,nan,nan,nan,nan,nan,0.407368,0.477273,nan,nan,0.409821
nan,nan,nan,nan,nan,nan,nan,nan,nan,nan,nan,nan,nan,0.475000,0.390909,nan,nan,0.385390
nan,nan,nan,nan,nan,nan,nan,nan,nan,nan,nan,nan,nan,0.450000,0.415584,nan,nan,0.491071
nan,nan,nan,nan,nan,nan,nan,nan,nan,nan,nan,nan,nan,0.425000,0.454545,nan,nan,0.407873
nan,nan,nan,nan,nan,nan,nan,nan,nan,nan,nan,nan,nan,0.450000,0.431818,nan,nan,0.416964
nan,nan,nan,nan,nan,nan,nan,nan,nan,nan,nan,nan,nan,0.490000,0.477273,nan,nan,0.433929
nan,nan,nan,nan,nan,nan,nan,nan,nan,nan,nan,nan,nan,0.427500,0.415909,nan,nan,0.417208
nan,nan,nan,nan,nan,nan,nan,nan,nan,nan,nan,nan,nan,0.475000,0.326331,nan,nan,0.466071
nan,nan,nan,nan,nan,nan,nan,nan,nan,nan,nan,nan,nan,0.364605,0.477273,nan,nan,0.264960
nan,nan,nan,nan,nan,nan,nan,nan,nan,nan,nan,nan,nan,0.622070,0.327273,nan,nan,0.390958
nan,nan,nan,nan,nan,nan,nan,nan,nan,nan,nan,nan,nan,0.375000,0.415584,nan,nan,0.355197
nan,nan,nan,nan,nan,nan,nan,nan,nan,nan,nan,nan,nan,0.364605,0.436364,nan,nan,0.474107
nan,nan,nan,nan,nan,nan,nan,nan,nan,nan,nan,nan,nan,0.475000,0.376299,nan,nan,0.482143
nan,nan,nan,nan,nan,nan,nan,nan,nan,nan,nan,nan,nan,0.425000,0.338961,nan,nan,0.449107
nan,nan,nan,nan,nan,nan,nan,nan,nan,nan,nan,nan,nan,0.475000,0.431818,nan,nan,0.448214
nan,nan,nan,nan,nan,nan,nan,nan,nan,nan,nan,nan,nan,0.324211,0.477273,nan,nan,0.366396
nan,nan,nan,nan,nan,nan,nan,nan,nan,nan,nan,nan,nan,0.425000,0.436364,nan,nan,0.214535
nan,nan,nan,nan,nan,nan,nan,nan,nan,nan,nan,nan,nan,0.425000,0.454545,nan,nan,0.210591
nan,nan,nan,nan,nan,nan,nan,nan,nan,nan,nan,nan,nan,0.385000,0.456818,nan,nan,0.475000
nan,nan,nan,nan,nan,nan,nan,nan,nan,nan,nan,nan,nan,0.402632,0.477273,nan,nan,0.528589
nan,nan,nan,nan,nan,nan,nan,nan,nan,nan,nan,nan,nan,0.475000,0.363636,nan,nan,0.458929
nan,nan,nan,nan,nan,nan,nan,nan,nan,nan,nan,nan,nan,0.475000,0.376299,nan,nan,0.434821
nan,nan,nan,nan,nan,nan,nan,nan,nan,nan,nan,nan,nan,0.475000,0.454545,nan,nan,0.465471
nan,nan,nan,nan,nan,nan,nan,nan,nan,nan,nan,nan,nan,0.400000,0.338961,nan,nan,0.377825
nan,nan,nan,nan,nan,nan,nan,nan,nan,nan,nan,nan,nan,0.427500,0.454545,nan,nan,0.449984
nan,nan,nan,nan,nan,nan,nan,nan,nan,nan,nan,nan,nan,0.425000,0.354545,nan,nan,0.500525
nan,nan,nan,nan,nan,nan,nan,nan,nan,nan,nan,nan,nan,0.452500,0.326331,nan,nan,0.475000
nan,nan,nan,nan,nan,nan,nan,nan,nan,nan,nan,nan,nan,0.425000,0.409091,nan,nan,0.449123
nan,nan,nan,nan,nan,nan,nan,nan,nan,nan,nan,nan,nan,0.324211,0.238636,nan,nan,0.222963
nan,nan,nan,nan,nan,nan,nan,nan,nan,nan,nan,nan,nan,0.450000,0.395455,nan,nan,0.240239
nan,nan,nan,nan,nan,nan,nan,nan,nan,nan,nan,nan,nan,0.430000,0.513636,nan,nan,0.466071
nan,nan,nan,nan,nan,nan,nan,nan,nan,nan,nan,nan,nan,0.364605,0.415909,nan,nan,0.419886
nan,nan,nan,nan,nan,nan,nan,nan,nan,nan,nan,nan,nan,0.450000,0.477273,nan,nan,0.426786
nan,nan,nan,nan,nan,nan,nan,nan,nan,nan,nan,nan,nan,0.450000,0.454545,nan,nan,0.424107
nan,nan,nan,nan,nan,nan,nan,nan,nan,nan,nan,nan,nan,0.450000,0.456818,nan,nan,0.483036
nan,nan,nan,nan,nan,nan,nan,nan,nan,nan,nan,nan,nan,0.475000,0.477273,nan,nan,0.475000
nan,nan,nan,nan,nan,nan,nan,nan,nan,nan,nan,nan,nan,0.475000,0.477273,nan,nan,0.426753
nan,nan,nan,nan,nan,nan,nan,nan,nan,nan,nan,nan,nan,0.427500,0.303571,nan,nan,0.475000
nan,nan,nan,nan,nan,nan,nan,nan,nan,nan,nan,nan,nan,0.364605,0.454545,nan,nan,0.417857
nan,nan,nan,nan,nan,nan,nan,nan,nan,nan,nan,nan,nan,0.427500,0.454545,nan,nan,0.458036
nan,nan,nan,nan,nan,nan,nan,nan,nan,nan,nan,nan,nan,0.475000,0.454545,nan,nan,0.347305
nan,nan,nan,nan,nan,nan,nan,nan,nan,nan,nan,nan,nan,0.475000,0.477273,nan,nan,0.403490
nan,nan,nan,nan,nan,nan,nan,nan,nan,nan,nan,nan,nan,0.475000,0.468214,nan,nan,0.491071
nan,nan,nan,nan,nan,nan,nan,nan,nan,nan,nan,nan,nan,0.425000,0.870455,nan,nan,0.450877
nan,nan,nan,nan,nan,nan,nan,nan,nan,nan,nan,nan,nan,0.407500,0.477273,nan,nan,0.483036
nan,nan,nan,nan,nan,nan,nan,nan,nan,nan,nan,nan,nan,0.407368,0.376299,nan,nan,0.466364
nan,nan,nan,nan,nan,nan,nan,nan,nan,nan,nan,nan,nan,0.475000,0.338961,nan,nan,0.406088
nan,nan,nan,nan,nan,nan,nan,nan,nan,nan,nan,nan,nan,0.950000,0.434091,nan,nan,0.491071
nan,nan,nan,nan,nan,nan,nan,nan,nan,nan,nan,nan,nan,0.475000,0.368182,nan,nan,0.435682
nan,nan,nan,nan,nan,nan,nan,nan,nan,nan,nan,nan,nan,0.425000,0.338961,nan,nan,0.435682
nan,nan,nan,nan,nan,nan,nan,nan,nan,nan,nan,nan,nan,0.470000,0.338961,nan,nan,0.450877
nan,nan,nan,nan,nan,nan,nan,nan,nan,nan,nan,nan,nan,0.452500,0.784091,nan,nan,0.458929
nan,nan,nan,nan,nan,nan,nan,nan,nan,nan,nan,nan,nan,0.263553,0.431818,nan,nan,0.457143
nan,nan,nan,nan,nan,nan,nan,nan,nan,nan,nan,nan,nan,0.375000,0.456818,nan,nan,0.406088
