# Fraction of pairs Fisher P>0.95
nan,nan,nan,nan,nan,nan,nan,nan,nan,0.0000,0.0000,0.0667,nan,0.1000,0.0000,0.0000,0.0000,0.0667
nan,nan,nan,nan,nan,nan,nan,nan,nan,0.0000,0.0000,0.1333,nan,0.1000,0.0000,0.0000,0.0000,0.3333
nan,nan,nan,nan,nan,nan,nan,nan,nan,0.0000,0.0000,0.0667,nan,0.2000,0.0000,0.0000,0.0000,0.0000
nan,nan,nan,nan,nan,nan,nan,nan,nan,0.0000,0.0000,0.2667,nan,0.1000,0.0000,0.0000,0.0000,0.0000
nan,nan,nan,nan,nan,nan,nan,nan,nan,0.1667,0.0000,0.0000,nan,0.0000,0.1000,0.0000,0.0000,0.0667
nan,nan,nan,nan,nan,nan,nan,nan,nan,0.0000,0.0000,0.0667,nan,0.1000,0.0000,0.0000,0.3333,0.0000
nan,nan,nan,nan,nan,nan,nan,nan,nan,0.1667,0.0000,0.0000,nan,0.1000,0.0000,0.0000,0.0000,0.0000
nan,nan,nan,nan,nan,nan,nan,nan,nan,0.1667,0.0000,0.0000,nan,0.0000,0.4000,0.0000,0.3333,0.0000
nan,nan,nan,nan,nan,nan,nan,nan,nan,0.0000,0.0000,0.0000,nan,0.1000,0.0000,0.0000,0.0000,0.0667
nan,nan,nan,nan,nan,nan,nan,nan,nan,0.1667,0.0000,0.0000,nan,0.0000,0.0000,0.0000,0.0000,0.2000
nan,nan,nan,nan,nan,nan,nan,nan,nan,0.0000,0.0000,0.0000,nan,0.0000,0.0000,0.0000,0.0000,0.0667
nan,nan,nan,nan,nan,nan,nan,nan,nan,0.1667,0.0000,0.0000,nan,0.0000,0.1000,0.0000,0.0000,0.0000
nan,nan,nan,nan,nan,nan,nan,nan,nan,0.0000,0.0000,0.0667,nan,0.2000,0.0000,0.0000,0.0000,0.0000
nan,nan,nan,nan,nan,nan,nan,nan,nan,0.0000,0.0000,0.0667,nan,0.0000,0.0000,0.0000,0.0000,0.0000
nan,nan,nan,nan,nan,nan,nan,nan,nan,0.0000,0.0000,0.0667,nan,0.0000,0.2000,0.0000,0.3333,0.0667
nan,nan,nan,nan,nan,nan,nan,nan,nan,0.0000,0.0000,0.0667,nan,0.1000,0.0000,0.0000,0.0000,0.0000
nan,nan,nan,nan,nan,nan,nan,nan,nan,0.1667,0.0000,0.0000,nan,0.0000,0.3000,0.0000,0.0000,0.0000
nan,nan,nan,nan,nan,nan,nan,nan,nan,0.1667,0.0000,0.0667,nan,0.0000,0.1000,0.0000,0.0000,0.0667
nan,nan,nan,nan,nan,nan,nan,nan,nan,0.1667,0.0000,0.1333,nan,0.0000,0.1000,0.0000,0.0000,0.0667
nan,nan,nan,nan,nan,nan,nan,nan,nan,0.1667,0.0000,0.2667,nan,0.1000,0.1000,0.0000,0.0000,0.0000
nan,nan,nan,nan,nan,nan,nan,nan,nan,0.3333,0.0000,0.0000,nan,0.1000,0.1000,0.0000,0.0000,0.2000
nan,nan,nan,nan,nan,nan,nan,nan,nan,0.1667,0.0000,0.0667,nan,0.1000,0.1000,0.0000,0.0000,0.0667
nan,nan,nan,nan,nan,nan,nan,nan,nan,0.1667,0.0000,0.0667,nan,0.1000,0.1000,0.0000,0.0000,0.0667
nan,nan,nan,nan,nan,nan,nan,nan,nan,0.0000,0.0000,0.1333,nan,0.1000,0.1000,0.0000,0.0000,0.0667
nan,nan,nan,nan,nan,nan,nan,nan,nan,0.0000,0.0000,0.0000,nan,0.1000,0.1000,1.0000,0.0000,0.1333
nan,nan,nan,nan,nan,nan,nan,nan,nan,0.0000,0.0000,0.0667,nan,0.0000,0.2000,0.0000,0.0000,0.1333
nan,nan,nan,nan,nan,nan,nan,nan,nan,0.0000,0.0000,0.0000,nan,0.1000,0.1000,0.0000,0.0000,0.0000
nan,nan,nan,nan,nan,nan,nan,nan,nan,0.1667,0.0000,0.0000,nan,0.1000,0.1000,0.0000,0.0000,0.2667
nan,nan,nan,nan,nan,nan,nan,nan,nan,0.3333,0.0000,0.0667,nan,0.0000,0.2000,0.0000,0.0000,0.0000
nan,nan,nan,nan,nan,nan,nan,nan,nan,0.0000,0.0000,0.0000,nan,0.1000,0.1000,0.0000,0.0000,0.1333
nan,nan,nan,nan,nan,nan,nan,nan,nan,0.0000,0.0000,0.0667,nan,0.0000,0.0000,0.0000,0.0000,0.0667
nan,nan,nan,nan,nan,nan,nan,nan,nan,0.0000,0.0000,0.1333,nan,0.0000,0.4000,0.0000,0.0000,0.0667
nan,nan,nan,nan,nan,nan,nan,nan,nan,0.0000,0.0000,0.1333,nan,0.1000,0.1000,0.0000,0.0000,0.0000
nan,nan,nan,nan,nan,nan,nan,nan,nan,0.0000,0.0000,0.0667,nan,0.0000,0.0000,0.0000,0.3333,0.0667
nan,nan,nan,nan,nan,nan,nan,nan,nan,0.0000,0.0000,0.1333,nan,0.0000,0.0000,0.0000,0.0000,0.0000
nan,nan,nan,nan,nan,nan,nan,nan,nan,0.0000,0.0000,0.0000,nan,0.1000,0.0000,0.0000,0.0000,0.0000
nan,nan,nan,nan,nan,nan,nan,nan,nan,0.0000,0.0000,0.0667,nan,0.0000,0.0000,0.0000,0.0000,0.0667
nan,nan,nan,nan,nan,nan,nan,nan,nan,0.0000,0.0000,0.0667,nan,0.1000,0.0000,0.0000,0.0000,0.0000
nan,nan,nan,nan,nan,nan,nan,nan,nan,0.0000,0.0000,0.0000,nan,0.0000,0.0000,0.0000,0.0000,0.0000
nan,nan,nan,nan,nan,nan,nan,nan,nan,0.0000,0.0000,0.0667,nan,0.0000,0.0000,0.0000,1.0000,0.0000
nan,nan,nan,nan,nan,nan,nan,nan,nan,0.1667,0.0000,0.3333,nan,0.4000,0.1000,0.0000,0.0000,0.0667
nan,nan,nan,nan,nan,nan,nan,nan,nan,0.0000,0.0000,0.0667,nan,0.0000,0.0000,0.0000,0.0000,0.0667
nan,nan,nan,nan,nan,nan,nan,nan,nan,0.0000,0.0000,0.2000,nan,0.0000,0.1000,0.0000,0.0000,0.0000
nan,nan,nan,nan,nan,nan,nan,nan,nan,0.1667,0.0000,0.0667,nan,0.0000,0.0000,0.0000,0.3333,0.0000
nan,nan,nan,nan,nan,nan,nan,nan,nan,0.0000,0.0000,0.0667,nan,0.2000,0.3000,0.0000,0.3333,0.0667
nan,nan,nan,nan,nan,nan,nan,nan,nan,0.0000,0.0000,0.0000,nan,0.0000,0.1000,0.0000,0.0000,0.0667
nan,nan,nan,nan,nan,nan,nan,nan,nan,0.1667,0.0000,0.0667,nan,0.1000,0.0000,0.0000,0.0000,0.1333
nan,nan,nan,nan,nan,nan,nan,nan,nan,0.1667,0.0000,0.0000,nan,0.1000,0.0000,0.0000,0.0000,0.0000
nan,nan,nan,nan,nan,nan,nan,nan,nan,0.0000,0.0000,0.0667,nan,0.0000,0.1000,0.0000,0.0000,0.2000
nan,nan,nan,nan,nan,nan,nan,nan,nan,0.5000,0.0000,0.0000,nan,0.0000,0.0000,0.0000,0.0000,0.0667
nan,nan,nan,nan,nan,nan,nan,nan,nan,0.0000,0.0000,0.0000,nan,0.1000,0.0000,0.0000,0.0000,0.0667
nan,nan,nan,nan,nan,nan,nan,nan,nan,0.1667,0.0000,0.0667,nan,0.0000,0.0000,0.0000,0.0000,0.0667
nan,nan,nan,nan,nan,nan,nan,nan,nan,0.0000,0.0000,0.0667,nan,0.0000,0.0000,0.0000,0.3333,0.0000
nan,nan,nan,nan,nan,nan,nan,nan,nan,0.1667,0.0000,0.0000,nan,0.0000,0.2000,0.0000,0.0000,0.0667
nan,nan,nan,nan,nan,nan,nan,nan,nan,0.0000,0.0000,0.0000,nan,0.5000,0.1000,1.0000,0.0000,0.0000
nan,nan,nan,nan,nan,nan,nan,nan,nan,0.0000,0.0000,0.0667,nan,0.3000,0.0000,0.0000,0.0000,0.0667
nan,nan,nan,nan,nan,nan,nan,nan,nan,0.0000,0.0000,0.0667,nan,0.1000,0.1000,0.0000,0.0000,0.0667
nan,nan,nan,nan,nan,nan,nan,nan,nan,0.3333,0.0000,0.0667,nan,0.1000,0.0000,0.0000,0.0000,0.1333
nan,nan,nan,nan,nan,nan,nan,nan,nan,0.0000,0.0000,0.1333,nan,0.1000,0.2000,1.0000,0.0000,0.0000
nan,nan,nan,nan,nan,nan,nan,nan,nan,0.0000,0.0000,0.0667,nan,0.1000,0.0000,0.0000,0.0000,0.0667
nan,nan,nan,nan,nan,nan,nan,nan,nan,0.1667,0.0000,0.0667,nan,0.0000,0.0000,0.0000,0.3333,0.0667
nan,nan,nan,nan,nan,nan,nan,nan,nan,0.0000,0.0000,0.0000,nan,0.1000,0.1000,1.0000,0.0000,0.1333
nan,nan,nan,nan,nan,nan,nan,nan,nan,0.0000,0.0000,0.0667,nan,0.2000,0.1000,0.0000,0.0000,0.0667
nan,nan,nan,nan,nan,nan,nan,nan,nan,0.1667,0.0000,0.0667,nan,0.0000,0.0000,0.0000,0.3333,0.0000
nan,nan,nan,nan,nan,nan,nan,nan,nan,0.0000,0.0000,0.0000,nan,0.1000,0.1000,0.0000,0.0000,0.0667
nan,nan,nan,nan,nan,nan,nan,nan,nan,0.0000,0.0000,0.0667,nan,0.1000,0.0000,0.0000,0.0000,0.0000
nan,nan,nan,nan,nan,nan,nan,nan,nan,0.0000,0.0000,0.0000,nan,0.1000,0.1000,0.0000,0.0000,0.0667
nan,nan,nan,nan,nan,nan,nan,nan,nan,0.0000,0.0000,0.0000,nan,0.0000,0.0000,0.0000,0.0000,0.0667
nan,nan,nan,nan,nan,nan,nan,nan,nan,0.1667,0.0000,0.0667,nan,0.0000,0.0000,0.0000,0.0000,0.0000
nan,nan,nan,nan,nan,nan,nan,nan,nan,0.0000,0.0000,0.1333,nan,0.2000,0.0000,1.0000,0.0000,0.0000
nan,nan,nan,nan,nan,nan,nan,nan,nan,0.0000,0.0000,0.0667,nan,0.0000,0.0000,0.0000,1.0000,0.0667
nan,nan,nan,nan,nan,nan,nan,nan,nan,0.0000,0.0000,0.1333,nan,0.3000,0.0000,0.0000,0.3333,0.0000
nan,nan,nan,nan,nan,nan,nan,nan,nan,0.5000,0.0000,0.0667,nan,0.2000,0.0000,0.0000,0.0000,0.0667
nan,nan,nan,nan,nan,nan,nan,nan,nan,0.1667,0.0000,0.0000,nan,0.1000,0.1000,0.0000,0.0000,0.0000
nan,nan,nan,nan,nan,nan,nan,nan,nan,0.0000,0.0000,0.0667,nan,0.0000,0.0000,0.0000,0.0000,0.0667
nan,nan,nan,nan,nan,nan,nan,nan,nan,0.0000,0.0000,0.0000,nan,0.2000,0.0000,0.0000,0.3333,0.0000
nan,nan,nan,nan,nan,nan,nan,nan,nan,0.1667,0.0000,0.1333,nan,0.0000,0.0000,0.0000,0.0000,0.2667
nan,nan,nan,nan,nan,nan,nan,nan,nan,0.0000,0.0000,0.0667,nan,0.1000,0.1000,0.0000,0.0000,0.0000
nan,nan,nan,nan,nan,nan,nan,nan,nan,0.1667,0.0000,0.0000,nan,0.1000,0.0000,0.0000,0.0000,0.0667
nan,nan,nan,nan,nan,nan,nan,nan,nan,0.1667,0.0000,0.0667,nan,0.1000,0.3000,1.0000,0.0000,0.0667
nan,nan,nan,nan,nan,nan,nan,nan,nan,0.0000,0.0000,0.0667,nan,0.0000,0.0000,0.0000,0.0000,0.0000
nan,nan,nan,nan,nan,nan,nan,nan,nan,0.0000,0.0000,0.0000,nan,0.2000,0.0000,0.0000,1.0000,0.2000
nan,nan,nan,nan,nan,nan,nan,nan,nan,0.0000,0.0000,0.1333,nan,0.0000,0.1000,0.0000,0.0000,0.0667
nan,nan,nan,nan,nan,nan,nan,nan,nan,0.0000,0.0000,0.0000,nan,0.1000,0.1000,0.0000,0.0000,0.0000
nan,nan,nan,nan,nan,nan,nan,nan,nan,0.0000,0.0000,0.0667,nan,0.1000,0.0000,0.0000,0.0000,0.0000
nan,nan,nan,nan,nan,nan,nan,nan,nan,0.0000,0.0000,0.1333,nan,0.0000,0.0000,0.0000,0.0000,0.0000
nan,nan,nan,nan,nan,nan,nan,nan,nan,0.1667,0.0000,0.0667,nan,0.3000,0.0000,1.0000,0.0000,0.0667
nan,nan,nan,nan,nan,nan,nan,nan,nan,0.1667,0.0000,0.0667,nan,0.3000,0.0000,0.0000,0.0000,0.0000
nan,nan,nan,nan,nan,nan,nan,nan,nan,0.0000,0.0000,0.1333,nan,0.0000,0.0000,0.0000,0.0000,0.0667
nan,nan,nan,nan,nan,nan,nan,nan,nan,0.1667,0.0000,0.0000,nan,0.0000,0.0000,0.0000,0.0000,0.0000
nan,nan,nan,nan,nan,nan,nan,nan,nan,0.1667,0.0000,0.0000,nan,0.3000,0.0000,0.0000,0.0000,0.2000
nan,nan,nan,nan,nan,nan,nan,nan,nan,0.0000,0.0000,0.0000,nan,0.0000,0.2000,1.0000,0.0000,0.0000
nan,nan,nan,nan,nan,nan,nan,nan,nan,0.0000,0.0000,0.0667,nan,0.1000,0.0000,1.0000,0.0000,0.0000
nan,nan,nan,nan,nan,nan,nan,nan,nan,0.0000,0.0000,0.2000,nan,0.0000,0.1000,0.0000,0.0000,0.0000
nan,nan,nan,nan,nan,nan,nan,nan,nan,0.0000,0.0000,0.0000,nan,0.0000,0.1000,0.0000,0.0000,0.0000
nan,nan,nan,nan,nan,nan,nan,nan,nan,0.5000,0.0000,0.1333,nan,0.1000,0.1000,1.0000,0.0000,0.0000
nan,nan,nan,nan,nan,nan,nan,nan,nan,0.3333,0.0000,0.2667,nan,0.1000,0.0000,0.0000,0.0000,0.0667
nan,nan,nan,nan,nan,nan,nan,nan,nan,0.0000,0.0000,0.0667,nan,0.0000,0.1000,1.0000,0.0000,0.1333
nan,nan,nan,nan,nan,nan,nan,nan,nan,0.0000,0.0000,0.1333,nan,0.2000,0.0000,0.0000,0.0000,0.0000
nan,nan,nan,nan,nan,nan,nan,nan,nan,0.1667,0.0000,0.1333,nan,0.1000,0.0000,0.0000,0.3333,0.0667
nan,nan,nan,nan,nan,nan,nan,nan,nan,0.0000,0.0000,0.0000,nan,0.0000,0.0000,0.0000,0.0000,0.0000
nan,nan,nan,nan,nan,nan,nan,nan,nan,0.1667,0.0000,0.1333,nan,0.1000,0.0000,0.0000,0.0000,0.1333
nan,nan,nan,nan,nan,nan,nan,nan,nan,0.0000,0.0000,0.0000,nan,0.0000,0.1000,0.0000,0.0000,0.0667
nan,nan,nan,nan,nan,nan,nan,nan,nan,0.3333,0.0000,0.0667,nan,0.0000,0.1000,0.0000,0.0000,0.0000
nan,nan,nan,nan,nan,nan,nan,nan,nan,0.1667,0.0000,0.0667,nan,0.1000,0.0000,0.0000,0.0000,0.0000
nan,nan,nan,nan,nan,nan,nan,nan,nan,0.1667,0.0000,0.0000,nan,0.2000,0.2000,0.0000,0.0000,0.0000
nan,nan,nan,nan,nan,nan,nan,nan,nan,0.0000,0.0000,0.0000,nan,0.1000,0.0000,0.0000,0.0000,0.0000
nan,nan,nan,nan,nan,nan,nan,nan,nan,0.0000,0.0000,0.1333,nan,0.0000,0.0000,0.0000,0.3333,0.0667
nan,nan,nan,nan,nan,nan,nan,nan,nan,0.0000,0.0000,0.0667,nan,0.0000,0.0000,0.0000,0.3333,0.0000
nan,nan,nan,nan,nan,nan,nan,nan,nan,0.3333,0.0000,0.0000,nan,0.0000,0.0000,0.0000,0.0000,0.0000
nan,nan,nan,nan,nan,nan,nan,nan,nan,0.1667,0.0000,0.2667,nan,0.0000,0.0000,0.0000,0.0000,0.0667
nan,nan,nan,nan,nan,nan,nan,nan,nan,0.1667,0.0000,0.0000,nan,0.1000,0.1000,0.0000,0.3333,0.0000
nan,nan,nan,nan,nan,nan,nan,nan,nan,0.0000,0.0000,0.0000,nan,0.2000,0.0000,0.0000,0.0000,0.0000
nan,nan,nan,nan,nan,nan,nan,nan,nan,0.0000,0.0000,0.2000,nan,0.2000,0.0000,0.0000,0.0000,0.0000
nan,nan,nan,nan,nan,nan,nan,nan,nan,0.0000,0.0000,0.1333,nan,0.1000,0.1000,0.0000,0.3333,0.0667
nan,nan,nan,nan,nan,nan,nan,nan,nan,0.1667,0.0000,0.0667,nan,0.1000,0.0000,0.0000,0.0000,0.0667
nan,nan,nan,nan,nan,nan,nan,nan,nan,0.1667,0.0000,0.2000,nan,0.2000,0.0000,0.0000,0.0000,0.0000
nan,nan,nan,nan,nan,nan,nan,nan,nan,0.0000,0.0000,0.2000,nan,0.0000,0.0000,0.0000,0.0000,0.0667
nan,nan,nan,nan,nan,nan,nan,nan,nan,0.1667,0.0000,0.0000,nan,0.1000,0.0000,0.0000,0.0000,0.0000
nan,nan,nan,nan,nan,nan,nan,nan,nan,0.1667,0.0000,0.0000,nan,0.0000,0.1000,0.0000,0.0000,0.1333
nan,nan,nan,nan,nan,nan,nan,nan,nan,0.1667,0.0000,0.0000,nan,0.2000,0.1000,0.0000,0.3333,0.1333
nan,nan,nan,nan,nan,nan,nan,nan,nan,0.0000,0.0000,0.0667,nan,0.1000,0.1000,0.0000,0.0000,0.0000
nan,nan,nan,nan,nan,nan,nan,nan,nan,0.1667,0.0000,0.2000,nan,0.0000,0.1000,0.0000,0.0000,0.0667
nan,nan,nan,nan,nan,nan,nan,nan,nan,0.0000,0.0000,0.1333,nan,0.2000,0.0000,0.0000,0.0000,0.0000
nan,nan,nan,nan,nan,nan,nan,nan,nan,0.0000,0.0000,0.0667,nan,0.1000,0.3000,0.0000,0.0000,0.0667
nan,nan,nan,nan,nan,nan,nan,nan,nan,0.1667,0.0000,0.0667,nan,0.0000,0.3000,0.0000,0.0000,0.0667
nan,nan,nan,nan,nan,nan,nan,nan,nan,0.3333,0.0000,0.0000,nan,0.2000,0.0000,0.0000,0.0000,0.0000
nan,nan,nan,nan,nan,nan,nan,nan,nan,0.1667,0.0000,0.0000,nan,0.1000,0.1000,0.0000,0.0000,0.0667
nan,nan,nan,nan,nan,nan,nan,nan,nan,0.0000,0.0000,0.0667,nan,0.2000,0.1000,0.0000,0.0000,0.0667
nan,nan,nan,nan,nan,nan,nan,nan,nan,0.0000,0.0000,0.0000,nan,0.1000,0.0000,0.0000,0.0000,0.1333
nan,nan,nan,nan,nan,nan,nan,nan,nan,0.0000,0.0000,0.1333,nan,0.1000,0.0000,0.0000,0.0000,0.0000
nan,nan,nan,nan,nan,nan,nan,nan,nan,0.0000,0.0000,0.0667,nan,0.1000,0.0000,0.0000,0.0000,0.0667
nan,nan,nan,nan,nan,nan,nan,nan,nan,0.1667,0.0000,0.0000,nan,0.1000,0.1000,0.0000,0.0000,0.1333
nan,nan,nan,nan,nan,nan,nan,nan,nan,0.1667,0.0000,0.0000,nan,0.0000,0.0000,0.0000,0.0000,0.0667
nan,nan,nan,nan,nan,nan,nan,nan,nan,0.0000,0.0000,0.0667,nan,0.0000,0.1000,0.0000,0.0000,0.0000
nan,nan,nan,nan,nan,nan,nan,nan,nan,0.0000,0.0000,0.0667,nan,0.0000,0.0000,0.0000,0.0000,0.0667
nan,nan,nan,nan,nan,nan,nan,nan,nan,0.1667,0.0000,0.1333,nan,0.0000,0.0000,0.0000,0.0000,0.0000
nan,nan,nan,nan,nan,nan,nan,nan,nan,0.1667,0.0000,0.0667,nan,0.1000,0.0000,0.0000,0.6667,0.0667
nan,nan,nan,nan,nan,nan,nan,nan,nan,0.1667,0.0000,0.1333,nan,0.1000,0.0000,0.0000,0.0000,0.0000
nan,nan,nan,nan,nan,nan,nan,nan,nan,0.0000,0.0000,0.0667,nan,0.1000,0.0000,0.0000,0.0000,0.0000
nan,nan,nan,nan,nan,nan,nan,nan,nan,0.0000,0.0000,0.0000,nan,0.1000,0.1000,0.0000,0.0000,0.1333
nan,nan,nan,nan,nan,nan,nan,nan,nan,0.0000,0.0000,0.0000,nan,0.0000,0.0000,0.0000,0.0000,0.1333
nan,nan,nan,nan,nan,nan,nan,nan,nan,0.3333,0.0000,0.0000,nan,0.1000,0.0000,0.0000,0.0000,0.0000
nan,nan,nan,nan,nan,nan,nan,nan,nan,0.1667,0.0000,0.2000,nan,0.0000,0.0000,0.0000,0.0000,0.0000
nan,nan,nan,nan,nan,nan,nan,nan,nan,0.0000,0.0000,0.0667,nan,0.2000,0.1000,0.0000,0.0000,0.0667
nan,nan,nan,nan,nan,nan,nan,nan,nan,0.0000,0.0000,0.3333,nan,0.1000,0.0000,0.0000,0.0000,0.0667
nan,nan,nan,nan,nan,nan,nan,nan,nan,0.1667,0.0000,0.0667,nan,0.0000,0.1000,1.0000,0.0000,0.0000
nan,nan,nan,nan,nan,nan,nan,nan,nan,0.0000,0.0000,0.0667,nan,0.2000,0.1000,0.0000,0.3333,0.0667
nan,nan,nan,nan,nan,nan,nan,nan,nan,0.0000,0.0000,0.0000,nan,0.1000,0.0000,0.0000,0.0000,0.0000
nan,nan,nan,nan,nan,nan,nan,nan,nan,0.0000,0.0000,0.0000,nan,0.0000,0.1000,0.0000,0.3333,0.0000
nan,nan,nan,nan,nan,nan,nan,nan,nan,0.0000,0.0000,0.2000,nan,0.1000,0.1000,0.0000,0.0000,0.0667
nan,nan,nan,nan,nan,nan,nan,nan,nan,0.3333,0.0000,0.1333,nan,0.1000,0.0000,0.0000,0.0000,0.0000
nan,nan,nan,nan,nan,nan,nan,nan,nan,0.0000,0.0000,0.0667,nan,0.1000,0.0000,0.0000,0.0000,0.0000
nan,nan,nan,nan,nan,nan,nan,nan,nan,0.0000,0.0000,0.0667,nan,0.2000,0.1000,0.0000,0.0000,0.0000
nan,nan,nan,nan,nan,nan,nan,nan,nan,0.0000,0.0000,0.1333,nan,0.0000,0.1000,0.0000,0.3333,0.0667
nan,nan,nan,nan,nan,nan,nan,nan,nan,0.0000,0.0000,0.0667,nan,0.0000,0.0000,0.0000,0.0000,0.0000
nan,nan,nan,nan,nan,nan,nan,nan,nan,0.0000,0.0000,0.0667,nan,0.0000,0.1000,1.0000,0.0000,0.1333
nan,nan,nan,nan,nan,nan,nan,nan,nan,0.0000,0.0000,0.0000,nan,0.1000,0.1000,0.0000,0.0000,0.0000
nan,nan,nan,nan,nan,nan,nan,nan,nan,0.1667,0.0000,0.0667,nan,0.2000,0.0000,0.0000,0.3333,0.0000
nan,nan,nan,nan,nan,nan,nan,nan,nan,0.1667,0.0000,0.1333,nan,0.0000,0.1000,0.0000,0.0000,0.0000
nan,nan,nan,nan,nan,nan,nan,nan,nan,0.1667,0.0000,0.2000,nan,0.0000,0.0000,0.0000,0.3333,0.0667
nan,nan,nan,nan,nan,nan,nan,nan,nan,0.0000,0.0000,0.0667,nan,0.0000,0.0000,0.0000,0.0000,0.0000
nan,nan,nan,nan,nan,nan,nan,nan,nan,0.0000,0.0000,0.0667,nan,0.1000,0.3000,0.0000,0.0000,0.0000
nan,nan,nan,nan,nan,nan,nan,nan,nan,0.1667,0.0000,0.0000,nan,0.1000,0.0000,0.0000,0.0000,0.0667
nan,nan,nan,nan,nan,nan,nan,nan,nan,0.0000,0.0000,0.0667,nan,0.0000,0.0000,0.0000,0.0000,0.0000
nan,nan,nan,nan,nan,nan,nan,nan,nan,0.0000,0.0000,0.0000,nan,0.2000,0.1000,0.0000,0.0000,0.0000
nan,nan,nan,nan,nan,nan,nan,nan,nan,0.0000,0.0000,0.0667,nan,0.1000,0.0000,0.0000,0.0000,0.0000
nan,nan,nan,nan,nan,nan,nan,nan,nan,0.0000,0.0000,0.0667,nan,0.0000,0.0000,0.0000,0.0000,0.0667
nan,nan,nan,nan,nan,nan,nan,nan,nan,0.1667,0.0000,0.2000,nan,0.0000,0.0000,0.0000,0.0000,0.0000
nan,nan,nan,nan,nan,nan,nan,nan,nan,0.1667,0.0000,0.0667,nan,0.1000,0.1000,0.0000,0.0000,0.0667
nan,nan,nan,nan,nan,nan,nan,nan,nan,0.0000,0.0000,0.0667,nan,0.0000,0.1000,0.0000,1.0000,0.0000
nan,nan,nan,nan,nan,nan,nan,nan,nan,0.1667,0.0000,0.0000,nan,0.1000,0.1000,0.0000,0.0000,0.0000
nan,nan,nan,nan,nan,nan,nan,nan,nan,0.0000,0.0000,0.0000,nan,0.0000,0.1000,0.0000,0.3333,0.1333
nan,nan,nan,nan,nan,nan,nan,nan,nan,0.0000,0.0000,0.1333,nan,0.0000,0.0000,0.0000,0.0000,0.0000
nan,nan,nan,nan,nan,nan,nan,nan,nan,0.0000,0.0000,0.0667,nan,0.1000,0.0000,0.0000,0.3333,0.0000
nan,nan,nan,nan,nan,nan,nan,nan,nan,0.0000,0.0000,0.0000,nan,0.1000,0.1000,0.0000,0.0000,0.0667
nan,nan,nan,nan,nan,nan,nan,nan,nan,0.0000,0.0000,0.2000,nan,0.0000,0.0000,1.0000,0.0000,0.0667
nan,nan,nan,nan,nan,nan,nan,nan,nan,0.5000,0.0000,0.1333,nan,0.0000,0.0000,0.0000,0.0000,0.0667
nan,nan,nan,nan,nan,nan,nan,nan,nan,0.1667,0.0000,0.1333,nan,0.1000,0.0000,0.0000,0.0000,0.0000
nan,nan,nan,nan,nan,nan,nan,nan,nan,0.1667,0.0000,0.0000,nan,0.3000,0.0000,0.0000,0.0000,0.0667
nan,nan,nan,nan,nan,nan,nan,nan,nan,0.1667,0.0000,0.0000,nan,0.1000,0.2000,0.0000,0.0000,0.0000
nan,nan,nan,nan,nan,nan,nan,nan,nan,0.0000,0.0000,0.1333,nan,0.1000,0.1000,0.0000,0.0000,0.0667
nan,nan,nan,nan,nan,nan,nan,nan,nan,0.0000,0.0000,0.0667,nan,0.0000,0.1000,0.0000,0.0000,0.1333
nan,nan,nan,nan,nan,nan,nan,nan,nan,0.0000,0.0000,0.1333,nan,0.0000,0.1000,0.0000,0.0000,0.0667
nan,nan,nan,nan,nan,nan,nan,nan,nan,0.0000,0.0000,0.1333,nan,0.1000,0.0000,0.0000,0.0000,0.0000
nan,nan,nan,nan,nan,nan,nan,nan,nan,0.5000,0.0000,0.0000,nan,0.0000,0.1000,0.0000,0.3333,0.0000
nan,nan,nan,nan,nan,nan,nan,nan,nan,0.1667,0.0000,0.0667,nan,0.0000,0.1000,0.0000,0.0000,0.0000
nan,nan,nan,nan,nan,nan,nan,nan,nan,0.0000,0.0000,0.0000,nan,0.2000,0.1000,0.0000,0.0000,0.0000
nan,nan,nan,nan,nan,nan,nan,nan,nan,0.3333,0.0000,0.0667,nan,0.1000,0.0000,0.0000,0.0000,0.0000
nan,nan,nan,nan,nan,nan,nan,nan,nan,0.0000,0.0000,0.0000,nan,0.1000,0.0000,0.0000,0.3333,0.0000
nan,nan,nan,nan,nan,nan,nan,nan,nan,0.0000,0.0000,0.0667,nan,0.1000,0.1000,0.0000,0.0000,0.0667
nan,nan,nan,nan,nan,nan,nan,nan,nan,0.1667,0.0000,0.1333,nan,0.1000,0.0000,0.0000,0.0000,0.0667
nan,nan,nan,nan,nan,nan,nan,nan,nan,0.0000,0.0000,0.1333,nan,0.2000,0.2000,0.0000,0.0000,0.0000
nan,nan,nan,nan,nan,nan,nan,nan,nan,0.1667,0.0000,0.0667,nan,0.0000,0.0000,0.0000,0.0000,0.0667
nan,nan,nan,nan,nan,nan,nan,nan,nan,0.1667,0.0000,0.0000,nan,0.0000,0.0000,1.0000,0.3333,0.0667
nan,nan,nan,nan,nan,nan,nan,nan,nan,0.0000,0.0000,0.0000,nan,0.1000,0.0000,0.0000,0.3333,0.0667
nan,nan,nan,nan,nan,nan,nan,nan,nan,0.0000,0.0000,0.0667,nan,0.0000,0.0000,0.0000,0.0000,0.0000
nan,nan,nan,nan,nan,nan,nan,nan,nan,0.0000,0.0000,0.0667,nan,0.0000,0.0000,0.0000,0.0000,0.0000
nan,nan,nan,nan,nan,nan,nan,nan,nan,0.0000,0.0000,0.0000,nan,0.0000,0.0000,0.0000,0.3333,0.0667
nan,nan,nan,nan,nan,nan,nan,nan,nan,0.3333,0.0000,0.0000,nan,0.3000,0.1000,0.0000,0.0000,0.0667
nan,nan,nan,nan,nan,nan,nan,nan,nan,0.1667,0.0000,0.1333,nan,0.1000,0.0000,1.0000,0.0000,0.0667
nan,nan,nan,nan,nan,nan,nan,nan,nan,0.0000,0.0000,0.0667,nan,0.0000,0.1000,0.0000,0.0000,0.0000
nan,nan,nan,nan,nan,nan,nan,nan,nan,0.1667,0.0000,0.0000,nan,0.0000,0.1000,0.0000,0.0000,0.0000
nan,nan,nan,nan,nan,nan,nan,nan,nan,0.0000,0.0000,0.1333,nan,0.0000,0.2000,0.0000,0.0000,0.0000
nan,nan,nan,nan,nan,nan,nan,nan,nan,0.1667,0.0000,0.0667,nan,0.1000,0.0000,0.0000,0.0000,0.0667
nan,nan,nan,nan,nan,nan,nan,nan,nan,0.0000,0.0000,0.0667,nan,0.0000,0.0000,0.0000,0.0000,0.1333
nan,nan,nan,nan,nan,nan,nan,nan,nan,0.0000,0.0000,0.0000,nan,0.0000,0.1000,0.0000,0.0000,0.0000
nan,nan,nan,nan,nan,nan,nan,nan,nan,0.0000,0.0000,0.0667,nan,0.0000,0.1000,0.0000,0.3333,0.0667
nan,nan,nan,nan,nan,nan,nan,nan,nan,0.1667,0.0000,0.0667,nan,0.0000,0.0000,0.0000,0.0000,0.0667
nan,nan,nan,nan,nan,nan,nan,nan,nan,0.1667,0.0000,0.0667,nan,0.1000,0.0000,0.0000,0.0000,0.1333
nan,nan,nan,nan,nan,nan,nan,nan,nan,0.3333,0.0000,0.2000,nan,0.1000,0.2000,0.0000,0.0000,0.0667
nan,nan,nan,nan,nan,nan,nan,nan,nan,0.0000,0.0000,0.1333,nan,0.0000,0.0000,0.0000,0.3333,0.0000
nan,nan,nan,nan,nan,nan,nan,nan,nan,0.0000,0.0000,0.0667,nan,0.0000,0.0000,0.0000,0.0000,0.0000
nan,nan,nan,nan,nan,nan,nan,nan,nan,0.3333,0.0000,0.1333,nan,0.1000,0.1000,1.0000,0.0000,0.1333
nan,nan,nan,nan,nan,nan,nan,nan,nan,0.0000,0.0000,0.0667,nan,0.0000,0.1000,0.0000,0.0000,0.0000
nan,nan,nan,nan,nan,nan,nan,nan,nan,0.1667,0.0000,0.0000,nan,0.1000,0.1000,0.0000,0.3333,0.0667
nan,nan,nan,nan,nan,nan,nan,nan,nan,0.1667,0.0000,0.0000,nan,0.1000,0.1000,0.0000,0.0000,0.0000
nan,nan,nan,nan,nan,nan,nan,nan,nan,0.0000,0.0000,0.2000,nan,0.1000,0.0000,0.0000,0.0000,0.0000
nan,nan,nan,nan,nan,nan,nan,nan,nan,0.1667,0.0000,0.0667,nan,0.3000,0.0000,0.0000,0.3333,0.0000
nan,nan,nan,nan,nan,nan,nan,nan,nan,0.0000,0.0000,0.1333,nan,0.1000,0.2000,1.0000,0.0000,0.0667
nan,nan,nan,nan,nan,nan,nan,nan,nan,0.0000,0.0000,0.0000,nan,0.1000,0.1000,0.0000,0.0000,0.0000
nan,nan,nan,nan,nan,nan,nan,nan,nan,0.0000,0.0000,0.0000,nan,0.0000,0.1000,0.0000,0.0000,0.0667
nan,nan,nan,nan,nan,nan,nan,nan,nan,0.1667,0.0000,0.2667,nan,0.0000,0.3000,0.0000,0.0000,0.0000
nan,nan,nan,nan,nan,nan,nan,nan,nan,0.0000,0.0000,0.0667,nan,0.1000,0.0000,0.0000,0.3333,0.0667
nan,nan,nan,nan,nan,nan,nan,nan,nan,0.0000,0.0000,0.2667,nan,0.1000,0.2000,0.0000,0.3333,0.0667
nan,nan,nan,nan,nan,nan,nan,nan,nan,0.0000,0.0000,0.0667,nan,0.0000,0.0000,0.0000,0.0000,0.0000
nan,nan,nan,nan,nan,nan,nan,nan,nan,0.0000,0.0000,0.0667,nan,0.0000,0.0000,0.0000,0.0000,0.0000
nan,nan,nan,nan,nan,nan,nan,nan,nan,0.0000,0.0000,0.0667,nan,0.1000,0.1000,1.0000,0.0000,0.0000
nan,nan,nan,nan,nan,nan,nan,nan,nan,0.5000,0.0000,0.1333,nan,0.0000,0.0000,0.0000,0.0000,0.0000
nan,nan,nan,nan,nan,nan,nan,nan,nan,0.1667,0.0000,0.0667,nan,0.0000,0.0000,0.0000,0.0000,0.0000
nan,nan,nan,nan,nan,nan,nan,nan,nan,0.0000,0.0000,0.0000,nan,0.0000,0.2000,0.0000,0.0000,0.0000
nan,nan,nan,nan,nan,nan,nan,nan,nan,0.0000,0.0000,0.0000,nan,0.1000,0.1000,0.0000,0.0000,0.0667
nan,nan,nan,nan,nan,nan,nan,nan,nan,0.0000,0.0000,0.0000,nan,0.0000,0.0000,0.0000,0.0000,0.0000
nan,nan,nan,nan,nan,nan,nan,nan,nan,0.0000,0.0000,0.0000,nan,0.1000,0.0000,1.0000,0.0000,0.0000
nan,nan,nan,nan,nan,nan,nan,nan,nan,0.0000,0.0000,0.0667,nan,0.1000,0.1000,0.0000,0.0000,0.0000
nan,nan,nan,nan,nan,nan,nan,nan,nan,0.0000,0.0000,0.1333,nan,0.1000,0.3000,0.0000,0.0000,0.0000
nan,nan,nan,nan,nan,nan,nan,nan,nan,0.0000,0.0000,0.2000,nan,0.1000,0.0000,0.0000,0.0000,0.0000
nan,nan,nan,nan,nan,nan,nan,nan,nan,0.1667,0.0000,0.2000,nan,0.2000,0.0000,0.0000,0.0000,0.0667
nan,nan,nan,nan,nan,nan,nan,nan,nan,0.0000,0.0000,0.0667,nan,0.1000,0.0000,0.0000,0.0000,0.0667
nan,nan,nan,nan,nan,nan,nan,nan,nan,0.0000,0.0000,0.2000,nan,0.0000,0.0000,0.0000,0.0000,0.0667
nan,nan,nan,nan,nan,nan,nan,nan,nan,0.0000,0.0000,0.1333,nan,0.0000,0.0000,0.0000,0.0000,0.0667
nan,nan,nan,nan,nan,nan,nan,nan,nan,0.0000,0.0000,0.0667,nan,0.1000,0.0000,0.0000,0.3333,0.0000
nan,nan,nan,nan,nan,nan,nan,nan,nan,0.1667,0.0000,0.0667,nan,0.1000,0.1000,0.0000,0.0000,0.0667
nan,nan,nan,nan,nan,nan,nan,nan,nan,0.1667,0.0000,0.1333,nan,0.0000,0.1000,1.0000,0.0000,0.0000
nan,nan,nan,nan,nan,nan,nan,nan,nan,0.0000,0.0000,0.1333,nan,0.1000,0.0000,0.0000,0.0000,0.0000
nan,nan,nan,nan,nan,nan,nan,nan,nan,0.1667,0.0000,0.0000,nan,0.1000,0.0000,0.0000,0.0000,0.0000
nan,nan,nan,nan,nan,nan,nan,nan,nan,0.0000,0.0000,0.0667,nan,0.0000,0.0000,0.0000,0.3333,0.0667
nan,nan,nan,nan,nan,nan,nan,nan,nan,0.0000,0.0000,0.0000,nan,0.0000,0.1000,0.0000,0.0000,0.0667
nan,nan,nan,nan,nan,nan,nan,nan,nan,0.3333,0.0000,0.0667,nan,0.0000,0.0000,0.0000,0.0000,0.0667
nan,nan,nan,nan,nan,nan,nan,nan,nan,0.0000,0.0000,0.0667,nan,0.1000,0.1000,0.0000,0.0000,0.0000
nan,nan,nan,nan,nan,nan,nan,nan,nan,0.0000,0.0000,0.2000,nan,0.1000,0.1000,0.0000,0.0000,0.0667
nan,nan,nan,nan,nan,nan,nan,nan,nan,0.0000,0.0000,0.2000,nan,0.0000,0.0000,0.0000,0.3333,0.0667
nan,nan,nan,nan,nan,nan,nan,nan,nan,0.0000,0.0000,0.0667,nan,0.1000,0.1000,1.0000,0.0000,0.0000
nan,nan,nan,nan,nan,nan,nan,nan,nan,0.1667,0.0000,0.2000,nan,0.0000,0.1000,0.0000,0.0000,0.0667
nan,nan,nan,nan,nan,nan,nan,nan,nan,0.1667,0.0000,0.0667,nan,0.1000,0.0000,0.0000,0.0000,0.0000
nan,nan,nan,nan,nan,nan,nan,nan,nan,0.0000,0.0000,0.0667,nan,0.0000,0.0000,0.0000,0.0000,0.0000
nan,nan,nan,nan,nan,nan,nan,nan,nan,0.1667,0.0000,0.1333,nan,0.2000,0.0000,0.0000,0.0000,0.0000
nan,nan,nan,nan,nan,nan,nan,nan,nan,0.0000,0.0000,0.0667,nan,0.1000,0.0000,0.0000,0.0000,0.0000
nan,nan,nan,nan,nan,nan,nan,nan,nan,0.0000,0.0000,0.1333,nan,0.0000,0.0000,0.0000,0.0000,0.0000
nan,nan,nan,nan,nan,nan,nan,nan,nan,0.1667,0.0000,0.0000,nan,0.0000,0.0000,0.0000,0.0000,0.0667
nan,nan,nan,nan,nan,nan,nan,nan,nan,0.0000,0.0000,0.0667,nan,0.1000,0.0000,0.0000,0.3333,0.0667
nan,nan,nan,nan,nan,nan,nan,nan,nan,0.1667,0.0000,0.1333,nan,0.1000,0.1000,0.0000,0.0000,0.0667
nan,nan,nan,nan,nan,nan,nan,nan,nan,0.0000,0.0000,0.0000,nan,0.1000,0.0000,0.0000,0.0000,0.0000
nan,nan,nan,nan,nan,nan,nan,nan,nan,0.3333,0.0000,0.0000,nan,0.1000,0.0000,0.0000,0.0000,0.0000
nan,nan,nan,nan,nan,nan,nan,nan,nan,0.0000,0.0000,0.2667,nan,0.0000,0.1000,0.0000,0.3333,0.0667
nan,nan,nan,nan,nan,nan,nan,nan,nan,0.3333,0.0000,0.4000,nan,0.1000,0.0000,0.0000,0.3333,0.1333
nan,nan,nan,nan,nan,nan,nan,nan,nan,0.1667,0.0000,0.1333,nan,0.0000,0.0000,0.0000,0.0000,0.0000
nan,nan,nan,nan,nan,nan,nan,nan,nan,0.1667,0.0000,0.0667,nan,0.1000,0.0000,0.0000,0.0000,0.0667
nan,nan,nan,nan,nan,nan,nan,nan,nan,0.0000,0.0000,0.0000,nan,0.1000,0.0000,0.0000,0.0000,0.0000
nan,nan,nan,nan,nan,nan,nan,nan,nan,0.0000,0.0000,0.0000,nan,0.2000,0.0000,0.0000,0.0000,0.0667
nan,nan,nan,nan,nan,nan,nan,nan,nan,0.1667,0.0000,0.0000,nan,0.1000,0.1000,0.0000,0.0000,0.0000
nan,nan,nan,nan,nan,nan,nan,nan,nan,0.0000,0.0000,0.1333,nan,0.1000,0.0000,0.0000,0.0000,0.0000
nan,nan,nan,nan,nan,nan,nan,nan,nan,0.1667,0.0000,0.0667,nan,0.0000,0.0000,0.0000,0.0000,0.0667
nan,nan,nan,nan,nan,nan,nan,nan,nan,0.1667,0.0000,0.1333,nan,0.1000,0.0000,0.0000,1.0000,0.0667
nan,nan,nan,nan,nan,nan,nan,nan,nan,0.0000,0.0000,0.0667,nan,0.0000,0.1000,0.0000,0.3333,0.0667
nan,nan,nan,nan,nan,nan,nan,nan,nan,0.0000,0.0000,0.0000,nan,0.0000,0.1000,0.0000,0.3333,0.0667
nan,nan,nan,nan,nan,nan,nan,nan,nan,0.1667,0.0000,0.0667,nan,0.0000,0.1000,0.0000,0.3333,0.0000
nan,nan,nan,nan,nan,nan,nan,nan,nan,0.1667,0.0000,0.0667,nan,0.0000,0.1000,0.0000,0.3333,0.0000
nan,nan,nan,nan,nan,nan,nan,nan,nan,0.3333,0.0000,0.1333,nan,0.0000,0.0000,0.0000,0.0000,0.0000
nan,nan,nan,nan,nan,nan,nan,nan,nan,0.1667,0.0000,0.2667,nan,0.0000,0.0000,0.0000,0.0000,0.0000
nan,nan,nan,nan,nan,nan,nan,nan,nan,0.0000,0.0000,0.2667,nan,0.1000,0.1000,0.0000,0.3333,0.0000
nan,nan,nan,nan,nan,nan,nan,nan,nan,0.3333,0.0000,0.0000,nan,0.0000,0.0000,0.0000,0.0000,0.0000
nan,nan,nan,nan,nan,nan,nan,nan,nan,0.1667,0.0000,0.0667,nan,0.0000,0.1000,0.0000,0.0000,0.0667
nan,nan,nan,nan,nan,nan,nan,nan,nan,0.1667,0.0000,0.0667,nan,0.1000,0.1000,0.0000,0.0000,0.0000
nan,nan,nan,nan,nan,nan,nan,nan,nan,0.0000,0.0000,0.2000,nan,0.0000,0.0000,0.0000,0.0000,0.0000
nan,nan,nan,nan,nan,nan,nan,nan,nan,0.0000,0.0000,0.2667,nan,0.1000,0.1000,0.0000,0.0000,0.0667
nan,nan,nan,nan,nan,nan,nan,nan,nan,0.0000,0.0000,0.2667,nan,0.0000,0.0000,0.0000,0.0000,0.0000
nan,nan,nan,nan,nan,nan,nan,nan,nan,0.0000,0.0000,0.0667,nan,0.3000,0.1000,0.0000,0.0000,0.0667
nan,nan,nan,nan,nan,nan,nan,nan,nan,0.0000,0.0000,0.0667,nan,0.0000,0.0000,0.0000,0.0000,0.1333
nan,nan,nan,nan,nan,nan,nan,nan,nan,0.1667,0.0000,0.0667,nan,0.1000,0.1000,0.0000,0.3333,0.1333
nan,nan,nan,nan,nan,nan,nan,nan,nan,0.1667,0.0000,0.2000,nan,0.0000,0.0000,1.0000,0.0000,0.2667
nan,nan,nan,nan,nan,nan,nan,nan,nan,0.0000,0.0000,0.0667,nan,0.5000,0.1000,0.0000,0.0000,0.0000
nan,nan,nan,nan,nan,nan,nan,nan,nan,0.3333,0.0000,0.1333,nan,0.1000,0.0000,0.0000,0.0000,0.0667
nan,nan,nan,nan,nan,nan,nan,nan,nan,0.1667,0.0000,0.0667,nan,0.1000,0.0000,1.0000,0.0000,0.0667
nan,nan,nan,nan,nan,nan,nan,nan,nan,0.0000,0.0000,0.0667,nan,0.1000,0.0000,0.0000,0.3333,0.0667
nan,nan,nan,nan,nan,nan,nan,nan,nan,0.1667,0.0000,0.0000,nan,0.2000,0.0000,0.0000,0.0000,0.0000
nan,nan,nan,nan,nan,nan,nan,nan,nan,0.1667,0.0000,0.0000,nan,0.0000,0.0000,0.0000,0.0000,0.1333
nan,nan,nan,nan,nan,nan,nan,nan,nan,0.0000,0.0000,0.0667,nan,0.0000,0.0000,0.0000,0.0000,0.0000
nan,nan,nan,nan,nan,nan,nan,nan,nan,0.0000,0.0000,0.2000,nan,0.1000,0.0000,0.0000,0.3333,0.0000
nan,nan,nan,nan,nan,nan,nan,nan,nan,0.1667,0.0000,0.0667,nan,0.0000,0.1000,1.0000,0.3333,0.0000
nan,nan,nan,nan,nan,nan,nan,nan,nan,0.1667,0.0000,0.0000,nan,0.1000,0.0000,0.0000,0.3333,0.1333
nan,nan,nan,nan,nan,nan,nan,nan,nan,0.5000,0.0000,0.0000,nan,0.1000,0.0000,0.0000,0.0000,0.0000
nan,nan,nan,nan,nan,nan,nan,nan,nan,0.0000,0.0000,0.0667,nan,0.1000,0.0000,0.0000,0.3333,0.0000
nan,nan,nan,nan,nan,nan,nan,nan,nan,0.0000,0.0000,0.0000,nan,0.0000,0.0000,0.0000,0.0000,0.0667
nan,nan,nan,nan,nan,nan,nan,nan,nan,0.0000,0.0000,0.0667,nan,0.3000,0.1000,0.0000,0.0000,0.0000
nan,nan,nan,nan,nan,nan,nan,nan,nan,0.1667,0.0000,0.0667,nan,0.1000,0.0000,0.0000,0.0000,0.0000
nan,nan,nan,nan,nan,nan,nan,nan,nan,0.5000,0.0000,0.1333,nan,0.0000,0.1000,0.0000,0.0000,0.0000
nan,nan,nan,nan,nan,nan,nan,nan,nan,0.0000,0.0000,0.0000,nan,0.1000,0.2000,0.0000,0.3333,0.0000
nan,nan,nan,nan,nan,nan,nan,nan,nan,0.5000,0.0000,0.0000,nan,0.1000,0.0000,0.0000,0.0000,0.0667
nan,nan,nan,nan,nan,nan,nan,nan,nan,0.0000,0.0000,0.1333,nan,0.1000,0.0000,1.0000,0.0000,0.0667
nan,nan,nan,nan,nan,nan,nan,nan,nan,0.0000,0.0000,0.0000,nan,0.1000,0.0000,0.0000,0.0000,0.0000
nan,nan,nan,nan,nan,nan,nan,nan,nan,0.0000,0.0000,0.0667,nan,0.0000,0.1000,0.0000,0.0000,0.0667
nan,nan,nan,nan,nan,nan,nan,nan,nan,0.1667,0.0000,0.0667,nan,0.0000,0.0000,0.0000,0.0000,0.0000
nan,nan,nan,nan,nan,nan,nan,nan,nan,0.0000,0.0000,0.2667,nan,0.1000,0.1000,0.0000,0.3333,0.1333
nan,nan,nan,nan,nan,nan,nan,nan,nan,0.1667,0.0000,0.1333,nan,0.3000,0.0000,0.0000,0.0000,0.0000
nan,nan,nan,nan,nan,nan,nan,nan,nan,0.0000,0.0000,0.0000,nan,0.1000,0.0000,0.0000,0.0000,0.0000
nan,nan,nan,nan,nan,nan,nan,nan,nan,0.0000,0.0000,0.1333,nan,0.2000,0.1000,0.0000,0.0000,0.0667
nan,nan,nan,nan,nan,nan,nan,nan,nan,0.1667,0.0000,0.0667,nan,0.0000,0.1000,0.0000,0.0000,0.0667
nan,nan,nan,nan,nan,nan,nan,nan,nan,0.1667,0.0000,0.0000,nan,0.1000,0.0000,0.0000,0.0000,0.0000
nan,nan,nan,nan,nan,nan,nan,nan,nan,0.0000,0.0000,0.0000,nan,0.0000,0.1000,0.0000,0.0000,0.0667
nan,nan,nan,nan,nan,nan,nan,nan,nan,0.5000,0.0000,0.0000,nan,0.0000,0.1000,0.0000,0.0000,0.0667
nan,nan,nan,nan,nan,nan,nan,nan,nan,0.1667,0.0000,0.2000,nan,0.2000,0.0000,0.0000,0.0000,0.0000
nan,nan,nan,nan,nan,nan,nan,nan,nan,0.1667,0.0000,0.0000,nan,0.0000,0.2000,0.0000,0.0000,0.0667
nan,nan,nan,nan,nan,nan,nan,nan,nan,0.0000,0.0000,0.0667,nan,0.0000,0.1000,0.0000,0.0000,0.0667
nan,nan,nan,nan,nan,nan,nan,nan,nan,0.1667,0.0000,0.0667,nan,0.0000,0.0000,0.0000,0.0000,0.0000
nan,nan,nan,nan,nan,nan,nan,nan,nan,0.1667,0.0000,0.0667,nan,0.4000,0.1000,0.0000,0.0000,0.0000
nan,nan,nan,nan,nan,nan,nan,nan,nan,0.0000,0.0000,0.0667,nan,0.1000,0.0000,0.0000,0.0000,0.0000
nan,nan,nan,nan,nan,nan,nan,nan,nan,0.1667,0.0000,0.0000,nan,0.2000,0.0000,0.0000,0.0000,0.0000
nan,nan,nan,nan,nan,nan,nan,nan,nan,0.1667,0.0000,0.0000,nan,0.1000,0.0000,0.0000,0.0000,0.0667
nan,nan,nan,nan,nan,nan,nan,nan,nan,0.3333,0.0000,0.2667,nan,0.1000,0.0000,0.0000,0.0000,0.0000
nan,nan,nan,nan,nan,nan,nan,nan,nan,0.1667,0.0000,0.0000,nan,0.0000,0.0000,0.0000,0.0000,0.0000
nan,nan,nan,nan,nan,nan,nan,nan,nan,0.0000,0.0000,0.0667,nan,0.0000,0.1000,0.0000,0.0000,0.0667
nan,nan,nan,nan,nan,nan,nan,nan,nan,0.0000,0.0000,0.2000,nan,0.0000,0.1000,0.0000,0.0000,0.0667
nan,nan,nan,nan,nan,nan,nan,nan,nan,0.1667,0.0000,0.1333,nan,0.1000,0.1000,0.0000,0.0000,0.0667
nan,nan,nan,nan,nan,nan,nan,nan,nan,0.0000,0.0000,0.2000,nan,0.0000,0.0000,0.0000,0.0000,0.0000
nan,nan,nan,nan,nan,nan,nan,nan,nan,0.0000,0.0000,0.0667,nan,0.1000,0.0000,0.0000,0.0000,0.0667
nan,nan,nan,nan,nan,nan,nan,nan,nan,0.0000,0.0000,0.0000,nan,0.2000,0.1000,0.0000,0.0000,0.0000
nan,nan,nan,nan,nan,nan,nan,nan,nan,0.0000,0.0000,0.1333,nan,0.1000,0.0000,0.0000,0.0000,0.0000
nan,nan,nan,nan,nan,nan,nan,nan,nan,0.1667,0.0000,0.0000,nan,0.0000,0.0000,0.0000,0.0000,0.0000
nan,nan,nan,nan,nan,nan,nan,nan,nan,0.1667,0.0000,0.0000,nan,0.2000,0.0000,0.0000,0.0000,0.0000
nan,nan,nan,nan,nan,nan,nan,nan,nan,0.1667,0.0000,0.0667,nan,0.2000,0.4000,0.0000,0.3333,0.1333
nan,nan,nan,nan,nan,nan,nan,nan,nan,0.0000,0.0000,0.0667,nan,0.4000,0.0000,0.0000,0.0000,0.0000
nan,nan,nan,nan,nan,nan,nan,nan,nan,0.0000,0.0000,0.2000,nan,0.0000,0.1000,0.0000,0.0000,0.0667
nan,nan,nan,nan,nan,nan,nan,nan,nan,0.0000,0.0000,0.0667,nan,0.0000,0.0000,0.0000,0.3333,0.0000
nan,nan,nan,nan,nan,nan,nan,nan,nan,0.0000,0.0000,0.0667,nan,0.1000,0.0000,0.0000,0.0000,0.0000
nan,nan,nan,nan,nan,nan,nan,nan,nan,0.0000,0.0000,0.2000,nan,0.1000,0.2000,0.0000,0.0000,0.0000
nan,nan,nan,nan,nan,nan,nan,nan,nan,0.0000,1.0000,0.0667,nan,0.0000,0.2000,0.0000,0.0000,0.0667
nan,nan,nan,nan,nan,nan,nan,nan,nan,0.0000,0.0000,0.0667,nan,0.0000,0.1000,0.0000,0.0000,0.0000
nan,nan,nan,nan,nan,nan,nan,nan,nan,0.1667,0.0000,0.0667,nan,0.0000,0.0000,0.0000,0.3333,0.0000
nan,nan,nan,nan,nan,nan,nan,nan,nan,0.0000,0.0000,0.0000,nan,0.1000,0.0000,0.0000,0.3333,0.0667
nan,nan,nan,nan,nan,nan,nan,nan,nan,0.0000,0.0000,0.0667,nan,0.0000,0.1000,0.0000,0.0000,0.0667
nan,nan,nan,nan,nan,nan,nan,nan,nan,0.0000,0.0000,0.0000,nan,0.1000,0.0000,0.0000,0.0000,0.0000
nan,nan,nan,nan,nan,nan,nan,nan,nan,0.1667,0.0000,0.1333,nan,0.1000,0.0000,0.0000,0.0000,0.0000
nan,nan,nan,nan,nan,nan,nan,nan,nan,0.0000,0.0000,0.0667,nan,0.3000,0.2000,0.0000,0.3333,0.2000
nan,nan,nan,nan,nan,nan,nan,nan,nan,0.3333,0.0000,0.2000,nan,0.1000,0.1000,0.0000,0.0000,0.0667
nan,nan,nan,nan,nan,nan,nan,nan,nan,0.1667,0.0000,0.0667,nan,0.1000,0.0000,0.0000,0.3333,0.1333
nan,nan,nan,nan,nan,nan,nan,nan,nan,0.1667,0.0000,0.0000,nan,0.0000,0.0000,0.0000,0.0000,0.0000
nan,nan,nan,nan,nan,nan,nan,nan,nan,0.1667,0.0000,0.2000,nan,0.2000,0.3000,0.0000,0.3333,0.0667
nan,nan,nan,nan,nan,nan,nan,nan,nan,0.0000,0.0000,0.0667,nan,0.1000,0.0000,0.0000,0.0000,0.0000
nan,nan,nan,nan,nan,nan,nan,nan,nan,0.0000,0.0000,0.2000,nan,0.0000,0.0000,0.0000,0.0000,0.0667
nan,nan,nan,nan,nan,nan,nan,nan,nan,0.1667,0.0000,0.0667,nan,0.1000,0.0000,0.0000,0.0000,0.0000
nan,nan,nan,nan,nan,nan,nan,nan,nan,0.0000,0.0000,0.0667,nan,0.2000,0.1000,0.0000,0.0000,0.0000
nan,nan,nan,nan,nan,nan,nan,nan,nan,0.0000,0.0000,0.0667,nan,0.0000,0.1000,0.0000,0.3333,0.0000
nan,nan,nan,nan,nan,nan,nan,nan,nan,0.0000,0.0000,0.0667,nan,0.0000,0.1000,0.0000,0.0000,0.0667
nan,nan,nan,nan,nan,nan,nan,nan,nan,0.3333,0.0000,0.4000,nan,0.0000,0.0000,0.0000,0.0000,0.1333
nan,nan,nan,nan,nan,nan,nan,nan,nan,0.0000,0.0000,0.0000,nan,0.0000,0.2000,0.0000,0.0000,0.0000
nan,nan,nan,nan,nan,nan,nan,nan,nan,0.1667,0.0000,0.1333,nan,0.1000,0.0000,0.0000,0.0000,0.0000
nan,nan,nan,nan,nan,nan,nan,nan,nan,0.0000,0.0000,0.0000,nan,0.1000,0.0000,1.0000,0.3333,0.0667
nan,nan,nan,nan,nan,nan,nan,nan,nan,0.1667,0.0000,0.0000,nan,0.0000,0.0000,0.0000,0.0000,0.0000
nan,nan,nan,nan,nan,nan,nan,nan,nan,0.1667,0.0000,0.0667,nan,0.1000,0.0000,0.0000,0.0000,0.0000
nan,nan,nan,nan,nan,nan,nan,nan,nan,0.0000,0.0000,0.0000,nan,0.1000,0.1000,0.0000,0.0000,0.0000
nan,nan,nan,nan,nan,nan,nan,nan,nan,0.0000,0.0000,0.0667,nan,0.0000,0.0000,0.0000,0.0000,0.0000
nan,nan,nan,nan,nan,nan,nan,nan,nan,0.0000,0.0000,0.0000,nan,0.0000,0.1000,0.0000,0.0000,0.0000
nan,nan,nan,nan,nan,nan,nan,nan,nan,0.1667,0.0000,0.0000,nan,0.0000,0.1000,0.0000,0.0000,0.0000
nan,nan,nan,nan,nan,nan,nan,nan,nan,0.3333,0.0000,0.2667,nan,0.3000,0.0000,0.0000,0.0000,0.0000
nan,nan,nan,nan,nan,nan,nan,nan,nan,0.1667,0.0000,0.0667,nan,0.1000,0.1000,0.0000,0.3333,0.0667
nan,nan,nan,nan,nan,nan,nan,nan,nan,0.0000,0.0000,0.0667,nan,0.1000,0.1000,0.0000,0.0000,0.0000
nan,nan,nan,nan,nan,nan,nan,nan,nan,0.0000,0.0000,0.0667,nan,0.0000,0.1000,0.0000,0.0000,0.0667
nan,nan,nan,nan,nan,nan,nan,nan,nan,0.1667,0.0000,0.0000,nan,0.1000,0.1000,0.0000,0.0000,0.0000
nan,nan,nan,nan,nan,nan,nan,nan,nan,0.1667,0.0000,0.0000,nan,0.0000,0.0000,0.0000,0.0000,0.0667
nan,nan,nan,nan,nan,nan,nan,nan,nan,0.0000,0.0000,0.0667,nan,0.0000,0.0000,0.0000,0.0000,0.0000
nan,nan,nan,nan,nan,nan,nan,nan,nan,0.0000,0.0000,0.0667,nan,0.3000,0.1000,0.0000,0.0000,0.0000
nan,nan,nan,nan,nan,nan,nan,nan,nan,0.1667,0.0000,0.1333,nan,0.1000,0.0000,0.0000,0.3333,0.0000
nan,nan,nan,nan,nan,nan,nan,nan,nan,0.1667,0.0000,0.0000,nan,0.2000,0.0000,0.0000,0.0000,0.0667
nan,nan,nan,nan,nan,nan,nan,nan,nan,0.0000,0.0000,0.1333,nan,0.1000,0.0000,0.0000,0.0000,0.0000
nan,nan,nan,nan,nan,nan,nan,nan,nan,0.0000,0.0000,0.2667,nan,0.1000,0.1000,0.0000,0.0000,0.0000
nan,nan,nan,nan,nan,nan,nan,nan,nan,0.0000,0.0000,0.0000,nan,0.1000,0.0000,0.0000,0.3333,0.0000
nan,nan,nan,nan,nan,nan,nan,nan,nan,0.0000,0.0000,0.2667,nan,0.0000,0.1000,0.0000,0.0000,0.0000
nan,nan,nan,nan,nan,nan,nan,nan,nan,0.1667,0.0000,0.1333,nan,0.1000,0.0000,0.0000,0.0000,0.0000
nan,nan,nan,nan,nan,nan,nan,nan,nan,0.0000,0.0000,0.2000,nan,0.1000,0.0000,0.0000,0.3333,0.2000
nan,nan,nan,nan,nan,nan,nan,nan,nan,0.0000,0.0000,0.0000,nan,0.1000,0.2000,0.0000,0.0000,0.0667
nan,nan,nan,nan,nan,nan,nan,nan,nan,0.0000,0.0000,0.0000,nan,0.1000,0.0000,0.0000,0.0000,0.1333
nan,nan,nan,nan,nan,nan,nan,nan,nan,0.5000,0.0000,0.1333,nan,0.1000,0.0000,0.0000,0.3333,0.0000
nan,nan,nan,nan,nan,nan,nan,nan,nan,0.0000,0.0000,0.0667,nan,0.3000,0.1000,0.0000,0.0000,0.0667
nan,nan,nan,nan,nan,nan,nan,nan,nan,0.1667,0.0000,0.0667,nan,0.1000,0.0000,0.0000,0.3333,0.0000
nan,nan,nan,nan,nan,nan,nan,nan,nan,0.0000,0.0000,0.0667,nan,0.1000,0.0000,0.0000,0.0000,0.0000
nan,nan,nan,nan,nan,nan,nan,nan,nan,0.1667,0.0000,0.0667,nan,0.0000,0.0000,0.0000,0.3333,0.0667
nan,nan,nan,nan,nan,nan,nan,nan,nan,0.0000,0.0000,0.0667,nan,0.2000,0.1000,0.0000,0.0000,0.0000
nan,nan,nan,nan,nan,nan,nan,nan,nan,0.1667,0.0000,0.0667,nan,0.1000,0.0000,0.0000,0.0000,0.0667
nan,nan,nan,nan,nan,nan,nan,nan,nan,0.0000,0.0000,0.0667,nan,0.0000,0.3000,0.0000,0.0000,0.1333
nan,nan,nan,nan,nan,nan,nan,nan,nan,0.1667,0.0000,0.0667,nan,0.2000,0.0000,0.0000,0.0000,0.0667
nan,nan,nan,nan,nan,nan,nan,nan,nan,0.0000,0.0000,0.3333,nan,0.0000,0.0000,0.0000,0.0000,0.0000
nan,nan,nan,nan,nan,nan,nan,nan,nan,0.3333,0.0000,0.0667,nan,0.0000,0.0000,0.0000,0.0000,0.0000
nan,nan,nan,nan,nan,nan,nan,nan,nan,0.1667,0.0000,0.1333,nan,0.1000,0.0000,0.0000,0.0000,0.0000
nan,nan,nan,nan,nan,nan,nan,nan,nan,0.0000,0.0000,0.0667,nan,0.1000,0.0000,0.0000,0.0000,0.0000
nan,nan,nan,nan,nan,nan,nan,nan,nan,0.0000,0.0000,0.0667,nan,0.0000,0.1000,0.0000,0.0000,0.0000
nan,nan,nan,nan,nan,nan,nan,nan,nan,0.1667,0.0000,0.1333,nan,0.0000,0.0000,0.0000,0.0000,0.0000
nan,nan,nan,nan,nan,nan,nan,nan,nan,0.0000,0.0000,0.0667,nan,0.0000,0.0000,0.0000,0.3333,0.1333
nan,nan,nan,nan,nan,nan,nan,nan,nan,0.0000,0.0000,0.0000,nan,0.0000,0.1000,0.0000,0.0000,0.0667
nan,nan,nan,nan,nan,nan,nan,nan,nan,0.0000,0.0000,0.1333,nan,0.0000,0.1000,0.0000,0.0000,0.1333
nan,nan,nan,nan,nan,nan,nan,nan,nan,0.1667,0.0000,0.0667,nan,0.6000,0.1000,0.0000,0.0000,0.0667
nan,nan,nan,nan,nan,nan,nan,nan,nan,0.0000,0.0000,0.2000,nan,0.1000,0.1000,0.0000,0.0000,0.1333
nan,nan,nan,nan,nan,nan,nan,nan,nan,0.3333,0.0000,0.2000,nan,0.2000,0.0000,0.0000,0.3333,0.0667
nan,nan,nan,nan,nan,nan,nan,nan,nan,0.1667,0.0000,0.0667,nan,0.1000,0.1000,0.0000,0.3333,0.0667
nan,nan,nan,nan,nan,nan,nan,nan,nan,0.0000,0.0000,0.0000,nan,0.0000,0.0000,0.0000,0.0000,0.0000
nan,nan,nan,nan,nan,nan,nan,nan,nan,0.0000,0.0000,0.0667,nan,0.0000,0.1000,0.0000,0.0000,0.0000
nan,nan,nan,nan,nan,nan,nan,nan,nan,0.3333,0.0000,0.2000,nan,0.1000,0.0000,0.0000,0.0000,0.0000
nan,nan,nan,nan,nan,nan,nan,nan,nan,0.3333,0.0000,0.2667,nan,0.1000,0.0000,0.0000,0.0000,0.0000
nan,nan,nan,nan,nan,nan,nan,nan,nan,0.1667,0.0000,0.0667,nan,0.0000,0.1000,0.0000,0.0000,0.0667
nan,nan,nan,nan,nan,nan,nan,nan,nan,0.0000,0.0000,0.1333,nan,0.1000,0.0000,0.0000,0.0000,0.1333
nan,nan,nan,nan,nan,nan,nan,nan,nan,0.1667,0.0000,0.0667,nan,0.0000,0.0000,0.0000,0.0000,0.0000
nan,nan,nan,nan,nan,nan,nan,nan,nan,0.0000,0.0000,0.2667,nan,0.1000,0.1000,0.0000,0.0000,0.0000
nan,nan,nan,nan,nan,nan,nan,nan,nan,0.0000,0.0000,0.0667,nan,0.0000,0.0000,0.0000,0.0000,0.0000
nan,nan,nan,nan,nan,nan,nan,nan,nan,0.0000,0.0000,0.0667,nan,0.0000,0.1000,0.0000,0.3333,0.0667
nan,nan,nan,nan,nan,nan,nan,nan,nan,0.0000,0.0000,0.0667,nan,0.0000,0.0000,0.0000,0.0000,0.0667
nan,nan,nan,nan,nan,nan,nan,nan,nan,0.0000,0.0000,0.0000,nan,0.0000,0.0000,0.0000,0.0000,0.0000
nan,nan,nan,nan,nan,nan,nan,nan,nan,0.1667,0.0000,0.0667,nan,0.1000,0.1000,0.0000,0.0000,0.0000
nan,nan,nan,nan,nan,nan,nan,nan,nan,0.0000,0.0000,0.0667,nan,0.0000,0.0000,0.0000,0.3333,0.0000
nan,nan,nan,nan,nan,nan,nan,nan,nan,0.1667,0.0000,0.0667,nan,0.1000,0.1000,0.0000,0.3333,0.0000
nan,nan,nan,nan,nan,nan,nan,nan,nan,0.0000,0.0000,0.2667,nan,0.0000,0.0000,0.0000,0.0000,0.1333
nan,nan,nan,nan,nan,nan,nan,nan,nan,0.0000,0.0000,0.0667,nan,0.1000,0.1000,0.0000,0.0000,0.0667
nan,nan,nan,nan,nan,nan,nan,nan,nan,0.0000,0.0000,0.0667,nan,0.0000,0.0000,0.0000,0.3333,0.0000
nan,nan,nan,nan,nan,nan,nan,nan,nan,0.0000,0.0000,0.0000,nan,0.0000,0.2000,0.0000,0.0000,0.0667
nan,nan,nan,nan,nan,nan,nan,nan,nan,0.1667,0.0000,0.0000,nan,0.0000,0.0000,0.0000,0.0000,0.0667
nan,nan,nan,nan,nan,nan,nan,nan,nan,0.0000,0.0000,0.0667,nan,0.1000,0.0000,0.0000,0.0000,0.0000
nan,nan,nan,nan,nan,nan,nan,nan,nan,0.1667,0.0000,0.0000,nan,0.0000,0.0000,0.0000,0.0000,0.1333
nan,nan,nan,nan,nan,nan,nan,nan,nan,0.1667,0.0000,0.0000,nan,0.0000,0.0000,0.0000,0.0000,0.0000
nan,nan,nan,nan,nan,nan,nan,nan,nan,0.0000,0.0000,0.1333,nan,0.1000,0.0000,0.0000,0.3333,0.0667
nan,nan,nan,nan,nan,nan,nan,nan,nan,0.0000,0.0000,0.0000,nan,0.0000,0.0000,0.0000,0.0000,0.0000
nan,nan,nan,nan,nan,nan,nan,nan,nan,0.1667,0.0000,0.0667,nan,0.0000,0.0000,0.0000,0.0000,0.0667
nan,nan,nan,nan,nan,nan,nan,nan,nan,0.0000,0.0000,0.0000,nan,0.1000,0.1000,0.0000,0.0000,0.0667
nan,nan,nan,nan,nan,nan,nan,nan,nan,0.0000,0.0000,0.0667,nan,0.1000,0.0000,0.0000,0.0000,0.0667
nan,nan,nan,nan,nan,nan,nan,nan,nan,0.0000,0.0000,0.0667,nan,0.0000,0.1000,0.0000,0.3333,0.0667
nan,nan,nan,nan,nan,nan,nan,nan,nan,0.0000,0.0000,0.0667,nan,0.2000,0.0000,0.0000,0.0000,0.1333
nan,nan,nan,nan,nan,nan,nan,nan,nan,0.0000,0.0000,0.1333,nan,0.1000,0.1000,0.0000,0.3333,0.2000
nan,nan,nan,nan,nan,nan,nan,nan,nan,0.0000,0.0000,0.1333,nan,0.1000,0.0000,0.0000,0.0000,0.1333
nan,nan,nan,nan,nan,nan,nan,nan,nan,0.0000,0.0000,0.0667,nan,0.3000,0.0000,0.0000,0.3333,0.1333
nan,nan,nan,nan,nan,nan,nan,nan,nan,0.0000,0.0000,0.0667,nan,0.1000,0.1000,0.0000,0.0000,0.0000
nan,nan,nan,nan,nan,nan,nan,nan,nan,0.1667,0.0000,0.1333,nan,0.1000,0.1000,0.0000,0.0000,0.0000
nan,nan,nan,nan,nan,nan,nan,nan,nan,0.1667,0.0000,0.0000,nan,0.0000,0.1000,0.0000,0.0000,0.0667
nan,nan,nan,nan,nan,nan,nan,nan,nan,0.0000,0.0000,0.0667,nan,0.0000,0.1000,0.0000,0.0000,0.0000
nan,nan,nan,nan,nan,nan,nan,nan,nan,0.0000,0.0000,0.0000,nan,0.1000,0.1000,0.0000,0.0000,0.0000
nan,nan,nan,nan,nan,nan,nan,nan,nan,0.3333,0.0000,0.0667,nan,0.1000,0.2000,0.0000,0.0000,0.0000
nan,nan,nan,nan,nan,nan,nan,nan,nan,0.1667,1.0000,0.2000,nan,0.0000,0.1000,0.0000,0.0000,0.0000
nan,nan,nan,nan,nan,nan,nan,nan,nan,0.1667,0.0000,0.0667,nan,0.0000,0.1000,0.0000,0.0000,0.0667
nan,nan,nan,nan,nan,nan,nan,nan,nan,0.0000,0.0000,0.1333,nan,0.1000,0.0000,0.0000,0.0000,0.2667
nan,nan,nan,nan,nan,nan,nan,nan,nan,0.1667,0.0000,0.0667,nan,0.1000,0.2000,0.0000,0.3333,0.0000
nan,nan,nan,nan,nan,nan,nan,nan,nan,0.0000,0.0000,0.1333,nan,0.4000,0.1000,0.0000,0.3333,0.0000
nan,nan,nan,nan,nan,nan,nan,nan,nan,0.0000,0.0000,0.0667,nan,0.1000,0.0000,0.0000,0.0000,0.0667
nan,nan,nan,nan,nan,nan,nan,nan,nan,0.1667,0.0000,0.0667,nan,0.0000,0.0000,0.0000,0.0000,0.0000
nan,nan,nan,nan,nan,nan,nan,nan,nan,0.0000,0.0000,0.0000,nan,0.0000,0.0000,0.0000,0.3333,0.0667
nan,nan,nan,nan,nan,nan,nan,nan,nan,0.0000,0.0000,0.0000,nan,0.0000,0.0000,0.0000,0.0000,0.0000
nan,nan,nan,nan,nan,nan,nan,nan,nan,0.0000,0.0000,0.0000,nan,0.0000,0.0000,0.0000,0.0000,0.0667
nan,nan,nan,nan,nan,nan,nan,nan,nan,0.1667,0.0000,0.0000,nan,0.1000,0.1000,0.0000,0.0000,0.0000
nan,nan,nan,nan,nan,nan,nan,nan,nan,0.0000,0.0000,0.0000,nan,0.2000,0.1000,0.0000,0.0000,0.0000
nan,nan,nan,nan,nan,nan,nan,nan,nan,0.1667,0.0000,0.1333,nan,0.1000,0.1000,0.0000,0.0000,0.1333
nan,nan,nan,nan,nan,nan,nan,nan,nan,0.0000,0.0000,0.0667,nan,0.1000,0.0000,0.0000,0.0000,0.0000
nan,nan,nan,nan,nan,nan,nan,nan,nan,0.0000,0.0000,0.0667,nan,0.1000,0.1000,0.0000,0.0000,0.0667
nan,nan,nan,nan,nan,nan,nan,nan,nan,0.0000,0.0000,0.0667,nan,0.3000,0.1000,0.0000,0.0000,0.0000
nan,nan,nan,nan,nan,nan,nan,nan,nan,0.1667,0.0000,0.0000,nan,0.0000,0.0000,0.0000,0.3333,0.0667
nan,nan,nan,nan,nan,nan,nan,nan,nan,0.0000,0.0000,0.0000,nan,0.2000,0.0000,0.0000,0.3333,0.1333
nan,nan,nan,nan,nan,nan,nan,nan,nan,0.0000,0.0000,0.1333,nan,0.2000,0.1000,0.0000,0.0000,0.0667
nan,nan,nan,nan,nan,nan,nan,nan,nan,0.0000,0.0000,0.0667,nan,0.1000,0.0000,0.0000,0.0000,0.0000
nan,nan,nan,nan,nan,nan,nan,nan,nan,0.1667,0.0000,0.0667,nan,0.3000,0.0000,0.0000,0.3333,0.0000
nan,nan,nan,nan,nan,nan,nan,nan,nan,0.3333,0.0000,0.2000,nan,0.1000,0.0000,1.0000,0.0000,0.0000
nan,nan,nan,nan,nan,nan,nan,nan,nan,0.0000,0.0000,0.1333,nan,0.1000,0.0000,0.0000,0.3333,0.0000
nan,nan,nan,nan,nan,nan,nan,nan,nan,0.0000,0.0000,0.0667,nan,0.0000,0.1000,0.0000,0.0000,0.0000
nan,nan,nan,nan,nan,nan,nan,nan,nan,0.1667,0.0000,0.0667,nan,0.0000,0.1000,0.0000,0.0000,0.1333
nan,nan,nan,nan,nan,nan,nan,nan,nan,0.1667,0.0000,0.2667,nan,0.2000,0.0000,0.0000,0.3333,0.1333
nan,nan,nan,nan,nan,nan,nan,nan,nan,0.1667,0.0000,0.1333,nan,0.1000,0.1000,0.0000,0.0000,0.0000
nan,nan,nan,nan,nan,nan,nan,nan,nan,0.0000,0.0000,0.0000,nan,0.0000,0.1000,0.0000,0.0000,0.0000
nan,nan,nan,nan,nan,nan,nan,nan,nan,0.0000,0.0000,0.0667,nan,0.1000,0.1000,0.0000,0.3333,0.1333
nan,nan,nan,nan,nan,nan,nan,nan,nan,0.5000,0.0000,0.0000,nan,0.1000,0.0000,0.0000,0.0000,0.0000
nan,nan,nan,nan,nan,nan,nan,nan,nan,0.0000,0.0000,0.0000,nan,0.1000,0.0000,0.0000,0.0000,0.0667
nan,nan,nan,nan,nan,nan,nan,nan,nan,0.1667,0.0000,0.0667,nan,0.1000,0.1000,0.0000,0.0000,0.0000
nan,nan,nan,nan,nan,nan,nan,nan,nan,0.1667,0.0000,0.0000,nan,0.1000,0.2000,0.0000,0.0000,0.0000
nan,nan,nan,nan,nan,nan,nan,nan,nan,0.1667,0.0000,0.0667,nan,0.1000,0.3000,0.0000,0.0000,0.0000
nan,nan,nan,nan,nan,nan,nan,nan,nan,0.0000,0.0000,0.0667,nan,0.1000,0.2000,0.0000,0.0000,0.0667
nan,nan,nan,nan,nan,nan,nan,nan,nan,0.1667,0.0000,0.0667,nan,0.1000,0.1000,0.0000,0.0000,0.0667
nan,nan,nan,nan,nan,nan,nan,nan,nan,0.0000,0.0000,0.0000,nan,0.0000,0.1000,0.0000,0.0000,0.0667
nan,nan,nan,nan,nan,nan,nan,nan,nan,0.0000,0.0000,0.0000,nan,0.0000,0.1000,1.0000,0.0000,0.0000
nan,nan,nan,nan,nan,nan,nan,nan,nan,0.1667,0.0000,0.0000,nan,0.0000,0.0000,0.0000,0.0000,0.0000
nan,nan,nan,nan,nan,nan,nan,nan,nan,0.0000,0.0000,0.2667,nan,0.0000,0.1000,0.0000,0.0000,0.0000
nan,nan,nan,nan,nan,nan,nan,nan,nan,0.1667,0.0000,0.0667,nan,0.2000,0.0000,0.0000,0.3333,0.2000
nan,nan,nan,nan,nan,nan,nan,nan,nan,0.0000,0.0000,0.0667,nan,0.1000,0.0000,0.0000,0.0000,0.0000
nan,nan,nan,nan,nan,nan,nan,nan,nan,0.1667,0.0000,0.0667,nan,0.0000,0.0000,0.0000,0.0000,0.0000
nan,nan,nan,nan,nan,nan,nan,nan,nan,0.0000,0.0000,0.0667,nan,0.1000,0.0000,0.0000,0.0000,0.0000
nan,nan,nan,nan,nan,nan,nan,nan,nan,0.0000,0.0000,0.1333,nan,0.1000,0.0000,0.0000,0.0000,0.0667
nan,nan,nan,nan,nan,nan,nan,nan,nan,0.0000,0.0000,0.2000,nan,0.1000,0.0000,0.0000,0.0000,0.0667
nan,nan,nan,nan,nan,nan,nan,nan,nan,0.0000,0.0000,0.0667,nan,0.0000,0.1000,0.0000,0.0000,0.0000
nan,nan,nan,nan,nan,nan,nan,nan,nan,0.0000,0.0000,0.1333,nan,0.1000,0.0000,0.0000,0.0000,0.2000
nan,nan,nan,nan,nan,nan,nan,nan,nan,0.1667,0.0000,0.2000,nan,0.0000,0.0000,0.0000,0.0000,0.2000
nan,nan,nan,nan,nan,nan,nan,nan,nan,0.0000,0.0000,0.0667,nan,0.0000,0.2000,0.0000,0.0000,0.0000
nan,nan,nan,nan,nan,nan,nan,nan,nan,0.0000,0.0000,0.0000,nan,0.0000,0.2000,0.0000,0.3333,0.1333
nan,nan,nan,nan,nan,nan,nan,nan,nan,0.0000,0.0000,0.0667,nan,0.1000,0.0000,0.0000,0.0000,0.0667
nan,nan,nan,nan,nan,nan,nan,nan,nan,0.0000,0.0000,0.0667,nan,0.1000,0.1000,0.0000,0.0000,0.0667
nan,nan,nan,nan,nan,nan,nan,nan,nan,0.1667,0.0000,0.2000,nan,0.0000,0.0000,0.0000,0.0000,0.0000
nan,nan,nan,nan,nan,nan,nan,nan,nan,0.0000,0.0000,0.0667,nan,0.0000,0.0000,0.0000,0.0000,0.0000
nan,nan,nan,nan,nan,nan,nan,nan,nan,0.1667,0.0000,0.0000,nan,0.0000,0.0000,0.0000,0.0000,0.0000
nan,nan,nan,nan,nan,nan,nan,nan,nan,0.1667,0.0000,0.0000,nan,0.0000,0.0000,0.0000,0.0000,0.0000
nan,nan,nan,nan,nan,nan,nan,nan,nan,0.1667,0.0000,0.0667,nan,0.1000,0.0000,0.0000,0.0000,0.0667
nan,nan,nan,nan,nan,nan,nan,nan,nan,0.0000,0.0000,0.1333,nan,0.0000,0.0000,0.0000,0.0000,0.0667
nan,nan,nan,nan,nan,nan,nan,nan,nan,0.5000,0.0000,0.2000,nan,0.0000,0.0000,0.0000,0.0000,0.0000
nan,nan,nan,nan,nan,nan,nan,nan,nan,0.0000,0.0000,0.0667,nan,0.1000,0.0000,0.0000,0.0000,0.1333
nan,nan,nan,nan,nan,nan,nan,nan,nan,0.0000,0.0000,0.1333,nan,0.1000,0.1000,0.0000,0.0000,0.0000
nan,nan,nan,nan,nan,nan,nan,nan,nan,0.0000,0.0000,0.1333,nan,0.1000,0.0000,0.0000,0.0000,0.0000
nan,nan,nan,nan,nan,nan,nan,nan,nan,0.1667,0.0000,0.0667,nan,0.0000,0.0000,0.0000,0.0000,0.0667
nan,nan,nan,nan,nan,nan,nan,nan,nan,0.1667,0.0000,0.2000,nan,0.1000,0.0000,0.0000,0.0000,0.0000
nan,nan,nan,nan,nan,nan,nan,nan,nan,0.1667,0.0000,0.0000,nan,0.2000,0.1000,0.0000,0.3333,0.0000
nan,nan,nan,nan,nan,nan,nan,nan,nan,0.1667,0.0000,0.0667,nan,0.0000,0.1000,0.0000,0.3333,0.0000
nan,nan,nan,nan,nan,nan,nan,nan,nan,0.0000,0.0000,0.0667,nan,0.2000,0.0000,0.0000,0.0000,0.0667
nan,nan,nan,nan,nan,nan,nan,nan,nan,0.1667,0.0000,0.0667,nan,0.0000,0.0000,0.0000,0.0000,0.0667
nan,nan,nan,nan,nan,nan,nan,nan,nan,0.0000,0.0000,0.0667,nan,0.2000,0.1000,0.0000,0.0000,0.0000
nan,nan,nan,nan,nan,nan,nan,nan,nan,0.0000,0.0000,0.0667,nan,0.1000,0.1000,0.0000,0.0000,0.0000
nan,nan,nan,nan,nan,nan,nan,nan,nan,0.0000,0.0000,0.0667,nan,0.1000,0.1000,0.0000,0.0000,0.0000
nan,nan,nan,nan,nan,nan,nan,nan,nan,0.0000,0.0000,0.0000,nan,0.1000,0.1000,0.0000,0.0000,0.0667
nan,nan,nan,nan,nan,nan,nan,nan,nan,0.1667,0.0000,0.0667,nan,0.0000,0.1000,0.0000,0.0000,0.0000
nan,nan,nan,nan,nan,nan,nan,nan,nan,0.1667,0.0000,0.0000,nan,0.3000,0.1000,0.0000,0.0000,0.0667
nan,nan,nan,nan,nan,nan,nan,nan,nan,0.0000,0.0000,0.0667,nan,0.0000,0.0000,0.0000,0.0000,0.0000
nan,nan,nan,nan,nan,nan,nan,nan,nan,0.0000,0.0000,0.0667,nan,0.0000,0.1000,0.0000,0.0000,0.0000
nan,nan,nan,nan,nan,nan,nan,nan,nan,0.0000,0.0000,0.0667,nan,0.1000,0.0000,0.0000,0.3333,0.0000
nan,nan,nan,nan,nan,nan,nan,nan,nan,0.0000,0.0000,0.0000,nan,0.1000,0.1000,0.0000,0.3333,0.1333
nan,nan,nan,nan,nan,nan,nan,nan,nan,0.0000,0.0000,0.0667,nan,0.1000,0.2000,0.0000,0.0000,0.0667
nan,nan,nan,nan,nan,nan,nan,nan,nan,0.1667,0.0000,0.0667,nan,0.1000,0.1000,0.0000,0.0000,0.0000
nan,nan,nan,nan,nan,nan,nan,nan,nan,0.0000,0.0000,0.0000,nan,0.0000,0.1000,0.0000,0.0000,0.0667
nan,nan,nan,nan,nan,nan,nan,nan,nan,0.1667,0.0000,0.1333,nan,0.0000,0.1000,0.0000,0.0000,0.0667
nan,nan,nan,nan,nan,nan,nan,nan,nan,0.0000,0.0000,0.0667,nan,0.0000,0.0000,0.0000,0.0000,0.0000
nan,nan,nan,nan,nan,nan,nan,nan,nan,0.0000,0.0000,0.0000,nan,0.1000,0.0000,0.0000,0.0000,0.0000
nan,nan,nan,nan,nan,nan,nan,nan,nan,0.0000,0.0000,0.0000,nan,0.0000,0.3000,0.0000,0.0000,0.0000
nan,nan,nan,nan,nan,nan,nan,nan,nan,0.0000,0.0000,0.0667,nan,0.0000,0.0000,0.0000,0.0000,0.1333
nan,nan,nan,nan,nan,nan,nan,nan,nan,0.1667,0.0000,0.0000,nan,0.0000,0.0000,0.0000,0.0000,0.0000
nan,nan,nan,nan,nan,nan,nan,nan,nan,0.0000,0.0000,0.0667,nan,0.0000,0.1000,0.0000,0.3333,0.0000
nan,nan,nan,nan,nan,nan,nan,nan,nan,0.0000,0.0000,0.0000,nan,0.1000,0.2000,0.0000,0.0000,0.0667
nan,nan,nan,nan,nan,nan,nan,nan,nan,0.0000,0.0000,0.0000,nan,0.0000,0.0000,0.0000,0.3333,0.0000
nan,nan,nan,nan,nan,nan,nan,nan,nan,0.1667,0.0000,0.1333,nan,0.0000,0.0000,0.0000,0.0000,0.0000
nan,nan,nan,nan,nan,nan,nan,nan,nan,0.3333,0.0000,0.0667,nan,0.0000,0.1000,0.0000,0.0000,0.1333
nan,nan,nan,nan,nan,nan,nan,nan,nan,0.0000,0.0000,0.0000,nan,0.1000,0.0000,0.0000,0.0000,0.0000
nan,nan,nan,nan,nan,nan,nan,nan,nan,0.1667,0.0000,0.0667,nan,0.0000,0.1000,0.0000,0.3333,0.0667
nan,nan,nan,nan,nan,nan,nan,nan,nan,0.0000,0.0000,0.0667,nan,0.0000,0.1000,0.0000,0.0000,0.0000
nan,nan,nan,nan,nan,nan,nan,nan,nan,0.0000,0.0000,0.0667,nan,0.0000,0.1000,0.0000,0.3333,0.0667
nan,nan,nan,nan,nan,nan,nan,nan,nan,0.1667,0.0000,0.2000,nan,0.1000,0.0000,0.0000,0.0000,0.0667
nan,nan,nan,nan,nan,nan,nan,nan,nan,0.3333,0.0000,0.0000,nan,0.1000,0.1000,0.0000,0.0000,0.0000
nan,nan,nan,nan,nan,nan,nan,nan,nan,0.0000,0.0000,0.0667,nan,0.0000,0.2000,0.0000,0.0000,0.0667
nan,nan,nan,nan,nan,nan,nan,nan,nan,0.1667,0.0000,0.0667,nan,0.1000,0.0000,0.0000,0.0000,0.3333
nan,nan,nan,nan,nan,nan,nan,nan,nan,0.3333,0.0000,0.1333,nan,0.1000,0.0000,1.0000,0.0000,0.0000
nan,nan,nan,nan,nan,nan,nan,nan,nan,0.1667,0.0000,0.0667,nan,0.1000,0.0000,0.0000,0.0000,0.0000
nan,nan,nan,nan,nan,nan,nan,nan,nan,0.0000,0.0000,0.0667,nan,0.0000,0.1000,0.0000,0.3333,0.0000
nan,nan,nan,nan,nan,nan,nan,nan,nan,0.0000,0.0000,0.1333,nan,0.2000,0.1000,0.0000,0.0000,0.0667
nan,nan,nan,nan,nan,nan,nan,nan,nan,0.1667,0.0000,0.0000,nan,0.1000,0.1000,0.0000,0.3333,0.0667
nan,nan,nan,nan,nan,nan,nan,nan,nan,0.1667,0.0000,0.0000,nan,0.1000,0.1000,0.0000,0.0000,0.0667
nan,nan,nan,nan,nan,nan,nan,nan,nan,0.1667,0.0000,0.1333,nan,0.0000,0.0000,0.0000,0.0000,0.0000
nan,nan,nan,nan,nan,nan,nan,nan,nan,0.0000,0.0000,0.1333,nan,0.0000,0.0000,1.0000,0.0000,0.0667
nan,nan,nan,nan,nan,nan,nan,nan,nan,0.1667,0.0000,0.0667,nan,0.0000,0.0000,0.0000,0.0000,0.2000
nan,nan,nan,nan,nan,nan,nan,nan,nan,0.1667,0.0000,0.0667,nan,0.0000,0.0000,0.0000,0.0000,0.0667
nan,nan,nan,nan,nan,nan,nan,nan,nan,0.0000,0.0000,0.0667,nan,0.3000,0.1000,0.0000,0.0000,0.0000
nan,nan,nan,nan,nan,nan,nan,nan,nan,0.0000,0.0000,0.0667,nan,0.0000,0.0000,0.0000,0.0000,0.0000
nan,nan,nan,nan,nan,nan,nan,nan,nan,0.0000,0.0000,0.2000,nan,0.0000,0.0000,0.0000,0.0000,0.1333
nan,nan,nan,nan,nan,nan,nan,nan,nan,0.0000,0.0000,0.0000,nan,0.1000,0.1000,0.0000,0.0000,0.0667
nan,nan,nan,nan,nan,nan,nan,nan,nan,0.1667,0.0000,0.0000,nan,0.0000,0.0000,0.0000,0.3333,0.0667
nan,nan,nan,nan,nan,nan,nan,nan,nan,0.6667,0.0000,0.0000,nan,0.1000,0.0000,0.0000,0.0000,0.0667
nan,nan,nan,nan,nan,nan,nan,nan,nan,0.0000,0.0000,0.0000,nan,0.1000,0.1000,0.0000,0.3333,0.1333
nan,nan,nan,nan,nan,nan,nan,nan,nan,0.0000,0.0000,0.0000,nan,0.0000,0.1000,0.0000,0.0000,0.0667
nan,nan,nan,nan,nan,nan,nan,nan,nan,0.1667,0.0000,0.0000,nan,0.0000,0.0000,0.0000,0.0000,0.0667
nan,nan,nan,nan,nan,nan,nan,nan,nan,0.0000,0.0000,0.1333,nan,0.2000,0.0000,0.0000,0.0000,0.1333
nan,nan,nan,nan,nan,nan,nan,nan,nan,0.1667,0.0000,0.0000,nan,0.0000,0.0000,0.0000,0.0000,0.1333
nan,nan,nan,nan,nan,nan,nan,nan,nan,0.0000,0.0000,0.0667,nan,0.0000,0.1000,0.0000,0.3333,0.0667
nan,nan,nan,nan,nan,nan,nan,nan,nan,0.0000,0.0000,0.0667,nan,0.4000,0.0000,0.0000,0.0000,0.0667
nan,nan,nan,nan,nan,nan,nan,nan,nan,0.0000,0.0000,0.1333,nan,0.1000,0.0000,0.0000,0.0000,0.0667
nan,nan,nan,nan,nan,nan,nan,nan,nan,0.5000,0.0000,0.0667,nan,0.1000,0.0000,0.0000,0.0000,0.0000
nan,nan,nan,nan,nan,nan,nan,nan,nan,0.0000,0.0000,0.1333,nan,0.1000,0.0000,0.0000,0.3333,0.0667
nan,nan,nan,nan,nan,nan,nan,nan,nan,0.0000,0.0000,0.0667,nan,0.2000,0.0000,0.0000,0.0000,0.1333
nan,nan,nan,nan,nan,nan,nan,nan,nan,0.1667,0.0000,0.0667,nan,0.0000,0.0000,0.0000,0.0000,0.0000
nan,nan,nan,nan,nan,nan,nan,nan,nan,0.0000,0.0000,0.0667,nan,0.3000,0.1000,0.0000,0.3333,0.1333
nan,nan,nan,nan,nan,nan,nan,nan,nan,0.1667,0.0000,0.0667,nan,0.0000,0.1000,0.0000,0.0000,0.0000
nan,nan,nan,nan,nan,nan,nan,nan,nan,0.0000,0.0000,0.0667,nan,0.0000,0.1000,0.0000,0.3333,0.0000
nan,nan,nan,nan,nan,nan,nan,nan,nan,0.0000,0.0000,0.0000,nan,0.1000,0.1000,0.0000,0.0000,0.0000
nan,nan,nan,nan,nan,nan,nan,nan,nan,0.0000,0.0000,0.0000,nan,0.1000,0.0000,0.0000,0.3333,0.0667
nan,nan,nan,nan,nan,nan,nan,nan,nan,0.0000,0.0000,0.0667,nan,0.3000,0.0000,0.0000,0.0000,0.0000
nan,nan,nan,nan,nan,nan,nan,nan,nan,0.0000,0.0000,0.2000,nan,0.1000,0.1000,0.0000,0.3333,0.0667
nan,nan,nan,nan,nan,nan,nan,nan,nan,0.5000,0.0000,0.0000,nan,0.1000,0.0000,0.0000,0.0000,0.0000
nan,nan,nan,nan,nan,nan,nan,nan,nan,0.0000,0.0000,0.0667,nan,0.0000,0.0000,0.0000,0.0000,0.1333
nan,nan,nan,nan,nan,nan,nan,nan,nan,0.1667,0.0000,0.1333,nan,0.2000,0.0000,0.0000,0.0000,0.0000
nan,nan,nan,nan,nan,nan,nan,nan,nan,0.0000,0.0000,0.0667,nan,0.1000,0.1000,0.0000,0.3333,0.1333
nan,nan,nan,nan,nan,nan,nan,nan,nan,0.0000,0.0000,0.1333,nan,0.0000,0.0000,0.0000,0.0000,0.0667
nan,nan,nan,nan,nan,nan,nan,nan,nan,0.1667,0.0000,0.1333,nan,0.1000,0.0000,0.0000,0.0000,0.1333
nan,nan,nan,nan,nan,nan,nan,nan,nan,0.1667,0.0000,0.0667,nan,0.0000,0.0000,0.0000,0.0000,0.1333
nan,nan,nan,nan,nan,nan,nan,nan,nan,0.0000,0.0000,0.0667,nan,0.1000,0.0000,1.0000,0.0000,0.0000
nan,nan,nan,nan,nan,nan,nan,nan,nan,0.0000,0.0000,0.0667,nan,0.2000,0.0000,0.0000,0.0000,0.0000
nan,nan,nan,nan,nan,nan,nan,nan,nan,0.0000,0.0000,0.1333,nan,0.0000,0.0000,0.0000,0.0000,0.0667
nan,nan,nan,nan,nan,nan,nan,nan,nan,0.0000,0.0000,0.0000,nan,0.0000,0.1000,0.0000,0.0000,0.0000
nan,nan,nan,nan,nan,nan,nan,nan,nan,0.0000,0.0000,0.2000,nan,0.1000,0.0000,0.0000,0.0000,0.0667
nan,nan,nan,nan,nan,nan,nan,nan,nan,0.0000,0.0000,0.0667,nan,0.1000,0.0000,1.0000,0.0000,0.0667
nan,nan,nan,nan,nan,nan,nan,nan,nan,0.1667,0.0000,0.1333,nan,0.0000,0.3000,0.0000,0.0000,0.2000
nan,nan,nan,nan,nan,nan,nan,nan,nan,0.0000,0.0000,0.2667,nan,0.0000,0.0000,0.0000,0.3333,0.0000
nan,nan,nan,nan,nan,nan,nan,nan,nan,0.1667,0.0000,0.0667,nan,0.0000,0.1000,0.0000,0.0000,0.0667
nan,nan,nan,nan,nan,nan,nan,nan,nan,0.1667,0.0000,0.0667,nan,0.1000,0.0000,0.0000,0.0000,0.0000
nan,nan,nan,nan,nan,nan,nan,nan,nan,0.0000,0.0000,0.2000,nan,0.0000,0.0000,0.0000,0.3333,0.0000
nan,nan,nan,nan,nan,nan,nan,nan,nan,0.1667,0.0000,0.2667,nan,0.0000,0.3000,0.0000,0.0000,0.0000
nan,nan,nan,nan,nan,nan,nan,nan,nan,0.1667,0.0000,0.0667,nan,0.1000,0.0000,0.0000,0.0000,0.0667
nan,nan,nan,nan,nan,nan,nan,nan,nan,0.3333,0.0000,0.0667,nan,0.1000,0.0000,0.0000,0.0000,0.0667
nan,nan,nan,nan,nan,nan,nan,nan,nan,0.0000,0.0000,0.1333,nan,0.0000,0.0000,0.0000,0.0000,0.0000
nan,nan,nan,nan,nan,nan,nan,nan,nan,0.1667,0.0000,0.0667,nan,0.0000,0.0000,0.0000,0.3333,0.0000
nan,nan,nan,nan,nan,nan,nan,nan,nan,0.0000,0.0000,0.1333,nan,0.0000,0.0000,0.0000,0.3333,0.2000
nan,nan,nan,nan,nan,nan,nan,nan,nan,0.0000,0.0000,0.0667,nan,0.1000,0.1000,0.0000,0.0000,0.2000
nan,nan,nan,nan,nan,nan,nan,nan,nan,0.0000,0.0000,0.0000,nan,0.0000,0.0000,0.0000,0.0000,0.0000
nan,nan,nan,nan,nan,nan,nan,nan,nan,0.0000,0.0000,0.1333,nan,0.1000,0.3000,0.0000,0.0000,0.0000
nan,nan,nan,nan,nan,nan,nan,nan,nan,0.5000,0.0000,0.0667,nan,0.1000,0.0000,0.0000,0.0000,0.1333
nan,nan,nan,nan,nan,nan,nan,nan,nan,0.1667,0.0000,0.0667,nan,0.1000,0.5000,0.0000,0.0000,0.0667
nan,nan,nan,nan,nan,nan,nan,nan,nan,0.0000,0.0000,0.2000,nan,0.0000,0.0000,0.0000,0.0000,0.0000
nan,nan,nan,nan,nan,nan,nan,nan,nan,0.0000,0.0000,0.1333,nan,0.0000,0.0000,0.0000,0.0000,0.0000
nan,nan,nan,nan,nan,nan,nan,nan,nan,0.0000,0.0000,0.1333,nan,0.2000,0.0000,0.0000,0.0000,0.0667
nan,nan,nan,nan,nan,nan,nan,nan,nan,0.1667,0.0000,0.2667,nan,0.0000,0.0000,0.0000,0.0000,0.0667
nan,nan,nan,nan,nan,nan,nan,nan,nan,0.0000,0.0000,0.0667,nan,0.1000,0.0000,0.0000,0.0000,0.0667
nan,nan,nan,nan,nan,nan,nan,nan,nan,0.0000,0.0000,0.0000,nan,0.0000,0.1000,0.0000,0.0000,0.0000
nan,nan,nan,nan,nan,nan,nan,nan,nan,0.1667,0.0000,0.0667,nan,0.1000,0.0000,0.0000,0.3333,0.0000
nan,nan,nan,nan,nan,nan,nan,nan,nan,0.1667,0.0000,0.0667,nan,0.1000,0.0000,0.0000,0.0000,0.0667
nan,nan,nan,nan,nan,nan,nan,nan,nan,0.0000,0.0000,0.0000,nan,0.1000,0.0000,0.0000,0.0000,0.0000
nan,nan,nan,nan,nan,nan,nan,nan,nan,0.0000,0.0000,0.0667,nan,0.1000,0.1000,0.0000,0.0000,0.0000
nan,nan,nan,nan,nan,nan,nan,nan,nan,0.0000,0.0000,0.0667,nan,0.0000,0.0000,0.0000,0.0000,0.0000
nan,nan,nan,nan,nan,nan,nan,nan,nan,0.0000,0.0000,0.0000,nan,0.1000,0.0000,1.0000,0.0000,0.0667
nan,nan,nan,nan,nan,nan,nan,nan,nan,0.1667,1.0000,0.0000,nan,0.0000,0.0000,0.0000,0.0000,0.0000
nan,nan,nan,nan,nan,nan,nan,nan,nan,0.0000,0.0000,0.0667,nan,0.3000,0.0000,0.0000,0.0000,0.0000
nan,nan,nan,nan,nan,nan,nan,nan,nan,0.0000,0.0000,0.0000,nan,0.0000,0.1000,0.0000,0.0000,0.1333
nan,nan,nan,nan,nan,nan,nan,nan,nan,0.1667,0.0000,0.1333,nan,0.0000,0.1000,0.0000,0.0000,0.1333
nan,nan,nan,nan,nan,nan,nan,nan,nan,0.1667,0.0000,0.0667,nan,0.0000,0.2000,0.0000,0.0000,0.0667
nan,nan,nan,nan,nan,nan,nan,nan,nan,0.0000,0.0000,0.0667,nan,0.1000,0.1000,0.0000,0.0000,0.0000
nan,nan,nan,nan,nan,nan,nan,nan,nan,0.1667,0.0000,0.1333,nan,0.3000,0.1000,0.0000,0.0000,0.0000
nan,nan,nan,nan,nan,nan,nan,nan,nan,0.1667,0.0000,0.1333,nan,0.0000,0.1000,0.0000,0.0000,0.0667
nan,nan,nan,nan,nan,nan,nan,nan,nan,0.1667,0.0000,0.2000,nan,0.0000,0.1000,0.0000,0.0000,0.0667
nan,nan,nan,nan,nan,nan,nan,nan,nan,0.1667,0.0000,0.0000,nan,0.0000,0.0000,0.0000,0.0000,0.0667
nan,nan,nan,nan,nan,nan,nan,nan,nan,0.0000,0.0000,0.1333,nan,0.2000,0.1000,0.0000,0.0000,0.0000
nan,nan,nan,nan,nan,nan,nan,nan,nan,0.1667,0.0000,0.0667,nan,0.1000,0.1000,0.0000,0.3333,0.1333
nan,nan,nan,nan,nan,nan,nan,nan,nan,0.3333,0.0000,0.0667,nan,0.3000,0.0000,0.0000,0.0000,0.0667
nan,nan,nan,nan,nan,nan,nan,nan,nan,0.1667,0.0000,0.0667,nan,0.1000,0.0000,0.0000,0.0000,0.0667
nan,nan,nan,nan,nan,nan,nan,nan,nan,0.0000,0.0000,0.0667,nan,0.1000,0.2000,0.0000,0.0000,0.0667
nan,nan,nan,nan,nan,nan,nan,nan,nan,0.0000,0.0000,0.0667,nan,0.1000,0.1000,0.0000,0.0000,0.0667
nan,nan,nan,nan,nan,nan,nan,nan,nan,0.0000,0.0000,0.0667,nan,0.0000,0.0000,0.0000,0.0000,0.2000
nan,nan,nan,nan,nan,nan,nan,nan,nan,0.1667,0.0000,0.0667,nan,0.1000,0.0000,0.0000,0.3333,0.0000
nan,nan,nan,nan,nan,nan,nan,nan,nan,0.1667,0.0000,0.0000,nan,0.0000,0.1000,0.0000,0.0000,0.0667
nan,nan,nan,nan,nan,nan,nan,nan,nan,0.0000,0.0000,0.0667,nan,0.1000,0.1000,0.0000,0.0000,0.0667
nan,nan,nan,nan,nan,nan,nan,nan,nan,0.1667,0.0000,0.0000,nan,0.0000,0.0000,0.0000,0.0000,0.0667
nan,nan,nan,nan,nan,nan,nan,nan,nan,0.1667,0.0000,0.0000,nan,0.0000,0.1000,0.0000,0.3333,0.0000
nan,nan,nan,nan,nan,nan,nan,nan,nan,0.0000,0.0000,0.0000,nan,0.1000,0.0000,0.0000,0.0000,0.0000
nan,nan,nan,nan,nan,nan,nan,nan,nan,0.0000,0.0000,0.0667,nan,0.2000,0.0000,0.0000,0.0000,0.0000
nan,nan,nan,nan,nan,nan,nan,nan,nan,0.0000,0.0000,0.0667,nan,0.1000,0.1000,0.0000,0.0000,0.0000
nan,nan,nan,nan,nan,nan,nan,nan,nan,0.1667,0.0000,0.0667,nan,0.1000,0.0000,0.0000,0.0000,0.0667
nan,nan,nan,nan,nan,nan,nan,nan,nan,0.0000,0.0000,0.1333,nan,0.1000,0.0000,0.0000,0.0000,0.0000
nan,nan,nan,nan,nan,nan,nan,nan,nan,0.0000,0.0000,0.0000,nan,0.1000,0.1000,1.0000,0.0000,0.0000
nan,nan,nan,nan,nan,nan,nan,nan,nan,0.0000,0.0000,0.0667,nan,0.0000,0.0000,0.0000,0.0000,0.0667
nan,nan,nan,nan,nan,nan,nan,nan,nan,0.0000,0.0000,0.0000,nan,0.0000,0.0000,0.0000,0.0000,0.0667
nan,nan,nan,nan,nan,nan,nan,nan,nan,0.1667,0.0000,0.0667,nan,0.2000,0.0000,0.0000,0.0000,0.0000
nan,nan,nan,nan,nan,nan,nan,nan,nan,0.1667,0.0000,0.0667,nan,0.1000,0.0000,0.0000,0.0000,0.2000
nan,nan,nan,nan,nan,nan,nan,nan,nan,0.0000,0.0000,0.0667,nan,0.1000,0.0000,0.0000,0.0000,0.0000
nan,nan,nan,nan,nan,nan,nan,nan,nan,0.1667,0.0000,0.0667,nan,0.1000,0.0000,0.0000,0.0000,0.0667
nan,nan,nan,nan,nan,nan,nan,nan,nan,0.0000,0.0000,0.0667,nan,0.1000,0.0000,0.0000,0.0000,0.2000
nan,nan,nan,nan,nan,nan,nan,nan,nan,0.3333,0.0000,0.0000,nan,0.1000,0.0000,0.0000,0.0000,0.2000
nan,nan,nan,nan,nan,nan,nan,nan,nan,0.0000,0.0000,0.2000,nan,0.1000,0.0000,1.0000,0.0000,0.0000
nan,nan,nan,nan,nan,nan,nan,nan,nan,0.0000,0.0000,0.1333,nan,0.1000,0.0000,0.0000,0.0000,0.0667
nan,nan,nan,nan,nan,nan,nan,nan,nan,0.0000,0.0000,0.0667,nan,0.1000,0.0000,0.0000,0.0000,0.0667
nan,nan,nan,nan,nan,nan,nan,nan,nan,0.0000,0.0000,0.2000,nan,0.0000,0.0000,0.0000,0.0000,0.0000
nan,nan,nan,nan,nan,nan,nan,nan,nan,0.0000,0.0000,0.4000,nan,0.0000,0.0000,0.0000,0.3333,0.0000
nan,nan,nan,nan,nan,nan,nan,nan,nan,0.0000,0.0000,0.0667,nan,0.0000,0.0000,0.0000,0.0000,0.1333
nan,nan,nan,nan,nan,nan,nan,nan,nan,0.0000,0.0000,0.0667,nan,0.1000,0.1000,0.0000,0.0000,0.0667
nan,nan,nan,nan,nan,nan,nan,nan,nan,0.1667,0.0000,0.0000,nan,0.0000,0.1000,0.0000,0.0000,0.0000
nan,nan,nan,nan,nan,nan,nan,nan,nan,0.0000,0.0000,0.0000,nan,0.1000,0.0000,0.0000,0.0000,0.0667
nan,nan,nan,nan,nan,nan,nan,nan,nan,0.5000,0.0000,0.0667,nan,0.1000,0.0000,0.0000,0.0000,0.0000
nan,nan,nan,nan,nan,nan,nan,nan,nan,0.0000,0.0000,0.1333,nan,0.1000,0.0000,0.0000,0.0000,0.0667
nan,nan,nan,nan,nan,nan,nan,nan,nan,0.0000,0.0000,0.1333,nan,0.1000,0.1000,0.0000,0.0000,0.1333
nan,nan,nan,nan,nan,nan,nan,nan,nan,0.0000,0.0000,0.0000,nan,0.1000,0.0000,0.0000,0.0000,0.1333
nan,nan,nan,nan,nan,nan,nan,nan,nan,0.0000,0.0000,0.2667,nan,0.3000,0.2000,0.0000,0.3333,0.0000
nan,nan,nan,nan,nan,nan,nan,nan,nan,0.1667,0.0000,0.0667,nan,0.2000,0.0000,0.0000,0.0000,0.0000
nan,nan,nan,nan,nan,nan,nan,nan,nan,0.0000,0.0000,0.0667,nan,0.0000,0.1000,0.0000,0.0000,0.0000
nan,nan,nan,nan,nan,nan,nan,nan,nan,0.1667,0.0000,0.2000,nan,0.1000,0.1000,0.0000,0.0000,0.0000
nan,nan,nan,nan,nan,nan,nan,nan,nan,0.0000,0.0000,0.0667,nan,0.1000,0.2000,0.0000,0.0000,0.0000
nan,nan,nan,nan,nan,nan,nan,nan,nan,0.3333,0.0000,0.0667,nan,0.1000,0.0000,0.0000,0.0000,0.0000
nan,nan,nan,nan,nan,nan,nan,nan,nan,0.0000,0.0000,0.0000,nan,0.0000,0.0000,0.0000,0.3333,0.0667
nan,nan,nan,nan,nan,nan,nan,nan,nan,0.1667,0.0000,0.0000,nan,0.1000,0.1000,0.0000,0.0000,0.0000
nan,nan,nan,nan,nan,nan,nan,nan,nan,0.3333,0.0000,0.2000,nan,0.0000,0.0000,1.0000,0.0000,0.1333
nan,nan,nan,nan,nan,nan,nan,nan,nan,0.1667,0.0000,0.0000,nan,0.1000,0.2000,0.0000,0.0000,0.0667
nan,nan,nan,nan,nan,nan,nan,nan,nan,0.0000,0.0000,0.1333,nan,0.0000,0.1000,0.0000,0.0000,0.0667
nan,nan,nan,nan,nan,nan,nan,nan,nan,0.0000,0.0000,0.1333,nan,0.0000,0.0000,0.0000,0.0000,0.2000
nan,nan,nan,nan,nan,nan,nan,nan,nan,0.1667,0.0000,0.0000,nan,0.0000,0.2000,0.0000,0.0000,0.0000
nan,nan,nan,nan,nan,nan,nan,nan,nan,0.0000,0.0000,0.1333,nan,0.0000,0.1000,0.0000,0.0000,0.0000
nan,nan,nan,nan,nan,nan,nan,nan,nan,0.0000,0.0000,0.0667,nan,0.0000,0.0000,0.0000,0.0000,0.0000
nan,nan,nan,nan,nan,nan,nan,nan,nan,0.1667,0.0000,0.1333,nan,0.0000,0.0000,0.0000,0.0000,0.1333
nan,nan,nan,nan,nan,nan,nan,nan,nan,0.1667,0.0000,0.1333,nan,0.1000,0.1000,0.0000,0.0000,0.0667
nan,nan,nan,nan,nan,nan,nan,nan,nan,0.0000,0.0000,0.0000,nan,0.1000,0.0000,0.0000,0.0000,0.0000
nan,nan,nan,nan,nan,nan,nan,nan,nan,0.1667,0.0000,0.0667,nan,0.0000,0.0000,0.0000,0.0000,0.0000
nan,nan,nan,nan,nan,nan,nan,nan,nan,0.0000,0.0000,0.1333,nan,0.0000,0.0000,0.0000,0.3333,0.1333
nan,nan,nan,nan,nan,nan,nan,nan,nan,0.0000,0.0000,0.0000,nan,0.0000,0.0000,0.0000,0.0000,0.0667
nan,nan,nan,nan,nan,nan,nan,nan,nan,0.0000,0.0000,0.1333,nan,0.0000,0.1000,1.0000,0.0000,0.1333
nan,nan,nan,nan,nan,nan,nan,nan,nan,0.0000,0.0000,0.2000,nan,0.1000,0.2000,0.0000,0.0000,0.0000
nan,nan,nan,nan,nan,nan,nan,nan,nan,0.0000,0.0000,0.0667,nan,0.1000,0.0000,0.0000,0.3333,0.0000
nan,nan,nan,nan,nan,nan,nan,nan,nan,0.0000,0.0000,0.1333,nan,0.0000,0.1000,0.0000,0.0000,0.0667
nan,nan,nan,nan,nan,nan,nan,nan,nan,0.0000,0.0000,0.0000,nan,0.2000,0.0000,1.0000,0.0000,0.0000
nan,nan,nan,nan,nan,nan,nan,nan,nan,0.0000,0.0000,0.0000,nan,0.0000,0.0000,0.0000,0.0000,0.0667
nan,nan,nan,nan,nan,nan,nan,nan,nan,0.1667,0.0000,0.0667,nan,0.0000,0.0000,0.0000,0.3333,0.0000
nan,nan,nan,nan,nan,nan,nan,nan,nan,0.0000,0.0000,0.0667,nan,0.0000,0.0000,0.0000,0.0000,0.0667
nan,nan,nan,nan,nan,nan,nan,nan,nan,0.0000,0.0000,0.0667,nan,0.1000,0.1000,0.0000,0.3333,0.0000
nan,nan,nan,nan,nan,nan,nan,nan,nan,0.1667,0.0000,0.0667,nan,0.3000,0.1000,0.0000,0.0000,0.0667
nan,nan,nan,nan,nan,nan,nan,nan,nan,0.0000,0.0000,0.2000,nan,0.0000,0.0000,0.0000,0.0000,0.0000
nan,nan,nan,nan,nan,nan,nan,nan,nan,0.1667,0.0000,0.2667,nan,0.0000,0.0000,0.0000,0.0000,0.0000
nan,nan,nan,nan,nan,nan,nan,nan,nan,0.0000,0.0000,0.0667,nan,0.1000,0.1000,0.0000,0.0000,0.2000
nan,nan,nan,nan,nan,nan,nan,nan,nan,0.1667,0.0000,0.0667,nan,0.3000,0.0000,0.0000,0.0000,0.0000
nan,nan,nan,nan,nan,nan,nan,nan,nan,0.0000,0.0000,0.1333,nan,0.2000,0.0000,0.0000,0.0000,0.0667
nan,nan,nan,nan,nan,nan,nan,nan,nan,0.0000,0.0000,0.2000,nan,0.0000,0.2000,0.0000,0.3333,0.0000
nan,nan,nan,nan,nan,nan,nan,nan,nan,0.0000,0.0000,0.0667,nan,0.1000,0.0000,0.0000,0.0000,0.1333
nan,nan,nan,nan,nan,nan,nan,nan,nan,0.0000,0.0000,0.2667,nan,0.1000,0.1000,0.0000,0.0000,0.0667
nan,nan,nan,nan,nan,nan,nan,nan,nan,0.0000,0.0000,0.0000,nan,0.2000,0.3000,0.0000,0.3333,0.0667
nan,nan,nan,nan,nan,nan,nan,nan,nan,0.3333,0.0000,0.0000,nan,0.1000,0.0000,0.0000,0.0000,0.0000
nan,nan,nan,nan,nan,nan,nan,nan,nan,0.1667,0.0000,0.0667,nan,0.1000,0.0000,0.0000,0.0000,0.0667
nan,nan,nan,nan,nan,nan,nan,nan,nan,0.1667,0.0000,0.0667,nan,0.1000,0.0000,0.0000,0.0000,0.0000
nan,nan,nan,nan,nan,nan,nan,nan,nan,0.1667,0.0000,0.2000,nan,0.0000,0.0000,0.0000,0.0000,0.0000
nan,nan,nan,nan,nan,nan,nan,nan,nan,0.0000,0.0000,0.0667,nan,0.0000,0.3000,0.0000,0.0000,0.1333
nan,nan,nan,nan,nan,nan,nan,nan,nan,0.0000,0.0000,0.2667,nan,0.1000,0.0000,0.0000,0.0000,0.0000
nan,nan,nan,nan,nan,nan,nan,nan,nan,0.0000,0.0000,0.1333,nan,0.1000,0.1000,0.0000,0.0000,0.0667
nan,nan,nan,nan,nan,nan,nan,nan,nan,0.1667,0.0000,0.1333,nan,0.0000,0.0000,0.0000,0.0000,0.0667
nan,nan,nan,nan,nan,nan,nan,nan,nan,0.0000,0.0000,0.1333,nan,0.2000,0.0000,1.0000,0.0000,0.0000
nan,nan,nan,nan,nan,nan,nan,nan,nan,0.0000,0.0000,0.2000,nan,0.1000,0.2000,0.0000,0.0000,0.0667
nan,nan,nan,nan,nan,nan,nan,nan,nan,0.0000,0.0000,0.2000,nan,0.0000,0.0000,0.0000,0.0000,0.0667
nan,nan,nan,nan,nan,nan,nan,nan,nan,0.0000,0.0000,0.0667,nan,0.1000,0.0000,0.0000,0.3333,0.0667
nan,nan,nan,nan,nan,nan,nan,nan,nan,0.0000,0.0000,0.0000,nan,0.4000,0.1000,0.0000,0.3333,0.0000
nan,nan,nan,nan,nan,nan,nan,nan,nan,0.1667,0.0000,0.0667,nan,0.0000,0.0000,1.0000,0.0000,0.0667
nan,nan,nan,nan,nan,nan,nan,nan,nan,0.0000,0.0000,0.0667,nan,0.0000,0.0000,0.0000,0.0000,0.0667
nan,nan,nan,nan,nan,nan,nan,nan,nan,0.0000,0.0000,0.0667,nan,0.1000,0.0000,0.0000,0.0000,0.0667
nan,nan,nan,nan,nan,nan,nan,nan,nan,0.1667,0.0000,0.0667,nan,0.0000,0.1000,1.0000,0.0000,0.0000
nan,nan,nan,nan,nan,nan,nan,nan,nan,0.0000,0.0000,0.1333,nan,0.1000,0.0000,0.0000,0.0000,0.0000
nan,nan,nan,nan,nan,nan,nan,nan,nan,0.0000,0.0000,0.0667,nan,0.1000,0.0000,0.0000,0.0000,0.0000
nan,nan,nan,nan,nan,nan,nan,nan,nan,0.0000,0.0000,0.2667,nan,0.1000,0.0000,0.0000,0.3333,0.1333
nan,nan,nan,nan,nan,nan,nan,nan,nan,0.0000,0.0000,0.0000,nan,0.0000,0.0000,0.0000,0.0000,0.0000
nan,nan,nan,nan,nan,nan,nan,nan,nan,0.0000,0.0000,0.0667,nan,0.0000,0.1000,0.0000,0.0000,0.0667
nan,nan,nan,nan,nan,nan,nan,nan,nan,0.1667,0.0000,0.0667,nan,0.3000,0.1000,0.0000,0.0000,0.0000
nan,nan,nan,nan,nan,nan,nan,nan,nan,0.1667,0.0000,0.0667,nan,0.1000,0.0000,0.0000,0.0000,0.0000
nan,nan,nan,nan,nan,nan,nan,nan,nan,0.0000,0.0000,0.0000,nan,0.0000,0.0000,0.0000,0.3333,0.0667
nan,nan,nan,nan,nan,nan,nan,nan,nan,0.0000,0.0000,0.0667,nan,0.0000,0.0000,0.0000,0.0000,0.0000
nan,nan,nan,nan,nan,nan,nan,nan,nan,0.1667,0.0000,0.1333,nan,0.1000,0.0000,0.0000,0.0000,0.0000
nan,nan,nan,nan,nan,nan,nan,nan,nan,0.1667,0.0000,0.1333,nan,0.1000,0.3000,0.0000,0.0000,0.0667
nan,nan,nan,nan,nan,nan,nan,nan,nan,0.1667,0.0000,0.1333,nan,0.1000,0.1000,0.0000,0.0000,0.0000
nan,nan,nan,nan,nan,nan,nan,nan,nan,0.1667,0.0000,0.1333,nan,0.0000,0.1000,0.0000,0.0000,0.1333
nan,nan,nan,nan,nan,nan,nan,nan,nan,0.1667,0.0000,0.2000,nan,0.1000,0.3000,0.0000,0.0000,0.0667
nan,nan,nan,nan,nan,nan,nan,nan,nan,0.1667,0.0000,0.2000,nan,0.1000,0.1000,0.0000,0.0000,0.0000
nan,nan,nan,nan,nan,nan,nan,nan,nan,0.1667,0.0000,0.2000,nan,0.1000,0.1000,0.0000,0.0000,0.0000
nan,nan,nan,nan,nan,nan,nan,nan,nan,0.1667,0.0000,0.0667,nan,0.0000,0.1000,0.0000,0.0000,0.0667
nan,nan,nan,nan,nan,nan,nan,nan,nan,0.1667,0.0000,0.0667,nan,0.1000,0.2000,0.0000,0.0000,0.0667
nan,nan,nan,nan,nan,nan,nan,nan,nan,0.0000,0.0000,0.0667,nan,0.0000,0.2000,1.0000,0.0000,0.0667
nan,nan,nan,nan,nan,nan,nan,nan,nan,0.1667,0.0000,0.0000,nan,0.0000,0.0000,0.0000,0.3333,0.1333
nan,nan,nan,nan,nan,nan,nan,nan,nan,0.1667,0.0000,0.0000,nan,0.0000,0.1000,0.0000,0.0000,0.0667
nan,nan,nan,nan,nan,nan,nan,nan,nan,0.1667,0.0000,0.0667,nan,0.2000,0.0000,0.0000,0.0000,0.0667
nan,nan,nan,nan,nan,nan,nan,nan,nan,0.0000,0.0000,0.1333,nan,0.0000,0.0000,0.0000,0.0000,0.0000
nan,nan,nan,nan,nan,nan,nan,nan,nan,0.0000,0.0000,0.0667,nan,0.1000,0.0000,0.0000,0.0000,0.0000
nan,nan,nan,nan,nan,nan,nan,nan,nan,0.0000,0.0000,0.1333,nan,0.0000,0.1000,0.0000,0.0000,0.0667
nan,nan,nan,nan,nan,nan,nan,nan,nan,0.0000,0.0000,0.0000,nan,0.1000,0.1000,0.0000,0.3333,0.0667
nan,nan,nan,nan,nan,nan,nan,nan,nan,0.0000,0.0000,0.0000,nan,0.2000,0.2000,0.0000,0.0000,0.0667
nan,nan,nan,nan,nan,nan,nan,nan,nan,0.0000,0.0000,0.0000,nan,0.0000,0.1000,0.0000,0.0000,0.0667
nan,nan,nan,nan,nan,nan,nan,nan,nan,0.1667,0.0000,0.0667,nan,0.0000,0.1000,0.0000,0.3333,0.0667
nan,nan,nan,nan,nan,nan,nan,nan,nan,0.1667,0.0000,0.0000,nan,0.2000,0.0000,0.0000,0.0000,0.0667
nan,nan,nan,nan,nan,nan,nan,nan,nan,0.1667,0.0000,0.1333,nan,0.0000,0.1000,0.0000,0.0000,0.0000
nan,nan,nan,nan,nan,nan,nan,nan,nan,0.0000,0.0000,0.0667,nan,0.1000,0.2000,1.0000,0.0000,0.0667
nan,nan,nan,nan,nan,nan,nan,nan,nan,0.1667,0.0000,0.2667,nan,0.2000,0.1000,0.0000,0.0000,0.0000
nan,nan,nan,nan,nan,nan,nan,nan,nan,0.0000,0.0000,0.0667,nan,0.4000,0.1000,0.0000,0.0000,0.0667
nan,nan,nan,nan,nan,nan,nan,nan,nan,0.0000,0.0000,0.1333,nan,0.1000,0.1000,0.0000,0.0000,0.0000
nan,nan,nan,nan,nan,nan,nan,nan,nan,0.1667,0.0000,0.0000,nan,0.1000,0.1000,1.0000,0.3333,0.0000
nan,nan,nan,nan,nan,nan,nan,nan,nan,0.0000,0.0000,0.0000,nan,0.0000,0.1000,0.0000,0.0000,0.0667
nan,nan,nan,nan,nan,nan,nan,nan,nan,0.0000,0.0000,0.0667,nan,0.0000,0.1000,0.0000,0.0000,0.1333
nan,nan,nan,nan,nan,nan,nan,nan,nan,0.0000,0.0000,0.1333,nan,0.3000,0.1000,0.0000,0.3333,0.0000
nan,nan,nan,nan,nan,nan,nan,nan,nan,0.0000,0.0000,0.1333,nan,0.0000,0.1000,0.0000,0.0000,0.0000
nan,nan,nan,nan,nan,nan,nan,nan,nan,0.1667,0.0000,0.0000,nan,0.1000,0.3000,0.0000,0.0000,0.0667
nan,nan,nan,nan,nan,nan,nan,nan,nan,0.1667,0.0000,0.0667,nan,0.0000,0.1000,0.0000,0.0000,0.0667
nan,nan,nan,nan,nan,nan,nan,nan,nan,0.1667,0.0000,0.0667,nan,0.0000,0.1000,0.0000,0.0000,0.0000
nan,nan,nan,nan,nan,nan,nan,nan,nan,0.1667,0.0000,0.0667,nan,0.0000,0.1000,0.0000,0.0000,0.0667
nan,nan,nan,nan,nan,nan,nan,nan,nan,0.0000,0.0000,0.0667,nan,0.0000,0.1000,0.0000,0.0000,0.0667
nan,nan,nan,nan,nan,nan,nan,nan,nan,0.0000,0.0000,0.0000,nan,0.1000,0.1000,0.0000,0.0000,0.0000
nan,nan,nan,nan,nan,nan,nan,nan,nan,0.0000,0.0000,0.0000,nan,0.0000,0.2000,0.0000,0.0000,0.0000
nan,nan,nan,nan,nan,nan,nan,nan,nan,0.1667,0.0000,0.1333,nan,0.1000,0.0000,0.0000,0.0000,0.0667
nan,nan,nan,nan,nan,nan,nan,nan,nan,0.0000,0.0000,0.0667,nan,0.0000,0.0000,0.0000,0.6667,0.0000
nan,nan,nan,nan,nan,nan,nan,nan,nan,0.0000,0.0000,0.0000,nan,0.2000,0.0000,0.0000,0.0000,0.0000
nan,nan,nan,nan,nan,nan,nan,nan,nan,0.1667,0.0000,0.1333,nan,0.0000,0.3000,0.0000,0.0000,0.0000
nan,nan,nan,nan,nan,nan,nan,nan,nan,0.1667,0.0000,0.0667,nan,0.2000,0.4000,0.0000,0.0000,0.0000
nan,nan,nan,nan,nan,nan,nan,nan,nan,0.0000,0.0000,0.0000,nan,0.0000,0.1000,0.0000,0.0000,0.0000
nan,nan,nan,nan,nan,nan,nan,nan,nan,0.0000,0.0000,0.0000,nan,0.0000,0.0000,0.0000,0.3333,0.0000
nan,nan,nan,nan,nan,nan,nan,nan,nan,0.1667,0.0000,0.0667,nan,0.0000,0.1000,0.0000,0.3333,0.1333
nan,nan,nan,nan,nan,nan,nan,nan,nan,0.0000,0.0000,0.0667,nan,0.1000,0.0000,0.0000,0.3333,0.0667
nan,nan,nan,nan,nan,nan,nan,nan,nan,0.0000,0.0000,0.1333,nan,0.1000,0.0000,1.0000,0.0000,0.0000
nan,nan,nan,nan,nan,nan,nan,nan,nan,0.0000,0.0000,0.0667,nan,0.0000,0.0000,0.0000,0.3333,0.0000
nan,nan,nan,nan,nan,nan,nan,nan,nan,0.0000,0.0000,0.2000,nan,0.1000,0.1000,0.0000,0.0000,0.0000
nan,nan,nan,nan,nan,nan,nan,nan,nan,0.0000,0.0000,0.0667,nan,0.1000,0.0000,0.0000,0.0000,0.2000
nan,nan,nan,nan,nan,nan,nan,nan,nan,0.3333,0.0000,0.0000,nan,0.2000,0.2000,0.0000,0.0000,0.0667
nan,nan,nan,nan,nan,nan,nan,nan,nan,0.0000,0.0000,0.0667,nan,0.0000,0.0000,0.0000,0.0000,0.0667
nan,nan,nan,nan,nan,nan,nan,nan,nan,0.0000,0.0000,0.0667,nan,0.1000,0.1000,0.0000,0.0000,0.0000
nan,nan,nan,nan,nan,nan,nan,nan,nan,0.0000,0.0000,0.1333,nan,0.1000,0.1000,0.0000,0.0000,0.0000
nan,nan,nan,nan,nan,nan,nan,nan,nan,0.1667,0.0000,0.0667,nan,0.3000,0.0000,1.0000,0.0000,0.0667
nan,nan,nan,nan,nan,nan,nan,nan,nan,0.1667,0.0000,0.2000,nan,0.0000,0.0000,0.0000,0.0000,0.0000
nan,nan,nan,nan,nan,nan,nan,nan,nan,0.1667,0.0000,0.0000,nan,0.1000,0.0000,0.0000,0.0000,0.0000
nan,nan,nan,nan,nan,nan,nan,nan,nan,0.1667,0.0000,0.0667,nan,0.2000,0.1000,0.0000,0.0000,0.0000
nan,nan,nan,nan,nan,nan,nan,nan,nan,0.0000,0.0000,0.2000,nan,0.1000,0.2000,0.0000,0.3333,0.0000
nan,nan,nan,nan,nan,nan,nan,nan,nan,0.1667,0.0000,0.2000,nan,0.0000,0.0000,0.0000,0.0000,0.0667
nan,nan,nan,nan,nan,nan,nan,nan,nan,0.1667,0.0000,0.1333,nan,0.1000,0.0000,0.0000,0.0000,0.0667
nan,nan,nan,nan,nan,nan,nan,nan,nan,0.0000,0.0000,0.0000,nan,0.2000,0.0000,0.0000,0.0000,0.0000
nan,nan,nan,nan,nan,nan,nan,nan,nan,0.0000,0.0000,0.0667,nan,0.1000,0.0000,0.0000,0.0000,0.0000
nan,nan,nan,nan,nan,nan,nan,nan,nan,0.0000,0.0000,0.0667,nan,0.2000,0.1000,0.0000,0.0000,0.0667
nan,nan,nan,nan,nan,nan,nan,nan,nan,0.0000,0.0000,0.1333,nan,0.0000,0.0000,0.0000,0.0000,0.0667
nan,nan,nan,nan,nan,nan,nan,nan,nan,0.1667,0.0000,0.0000,nan,0.0000,0.1000,0.0000,0.3333,0.1333
nan,nan,nan,nan,nan,nan,nan,nan,nan,0.0000,0.0000,0.0667,nan,0.0000,0.0000,0.0000,0.3333,0.0000
nan,nan,nan,nan,nan,nan,nan,nan,nan,0.1667,0.0000,0.1333,nan,0.0000,0.1000,0.0000,0.0000,0.0000
nan,nan,nan,nan,nan,nan,nan,nan,nan,0.5000,0.0000,0.1333,nan,0.1000,0.2000,1.0000,0.0000,0.1333
nan,nan,nan,nan,nan,nan,nan,nan,nan,0.1667,0.0000,0.0000,nan,0.1000,0.0000,0.0000,0.6667,0.0000
nan,nan,nan,nan,nan,nan,nan,nan,nan,0.0000,0.0000,0.0000,nan,0.0000,0.1000,0.0000,0.0000,0.1333
nan,nan,nan,nan,nan,nan,nan,nan,nan,0.1667,0.0000,0.0667,nan,0.0000,0.1000,0.0000,0.0000,0.0667
nan,nan,nan,nan,nan,nan,nan,nan,nan,0.0000,0.0000,0.1333,nan,0.0000,0.1000,0.0000,0.0000,0.2000
nan,nan,nan,nan,nan,nan,nan,nan,nan,0.1667,0.0000,0.0000,nan,0.1000,0.0000,0.0000,0.3333,0.0667
nan,nan,nan,nan,nan,nan,nan,nan,nan,0.1667,0.0000,0.0667,nan,0.3000,0.0000,0.0000,0.0000,0.0000
nan,nan,nan,nan,nan,nan,nan,nan,nan,0.0000,0.0000,0.0667,nan,0.2000,0.0000,0.0000,0.0000,0.1333
nan,nan,nan,nan,nan,nan,nan,nan,nan,0.1667,0.0000,0.3333,nan,0.3000,0.0000,0.0000,0.0000,0.0000
nan,nan,nan,nan,nan,nan,nan,nan,nan,0.3333,0.0000,0.0667,nan,0.1000,0.1000,0.0000,0.0000,0.0667
nan,nan,nan,nan,nan,nan,nan,nan,nan,0.1667,0.0000,0.0000,nan,0.0000,0.1000,0.0000,0.0000,0.0000
nan,nan,nan,nan,nan,nan,nan,nan,nan,0.0000,0.0000,0.0000,nan,0.0000,0.0000,0.0000,0.3333,0.0000
nan,nan,nan,nan,nan,nan,nan,nan,nan,0.1667,0.0000,0.2000,nan,0.0000,0.0000,0.0000,0.0000,0.0000
nan,nan,nan,nan,nan,nan,nan,nan,nan,0.1667,0.0000,0.0000,nan,0.1000,0.3000,0.0000,0.0000,0.0000
nan,nan,nan,nan,nan,nan,nan,nan,nan,0.0000,0.0000,0.0000,nan,0.0000,0.0000,0.0000,0.0000,0.0000
nan,nan,nan,nan,nan,nan,nan,nan,nan,0.3333,0.0000,0.0667,nan,0.2000,0.1000,0.0000,0.0000,0.0667
nan,nan,nan,nan,nan,nan,nan,nan,nan,0.0000,0.0000,0.0667,nan,0.0000,0.2000,0.0000,0.0000,0.0000
nan,nan,nan,nan,nan,nan,nan,nan,nan,0.0000,0.0000,0.0667,nan,0.1000,0.0000,1.0000,0.0000,0.0667
nan,nan,nan,nan,nan,nan,nan,nan,nan,0.1667,0.0000,0.4000,nan,0.1000,0.1000,1.0000,0.3333,0.0667
nan,nan,nan,nan,nan,nan,nan,nan,nan,0.1667,0.0000,0.0000,nan,0.0000,0.1000,0.0000,0.0000,0.0000
nan,nan,nan,nan,nan,nan,nan,nan,nan,0.0000,0.0000,0.0667,nan,0.1000,0.0000,0.0000,0.3333,0.0000
nan,nan,nan,nan,nan,nan,nan,nan,nan,0.5000,0.0000,0.2000,nan,0.0000,0.0000,0.0000,0.0000,0.0667
nan,nan,nan,nan,nan,nan,nan,nan,nan,0.0000,0.0000,0.0667,nan,0.0000,0.0000,0.0000,0.0000,0.0000
nan,nan,nan,nan,nan,nan,nan,nan,nan,0.0000,0.0000,0.0000,nan,0.0000,0.1000,0.0000,0.6667,0.1333
nan,nan,nan,nan,nan,nan,nan,nan,nan,0.0000,0.0000,0.0000,nan,0.2000,0.0000,0.0000,0.0000,0.0667
nan,nan,nan,nan,nan,nan,nan,nan,nan,0.6667,0.0000,0.0667,nan,0.0000,0.1000,0.0000,0.0000,0.0000
nan,nan,nan,nan,nan,nan,nan,nan,nan,0.0000,0.0000,0.0667,nan,0.1000,0.0000,0.0000,0.0000,0.0000
nan,nan,nan,nan,nan,nan,nan,nan,nan,0.0000,0.0000,0.2000,nan,0.0000,0.3000,0.0000,0.0000,0.1333
nan,nan,nan,nan,nan,nan,nan,nan,nan,0.1667,0.0000,0.0667,nan,0.0000,0.0000,0.0000,0.0000,0.0000
nan,nan,nan,nan,nan,nan,nan,nan,nan,0.3333,0.0000,0.0667,nan,0.0000,0.1000,0.0000,0.0000,0.0000
nan,nan,nan,nan,nan,nan,nan,nan,nan,0.1667,0.0000,0.1333,nan,0.2000,0.0000,0.0000,0.0000,0.0667
nan,nan,nan,nan,nan,nan,nan,nan,nan,0.0000,0.0000,0.2000,nan,0.0000,0.0000,0.0000,0.0000,0.0667
nan,nan,nan,nan,nan,nan,nan,nan,nan,0.1667,0.0000,0.0000,nan,0.1000,0.1000,0.0000,0.0000,0.0667
nan,nan,nan,nan,nan,nan,nan,nan,nan,0.1667,0.0000,0.0000,nan,0.1000,0.1000,0.0000,0.0000,0.0000
nan,nan,nan,nan,nan,nan,nan,nan,nan,0.0000,0.0000,0.1333,nan,0.1000,0.2000,0.0000,0.0000,0.0667
nan,nan,nan,nan,nan,nan,nan,nan,nan,0.0000,0.0000,0.0667,nan,0.1000,0.1000,0.0000,0.0000,0.0000
nan,nan,nan,nan,nan,nan,nan,nan,nan,0.1667,0.0000,0.1333,nan,0.1000,0.0000,0.0000,0.0000,0.1333
nan,nan,nan,nan,nan,nan,nan,nan,nan,0.1667,0.0000,0.0000,nan,0.1000,0.0000,0.0000,0.0000,0.0667
nan,nan,nan,nan,nan,nan,nan,nan,nan,0.1667,0.0000,0.0667,nan,0.0000,0.0000,0.0000,0.0000,0.0000
nan,nan,nan,nan,nan,nan,nan,nan,nan,0.0000,0.0000,0.0000,nan,0.0000,0.0000,0.0000,0.0000,0.0667
nan,nan,nan,nan,nan,nan,nan,nan,nan,0.0000,0.0000,0.0000,nan,0.0000,0.0000,0.0000,0.0000,0.0667
nan,nan,nan,nan,nan,nan,nan,nan,nan,0.0000,0.0000,0.0667,nan,0.1000,0.0000,0.0000,0.0000,0.0667
nan,nan,nan,nan,nan,nan,nan,nan,nan,0.1667,0.0000,0.2000,nan,0.2000,0.2000,0.0000,0.0000,0.0000
nan,nan,nan,nan,nan,nan,nan,nan,nan,0.0000,0.0000,0.2000,nan,0.1000,0.1000,0.0000,0.0000,0.1333
nan,nan,nan,nan,nan,nan,nan,nan,nan,0.1667,0.0000,0.0000,nan,0.2000,0.0000,0.0000,0.3333,0.0000
nan,nan,nan,nan,nan,nan,nan,nan,nan,0.0000,0.0000,0.0000,nan,0.0000,0.0000,0.0000,0.0000,0.0000
nan,nan,nan,nan,nan,nan,nan,nan,nan,0.0000,0.0000,0.0667,nan,0.1000,0.2000,0.0000,0.0000,0.0000
nan,nan,nan,nan,nan,nan,nan,nan,nan,0.0000,0.0000,0.2000,nan,0.1000,0.2000,0.0000,0.0000,0.0000
nan,nan,nan,nan,nan,nan,nan,nan,nan,0.0000,0.0000,0.1333,nan,0.0000,0.0000,0.0000,0.0000,0.0667
nan,nan,nan,nan,nan,nan,nan,nan,nan,0.1667,0.0000,0.0667,nan,0.0000,0.0000,0.0000,0.0000,0.0000
nan,nan,nan,nan,nan,nan,nan,nan,nan,0.1667,0.0000,0.0667,nan,0.2000,0.0000,0.0000,0.0000,0.0000
nan,nan,nan,nan,nan,nan,nan,nan,nan,0.0000,0.0000,0.2000,nan,0.1000,0.1000,0.0000,0.0000,0.2000
nan,nan,nan,nan,nan,nan,nan,nan,nan,0.0000,0.0000,0.1333,nan,0.1000,0.0000,0.0000,0.0000,0.0000
nan,nan,nan,nan,nan,nan,nan,nan,nan,0.3333,0.0000,0.0667,nan,0.3000,0.1000,0.0000,0.0000,0.0667
nan,nan,nan,nan,nan,nan,nan,nan,nan,0.0000,0.0000,0.0000,nan,0.1000,0.1000,0.0000,0.0000,0.0000
nan,nan,nan,nan,nan,nan,nan,nan,nan,0.1667,0.0000,0.0667,nan,0.2000,0.3000,0.0000,0.3333,0.0000
nan,nan,nan,nan,nan,nan,nan,nan,nan,0.0000,0.0000,0.0667,nan,0.1000,0.0000,0.0000,0.0000,0.0000
nan,nan,nan,nan,nan,nan,nan,nan,nan,0.1667,0.0000,0.2000,nan,0.0000,0.1000,0.0000,0.0000,0.0000
nan,nan,nan,nan,nan,nan,nan,nan,nan,0.0000,0.0000,0.3333,nan,0.0000,0.1000,0.0000,0.0000,0.0000
nan,nan,nan,nan,nan,nan,nan,nan,nan,0.1667,0.0000,0.0000,nan,0.1000,0.3000,0.0000,0.0000,0.0000
nan,nan,nan,nan,nan,nan,nan,nan,nan,0.0000,0.0000,0.1333,nan,0.1000,0.0000,0.0000,0.3333,0.0000
nan,nan,nan,nan,nan,nan,nan,nan,nan,0.1667,0.0000,0.0667,nan,0.0000,0.0000,0.0000,0.0000,0.0000
nan,nan,nan,nan,nan,nan,nan,nan,nan,0.0000,0.0000,0.2000,nan,0.3000,0.0000,0.0000,0.0000,0.0000
nan,nan,nan,nan,nan,nan,nan,nan,nan,0.0000,0.0000,0.0667,nan,0.1000,0.0000,0.0000,0.0000,0.0667
nan,nan,nan,nan,nan,nan,nan,nan,nan,0.0000,0.0000,0.0667,nan,0.1000,0.1000,0.0000,0.0000,0.0667
nan,nan,nan,nan,nan,nan,nan,nan,nan,0.1667,0.0000,0.0000,nan,0.1000,0.1000,0.0000,0.0000,0.0000
nan,nan,nan,nan,nan,nan,nan,nan,nan,0.0000,0.0000,0.0667,nan,0.0000,0.0000,0.0000,0.0000,0.0667
nan,nan,nan,nan,nan,nan,nan,nan,nan,0.0000,0.0000,0.0000,nan,0.1000,0.1000,0.0000,0.0000,0.0000
nan,nan,nan,nan,nan,nan,nan,nan,nan,0.0000,0.0000,0.1333,nan,0.1000,0.3000,0.0000,0.0000,0.0000
nan,nan,nan,nan,nan,nan,nan,nan,nan,0.1667,0.0000,0.0667,nan,0.0000,0.1000,0.0000,0.0000,0.0667
nan,nan,nan,nan,nan,nan,nan,nan,nan,0.1667,0.0000,0.0000,nan,0.0000,0.1000,0.0000,0.0000,0.0000
nan,nan,nan,nan,nan,nan,nan,nan,nan,0.0000,0.0000,0.0000,nan,0.0000,0.3000,0.0000,0.0000,0.0000
nan,nan,nan,nan,nan,nan,nan,nan,nan,0.0000,0.0000,0.0667,nan,0.1000,0.0000,0.0000,0.0000,0.0667
nan,nan,nan,nan,nan,nan,nan,nan,nan,0.0000,0.0000,0.0667,nan,0.1000,0.0000,0.0000,0.0000,0.0667
nan,nan,nan,nan,nan,nan,nan,nan,nan,0.0000,0.0000,0.0000,nan,0.0000,0.1000,0.0000,0.0000,0.2000
nan,nan,nan,nan,nan,nan,nan,nan,nan,0.0000,0.0000,0.0667,nan,0.1000,0.1000,0.0000,0.0000,0.0000
nan,nan,nan,nan,nan,nan,nan,nan,nan,0.0000,0.0000,0.0667,nan,0.0000,0.0000,0.0000,0.0000,0.0000
nan,nan,nan,nan,nan,nan,nan,nan,nan,0.0000,0.0000,0.0000,nan,0.0000,0.1000,0.0000,0.0000,0.1333
nan,nan,nan,nan,nan,nan,nan,nan,nan,0.1667,0.0000,0.1333,nan,0.1000,0.1000,0.0000,0.0000,0.0667
nan,nan,nan,nan,nan,nan,nan,nan,nan,0.0000,0.0000,0.0000,nan,0.0000,0.0000,0.0000,0.0000,0.1333
nan,nan,nan,nan,nan,nan,nan,nan,nan,0.1667,0.0000,0.0667,nan,0.1000,0.1000,0.0000,0.0000,0.0667
nan,nan,nan,nan,nan,nan,nan,nan,nan,0.1667,0.0000,0.0667,nan,0.0000,0.0000,0.0000,0.0000,0.0000
nan,nan,nan,nan,nan,nan,nan,nan,nan,0.1667,0.0000,0.1333,nan,0.4000,0.0000,0.0000,0.0000,0.0667
nan,nan,nan,nan,nan,nan,nan,nan,nan,0.3333,0.0000,0.0667,nan,0.1000,0.0000,0.0000,0.0000,0.0667
nan,nan,nan,nan,nan,nan,nan,nan,nan,0.0000,0.0000,0.0000,nan,0.0000,0.3000,0.0000,0.0000,0.0667
nan,nan,nan,nan,nan,nan,nan,nan,nan,0.0000,0.0000,0.0667,nan,0.0000,0.1000,0.0000,0.0000,0.1333
nan,nan,nan,nan,nan,nan,nan,nan,nan,0.0000,0.0000,0.0000,nan,0.0000,0.1000,0.0000,0.0000,0.0667
nan,nan,nan,nan,nan,nan,nan,nan,nan,0.1667,0.0000,0.0000,nan,0.3000,0.1000,0.0000,0.0000,0.0667
nan,nan,nan,nan,nan,nan,nan,nan,nan,0.0000,0.0000,0.0667,nan,0.1000,0.0000,0.0000,0.0000,0.0667
nan,nan,nan,nan,nan,nan,nan,nan,nan,0.0000,0.0000,0.0000,nan,0.1000,0.1000,0.0000,0.0000,0.0667
nan,nan,nan,nan,nan,nan,nan,nan,nan,0.0000,0.0000,0.0667,nan,0.1000,0.1000,0.0000,0.3333,0.0000
nan,nan,nan,nan,nan,nan,nan,nan,nan,0.0000,0.0000,0.0667,nan,0.0000,0.0000,1.0000,0.0000,0.0000
nan,nan,nan,nan,nan,nan,nan,nan,nan,0.3333,0.0000,0.0667,nan,0.0000,0.0000,0.0000,0.0000,0.0000
nan,nan,nan,nan,nan,nan,nan,nan,nan,0.1667,0.0000,0.0667,nan,0.0000,0.0000,0.0000,0.0000,0.0667
nan,nan,nan,nan,nan,nan,nan,nan,nan,0.0000,0.0000,0.0667,nan,0.0000,0.1000,0.0000,0.0000,0.0000
nan,nan,nan,nan,nan,nan,nan,nan,nan,0.0000,0.0000,0.4667,nan,0.1000,0.1000,0.0000,0.0000,0.1333
nan,nan,nan,nan,nan,nan,nan,nan,nan,0.0000,0.0000,0.0667,nan,0.0000,0.0000,0.0000,0.0000,0.0000
nan,nan,nan,nan,nan,nan,nan,nan,nan,0.0000,0.0000,0.0667,nan,0.1000,0.0000,0.0000,0.0000,0.0667
nan,nan,nan,nan,nan,nan,nan,nan,nan,0.1667,0.0000,0.0000,nan,0.1000,0.0000,0.0000,0.0000,0.2000
nan,nan,nan,nan,nan,nan,nan,nan,nan,0.5000,0.0000,0.0667,nan,0.1000,0.1000,0.0000,0.0000,0.0000
nan,nan,nan,nan,nan,nan,nan,nan,nan,0.0000,0.0000,0.0667,nan,0.0000,0.2000,0.0000,0.0000,0.0000
nan,nan,nan,nan,nan,nan,nan,nan,nan,0.5000,0.0000,0.2667,nan,0.0000,0.0000,0.0000,0.3333,0.0000
nan,nan,nan,nan,nan,nan,nan,nan,nan,0.1667,0.0000,0.0667,nan,0.0000,0.0000,0.0000,0.3333,0.0000
nan,nan,nan,nan,nan,nan,nan,nan,nan,0.0000,0.0000,0.0667,nan,0.1000,0.3000,0.0000,0.0000,0.0667
nan,nan,nan,nan,nan,nan,nan,nan,nan,0.0000,0.0000,0.0000,nan,0.0000,0.1000,0.0000,0.0000,0.0667
nan,nan,nan,nan,nan,nan,nan,nan,nan,0.0000,0.0000,0.0667,nan,0.2000,0.3000,0.0000,0.3333,0.0000
nan,nan,nan,nan,nan,nan,nan,nan,nan,0.0000,0.0000,0.0667,nan,0.0000,0.0000,0.0000,0.3333,0.0667
nan,nan,nan,nan,nan,nan,nan,nan,nan,0.1667,0.0000,0.0000,nan,0.1000,0.1000,0.0000,0.0000,0.0667
nan,nan,nan,nan,nan,nan,nan,nan,nan,0.0000,0.0000,0.0667,nan,0.0000,0.1000,0.0000,0.0000,0.0667
nan,nan,nan,nan,nan,nan,nan,nan,nan,0.0000,0.0000,0.0667,nan,0.1000,0.1000,0.0000,0.0000,0.0667
nan,nan,nan,nan,nan,nan,nan,nan,nan,0.1667,0.0000,0.0667,nan,0.1000,0.1000,0.0000,0.0000,0.1333
nan,nan,nan,nan,nan,nan,nan,nan,nan,0.0000,0.0000,0.1333,nan,0.1000,0.0000,0.0000,0.0000,0.0667
nan,nan,nan,nan,nan,nan,nan,nan,nan,0.0000,0.0000,0.2000,nan,0.0000,0.0000,0.0000,0.0000,0.0000
nan,nan,nan,nan,nan,nan,nan,nan,nan,0.1667,0.0000,0.0000,nan,0.1000,0.1000,0.0000,0.0000,0.0667
nan,nan,nan,nan,nan,nan,nan,nan,nan,0.0000,0.0000,0.0667,nan,0.1000,0.1000,0.0000,0.0000,0.0000
nan,nan,nan,nan,nan,nan,nan,nan,nan,0.1667,0.0000,0.0667,nan,0.1000,0.0000,0.0000,0.0000,0.0000
nan,nan,nan,nan,nan,nan,nan,nan,nan,0.0000,0.0000,0.0667,nan,0.0000,0.0000,0.0000,0.0000,0.0000
nan,nan,nan,nan,nan,nan,nan,nan,nan,0.0000,0.0000,0.1333,nan,0.2000,0.1000,0.0000,0.0000,0.0667
nan,nan,nan,nan,nan,nan,nan,nan,nan,0.1667,0.0000,0.0667,nan,0.0000,0.1000,0.0000,0.0000,0.0667
nan,nan,nan,nan,nan,nan,nan,nan,nan,0.1667,0.0000,0.0667,nan,0.1000,0.1000,0.0000,0.0000,0.0667
nan,nan,nan,nan,nan,nan,nan,nan,nan,0.0000,0.0000,0.0000,nan,0.0000,0.0000,0.0000,0.3333,0.1333
nan,nan,nan,nan,nan,nan,nan,nan,nan,0.0000,0.0000,0.2000,nan,0.0000,0.0000,0.0000,0.3333,0.0000
nan,nan,nan,nan,nan,nan,nan,nan,nan,0.0000,0.0000,0.1333,nan,0.1000,0.1000,0.0000,0.0000,0.0000
nan,nan,nan,nan,nan,nan,nan,nan,nan,0.5000,0.0000,0.0667,nan,0.2000,0.1000,1.0000,0.0000,0.0667
nan,nan,nan,nan,nan,nan,nan,nan,nan,0.0000,0.0000,0.0000,nan,0.1000,0.2000,0.0000,0.0000,0.1333
nan,nan,nan,nan,nan,nan,nan,nan,nan,0.1667,0.0000,0.0667,nan,0.0000,0.0000,0.0000,0.0000,0.0667
nan,nan,nan,nan,nan,nan,nan,nan,nan,0.0000,0.0000,0.0667,nan,0.0000,0.1000,0.0000,0.0000,0.0000
nan,nan,nan,nan,nan,nan,nan,nan,nan,0.1667,0.0000,0.0667,nan,0.0000,0.1000,0.0000,0.3333,0.0667
nan,nan,nan,nan,nan,nan,nan,nan,nan,0.0000,0.0000,0.1333,nan,0.0000,0.0000,0.0000,0.0000,0.0667
nan,nan,nan,nan,nan,nan,nan,nan,nan,0.0000,0.0000,0.0667,nan,0.0000,0.1000,0.0000,0.0000,0.0667
nan,nan,nan,nan,nan,nan,nan,nan,nan,0.5000,0.0000,0.0667,nan,0.3000,0.1000,0.0000,0.0000,0.0000
nan,nan,nan,nan,nan,nan,nan,nan,nan,0.0000,0.0000,0.0000,nan,0.1000,0.0000,0.0000,0.0000,0.1333
nan,nan,nan,nan,nan,nan,nan,nan,nan,0.0000,0.0000,0.0667,nan,0.2000,0.1000,1.0000,0.0000,0.0000
nan,nan,nan,nan,nan,nan,nan,nan,nan,0.0000,0.0000,0.0667,nan,0.0000,0.0000,0.0000,0.0000,0.0000
nan,nan,nan,nan,nan,nan,nan,nan,nan,0.1667,0.0000,0.0000,nan,0.0000,0.1000,0.0000,0.3333,0.0000
nan,nan,nan,nan,nan,nan,nan,nan,nan,0.1667,0.0000,0.2667,nan,0.0000,0.0000,0.0000,0.0000,0.0667
nan,nan,nan,nan,nan,nan,nan,nan,nan,0.0000,0.0000,0.0667,nan,0.0000,0.0000,0.0000,0.0000,0.1333
nan,nan,nan,nan,nan,nan,nan,nan,nan,0.0000,0.0000,0.1333,nan,0.1000,0.0000,0.0000,0.0000,0.0000
nan,nan,nan,nan,nan,nan,nan,nan,nan,0.0000,0.0000,0.0667,nan,0.0000,0.1000,0.0000,0.0000,0.0000
nan,nan,nan,nan,nan,nan,nan,nan,nan,0.0000,0.0000,0.2000,nan,0.1000,0.0000,0.0000,0.0000,0.0000
nan,nan,nan,nan,nan,nan,nan,nan,nan,0.0000,0.0000,0.0667,nan,0.0000,0.1000,0.0000,0.0000,0.1333
nan,nan,nan,nan,nan,nan,nan,nan,nan,0.0000,0.0000,0.0000,nan,0.0000,0.1000,0.0000,0.0000,0.0000
nan,nan,nan,nan,nan,nan,nan,nan,nan,0.0000,0.0000,0.1333,nan,0.0000,0.1000,0.0000,0.0000,0.0667
nan,nan,nan,nan,nan,nan,nan,nan,nan,0.1667,0.0000,0.0667,nan,0.0000,0.1000,0.0000,0.0000,0.1333
nan,nan,nan,nan,nan,nan,nan,nan,nan,0.0000,0.0000,0.0667,nan,0.0000,0.1000,0.0000,0.3333,0.0667
nan,nan,nan,nan,nan,nan,nan,nan,nan,0.0000,0.0000,0.2000,nan,0.0000,0.0000,0.0000,0.3333,0.0667
nan,nan,nan,nan,nan,nan,nan,nan,nan,0.1667,0.0000,0.1333,nan,0.0000,0.0000,1.0000,0.0000,0.0667
nan,nan,nan,nan,nan,nan,nan,nan,nan,0.1667,0.0000,0.0667,nan,0.0000,0.1000,0.0000,0.0000,0.0000
nan,nan,nan,nan,nan,nan,nan,nan,nan,0.0000,0.0000,0.0000,nan,0.0000,0.0000,0.0000,0.3333,0.0667
nan,nan,nan,nan,nan,nan,nan,nan,nan,0.0000,0.0000,0.0667,nan,0.1000,0.1000,0.0000,0.0000,0.1333
nan,nan,nan,nan,nan,nan,nan,nan,nan,0.0000,0.0000,0.0000,nan,0.0000,0.2000,0.0000,0.0000,0.0667
nan,nan,nan,nan,nan,nan,nan,nan,nan,0.0000,0.0000,0.0000,nan,0.1000,0.0000,0.0000,0.0000,0.0000
nan,nan,nan,nan,nan,nan,nan,nan,nan,0.0000,0.0000,0.0000,nan,0.1000,0.0000,0.0000,0.0000,0.1333
nan,nan,nan,nan,nan,nan,nan,nan,nan,0.0000,0.0000,0.0000,nan,0.1000,0.1000,0.0000,0.0000,0.0000
nan,nan,nan,nan,nan,nan,nan,nan,nan,0.0000,0.0000,0.2000,nan,0.2000,0.1000,0.0000,0.0000,0.0000
nan,nan,nan,nan,nan,nan,nan,nan,nan,0.1667,0.0000,0.1333,nan,0.1000,0.1000,0.0000,0.0000,0.0000
nan,nan,nan,nan,nan,nan,nan,nan,nan,0.0000,0.0000,0.0000,nan,0.0000,0.4000,0.0000,0.0000,0.0000
nan,nan,nan,nan,nan,nan,nan,nan,nan,0.0000,0.0000,0.0667,nan,0.1000,0.0000,0.0000,0.0000,0.0667
nan,nan,nan,nan,nan,nan,nan,nan,nan,0.0000,0.0000,0.0667,nan,0.1000,0.0000,0.0000,0.3333,0.0000
nan,nan,nan,nan,nan,nan,nan,nan,nan,0.0000,0.0000,0.2000,nan,0.0000,0.3000,0.0000,0.3333,0.0667
nan,nan,nan,nan,nan,nan,nan,nan,nan,0.5000,0.0000,0.0667,nan,0.0000,0.0000,0.0000,0.0000,0.0667
nan,nan,nan,nan,nan,nan,nan,nan,nan,0.1667,0.0000,0.0667,nan,0.1000,0.1000,0.0000,0.0000,0.0667
nan,nan,nan,nan,nan,nan,nan,nan,nan,0.1667,0.0000,0.0000,nan,0.0000,0.1000,0.0000,0.0000,0.0000
nan,nan,nan,nan,nan,nan,nan,nan,nan,0.0000,0.0000,0.4000,nan,0.0000,0.1000,0.0000,0.0000,0.0667
nan,nan,nan,nan,nan,nan,nan,nan,nan,0.1667,0.0000,0.0667,nan,0.0000,0.0000,0.0000,0.0000,0.0000
nan,nan,nan,nan,nan,nan,nan,nan,nan,0.1667,0.0000,0.0000,nan,0.0000,0.0000,0.0000,0.0000,0.0000
nan,nan,nan,nan,nan,nan,nan,nan,nan,0.0000,0.0000,0.2000,nan,0.0000,0.1000,0.0000,0.0000,0.0000
nan,nan,nan,nan,nan,nan,nan,nan,nan,0.1667,0.0000,0.0667,nan,0.1000,0.1000,0.0000,0.0000,0.0000
nan,nan,nan,nan,nan,nan,nan,nan,nan,0.1667,0.0000,0.0667,nan,0.0000,0.1000,0.0000,0.0000,0.0000
nan,nan,nan,nan,nan,nan,nan,nan,nan,0.0000,0.0000,0.1333,nan,0.0000,0.1000,0.0000,0.0000,0.0000
nan,nan,nan,nan,nan,nan,nan,nan,nan,0.0000,0.0000,0.0667,nan,0.0000,0.1000,0.0000,0.0000,0.0000
nan,nan,nan,nan,nan,nan,nan,nan,nan,0.0000,0.0000,0.0667,nan,0.1000,0.0000,0.0000,0.3333,0.0000
nan,nan,nan,nan,nan,nan,nan,nan,nan,0.0000,0.0000,0.0667,nan,0.0000,0.0000,0.0000,0.0000,0.0000
nan,nan,nan,nan,nan,nan,nan,nan,nan,0.0000,0.0000,0.0000,nan,0.0000,0.0000,0.0000,0.0000,0.0000
nan,nan,nan,nan,nan,nan,nan,nan,nan,0.0000,0.0000,0.2000,nan,0.0000,0.1000,0.0000,0.0000,0.0667
nan,nan,nan,nan,nan,nan,nan,nan,nan,0.0000,0.0000,0.0000,nan,0.0000,0.2000,0.0000,0.0000,0.0000
nan,nan,nan,nan,nan,nan,nan,nan,nan,0.0000,0.0000,0.0667,nan,0.0000,0.1000,0.0000,0.3333,0.0000
nan,nan,nan,nan,nan,nan,nan,nan,nan,0.5000,0.0000,0.0000,nan,0.1000,0.0000,0.0000,0.3333,0.0000
nan,nan,nan,nan,nan,nan,nan,nan,nan,0.0000,0.0000,0.0667,nan,0.0000,0.0000,0.0000,0.0000,0.0667
nan,nan,nan,nan,nan,nan,nan,nan,nan,0.1667,0.0000,0.0667,nan,0.3000,0.0000,0.0000,0.0000,0.0667
nan,nan,nan,nan,nan,nan,nan,nan,nan,0.1667,0.0000,0.0667,nan,0.1000,0.0000,0.0000,0.0000,0.0667
nan,nan,nan,nan,nan,nan,nan,nan,nan,0.1667,0.0000,0.2667,nan,0.0000,0.0000,0.0000,0.0000,0.0000
nan,nan,nan,nan,nan,nan,nan,nan,nan,0.1667,0.0000,0.0667,nan,0.0000,0.1000,0.0000,0.0000,0.0667
nan,nan,nan,nan,nan,nan,nan,nan,nan,0.0000,0.0000,0.0667,nan,0.1000,0.1000,0.0000,0.0000,0.0667
nan,nan,nan,nan,nan,nan,nan,nan,nan,0.5000,0.0000,0.1333,nan,0.0000,0.0000,1.0000,0.0000,0.0667
nan,nan,nan,nan,nan,nan,nan,nan,nan,0.1667,0.0000,0.0667,nan,0.0000,0.1000,0.0000,0.0000,0.0667
